index,rec_price_m,city,bathrooms,height,state,type,year,floor,max_floor,area,views,dist,cur_price_m,rating
0,464760,1.0,1,2.8,1,1.0,2010,9,12,78.0,33.0,5.423343429818449,400000.0,0
1,803900,2.0,1,2.8,1,1.0,1984,4,5,114.0,158.0,3.8136314395968047,675438.5964912281,0
2,464760,1.0,1,2.8,1,1.0,2010,9,12,78.0,34.0,5.423343429818449,400000.0,0
3,803900,2.0,1,2.8,1,1.0,1984,4,5,114.0,158.0,3.8136314395968047,675438.5964912281,0
4,464760,1.0,1,2.8,1,1.0,2010,9,12,78.0,36.0,5.423343429818449,400000.0,0
5,803900,2.0,1,2.8,1,1.0,1984,4,5,114.0,159.0,3.8136314395968047,675438.5964912281,0
6,464760,1.0,1,2.8,1,1.0,2010,9,12,78.0,36.0,5.423343429818449,400000.0,0
7,670390,2.0,1,2.0,4,2.0,2024,4,5,6.0,247.0,6.8628421498616134,4350000.0,0
8,725440,2.0,1,2.0,3,2.0,2012,5,14,76.0,56.0,3.2513850152389496,750000.0,0
9,610750,1.0,1,3.2,3,4.0,2022,4,7,65.0,101.0,4.030388800600337,853846.1538461539,0
10,799460,1.0,2,2.0,3,1.0,2022,1,10,5.0,186.0,1.6235514409949232,15000000.0,0
11,887550,2.0,1,2.8,4,1.0,1985,5,5,4.0,291.0,5.254537825946726,16500000.0,0
12,655500,2.0,1,2.8,3,2.0,2022,3,12,9.0,232.0,2.2950488303720715,4555555.555555556,0
13,758900,1.0,1,2.0,3,2.0,2021,5,8,45.0,102.0,4.920836626027782,911111.1111111111,0
14,643500,1.0,1,2.7,3,1.0,2020,3,11,78.0,373.0,6.043978349746057,512820.5128205128,0
15,511910,1.0,1,2.0,3,1.0,2000,7,12,3.0,3.0,5.009391813961556,7000000.0,0
16,660870,1.0,2,2.7,1,1.0,2023,9,10,5.0,252.0,6.43207365868241,7300000.0,0
17,616540,2.0,1,2.7,4,3.0,1966,2,4,59.0,91.0,1.9173954545502712,711864.406779661,0
18,575460,2.0,1,2.8,4,2.0,2012,3,5,44.0,152.0,6.67179526700451,613636.3636363636,0
19,446950,1.0,2,2.0,3,2.0,2008,3,15,3.0,159.0,4.152686699986115,38333333.333333336,0
20,803340,1.0,2,2.7,4,2.0,2021,3,12,102.0,241.0,4.248365529872005,843137.2549019608,0
21,903580,2.0,2,2.0,4,2.0,2020,10,12,100.0,178.0,3.6339092851349224,1090000.0,0
22,645840,2.0,1,2.8,1,2.0,2007,9,9,50.0,9.0,7.649281068644243,550000.0,0
23,624360,2.0,1,2.7,4,3.0,1965,1,4,58.0,199.0,3.2852128382965993,672413.7931034482,0
24,650040,1.0,1,2.0,3,1.0,2025,6,9,1.0,165.0,2.9422609156116386,29700000.0,0
25,541420,2.0,1,2.7,3,2.0,2024,7,9,7.0,128.0,14.137441298233792,3271428.5714285714,0
26,983290,2.0,1,2.0,3,2.0,2026,5,7,5.0,135.0,10.91004373589024,7940000.0,0
27,677720,1.0,1,2.0,4,2.0,2025,2,10,38.0,191.0,7.459922385237505,763157.8684210526,0
28,636890,2.0,1,2.5,3,4.0,1968,1,4,4.0,132.0,2.2661366495689865,7375000.0,0
29,631660,2.0,1,2.7,3,2.0,2024,4,12,51.0,120.0,5.812788803207171,960784.3137254902,0
30,589560,1.0,1,2.0,4,1.0,2023,3,12,37.0,125.0,5.035409069182451,783783.7837837838,0
31,805430,1.0,1,2.0,4,2.0,2025,3,9,65.0,270.0,2.9840136335040754,718461.5384615385,0
32,574310,2.0,1,2.7,3,2.0,2025,4,9,53.0,129.0,14.137441298233792,566037.7358490566,0
33,540370,1.0,1,2.0,3,2.0,2014,4,12,2.0,252.0,6.170254751877936,9000000.0,0
34,480630,1.0,2,2.0,4,2.0,2011,12,22,145.0,189.0,3.145805338017462,420000.0,0
35,907500,2.0,1,2.8,1,1.0,1988,1,5,8.0,200.0,2.679500758191701,6875000.0,0
36,802020,1.0,1,2.7,3,2.0,2026,9,9,9.0,206.0,5.870575340460531,3222222.222222222,0
37,559780,1.0,1,2.0,3,2.0,2010,3,15,7.0,20.0,1.3493362346167355,5071428.571428572,0
38,743210,1.0,1,2.7,4,2.0,2025,14,17,4.0,63.0,5.074575327059167,7500000.0,0
39,804160,2.0,1,2.5,1,3.0,1975,1,4,8.0,67.0,4.124269325130227,5487500.0,0
40,726980,1.0,1,2.7,4,2.0,2023,4,9,43.0,105.0,7.483136266075519,709302.3255813953,0
41,748470,2.0,2,2.8,1,2.0,2012,12,16,131.0,264.0,7.08243570630174,404580.1526717557,0
42,618040,1.0,1,2.0,3,2.0,2025,5,13,8.0,113.0,3.8377957168516943,2687500.0,0
43,634420,1.0,1,2.0,3,2.0,2021,2,9,80.0,16.0,6.886681866288722,662500.0,0
44,607630,2.0,1,2.8,1,2.0,2006,9,9,2.0,117.0,4.140630772411558,16999999.5,0
45,823360,1.0,2,2.0,4,2.0,2020,10,12,120.0,169.0,5.556963709757407,625000.0,0
46,608630,1.0,1,2.0,3,1.0,2026,7,9,43.0,289.0,4.983181261963713,546511.6279069767,0
47,805430,1.0,1,2.0,3,2.0,2025,13,16,66.0,119.0,4.491194138978968,666666.6666666666,0
48,631660,2.0,1,2.0,3,2.0,2024,12,12,51.0,167.0,5.229322934763038,558823.5294117647,0
49,575260,1.0,1,2.8,1,2.0,2020,4,12,40.0,312.0,6.398532243534722,475000.0,0
50,550440,2.0,1,2.6,4,2.0,2012,3,9,4.0,167.0,4.904616325337657,11875000.0,0
51,902020,2.0,2,2.0,5,2.0,2026,4,14,74.0,42.0,2.3176428392079473,850000.0,0
52,633280,2.0,1,2.0,3,2.0,2025,6,6,55.0,88.0,6.115455033955579,676363.6363636364,0
53,694880,2.0,1,2.7,3,2.0,2026,5,9,4.0,225.0,7.8962565852118,5625000.0,0
54,580150,1.0,1,2.0,1,1.0,2021,7,9,7.0,31.0,3.515165747043851,4285712.857142857,0
55,416460,15.0,1,2.0,4,1.0,2018,115,0,,,2.6398481615250518,,0
56,659920,1.0,1,2.7,3,2.0,2021,19,22,38.0,51.0,2.1049005873995963,723684.2105263158,0
57,886210,2.0,1,2.0,4,2.0,2022,13,20,2.0,182.0,4.2944968271133765,25000000.0,0
58,475650,2.0,2,2.7,4,2.0,2024,1,9,91.0,276.0,8.18746228282816,593406.5824175824,0
59,475650,2.0,2,2.7,4,2.0,2024,1,9,91.0,279.0,8.18746228282816,593406.5824175824,0
60,864170,2.0,1,2.0,4,2.0,2025,9,9,44.0,50.0,3.0365478393922847,1238636.3636363635,0
61,669420,2.0,1,2.0,3,2.0,2026,6,9,5.0,317.0,8.457061149086588,4400000.0,0
62,693100,2.0,1,2.7,3,2.0,2025,9,9,4.0,104.0,7.775475435425871,4500000.0,0
63,633280,2.0,1,2.7,3,2.0,2025,3,6,45.0,100.0,6.253558808778572,722222.2222222222,0
64,797240,1.0,1,3.2,3,2.0,2025,6,11,31.0,63.0,2.9014818543434884,1222580.6451612904,0
65,971690,2.0,1,2.7,3,2.0,2017,6,10,9.0,218.0,7.36376476448895,3666666.6666666665,0
66,611540,1.0,1,2.7,4,3.0,2018,14,17,6.0,25.0,4.586217270243687,5416666.666666667,0
67,693100,2.0,1,2.7,3,2.0,2025,9,9,4.0,104.0,7.775475435425871,4500000.0,0
68,633280,2.0,1,2.7,3,2.0,2025,3,6,45.0,100.0,6.253558808778572,722222.2222222222,0
69,797240,1.0,1,3.2,3,2.0,2025,6,11,31.0,63.0,2.9014818543434884,1222580.6451612904,0
70,971690,2.0,1,2.7,3,2.0,2017,6,10,9.0,218.0,7.36376476448895,3666666.6666666665,0
71,685720,2.0,1,2.75,1,2.0,2022,2,3,4.0,149.0,5.487152913799203,4750000.0,0
72,828250,2.0,2,2.8,4,2.0,2023,1,9,90.0,211.0,1.6968127269535276,688888.8888888889,0
73,483800,1.0,1,2.0,4,1.0,2013,4,10,7.0,146.0,5.878373898451527,5642857.142857143,0
74,906220,2.0,2,2.0,4,2.0,2022,1,16,6.0,211.0,1.5700607142444574,14583333.333333334,0
75,694880,2.0,1,2.7,3,2.0,2026,1,9,40.0,42.0,7.94484973690646,550000.0,0
76,646950,2.0,1,2.7,4,2.0,2023,3,10,71.0,85.0,8.001451413895682,477464.78873239434,0
77,718680,1.0,1,2.7,3,2.0,2022,6,9,5.0,17.0,7.359372126356599,6600000.0,0
78,607120,1.0,1,2.0,3,2.0,2022,11,12,37.0,62.0,5.1771614261103736,675675.6756756756,0
79,657130,2.0,1,2.7,1,3.0,1985,5,5,45.0,145.0,9.983854893546914,688666.6666666666,0
80,652560,1.0,2,2.0,3,1.0,2000,2,12,80.0,84.0,1.9684415293412982,775000.0,0
81,880850,2.0,1,2.7,3,2.0,2023,15,17,1.0,225.0,3.291354926658195,45000000.0,0
82,646950,2.0,1,2.7,3,2.0,2024,8,10,52.0,101.0,8.150831724385002,644230.7692307692,0
83,668160,1.0,1,3.7,3,1.0,2020,1,7,44.0,219.0,6.999258443137625,542727.2727272727,0
84,659220,2.0,1,2.0,3,1.0,1966,2,2,7.0,41.0,4.173724895226715,3857142.8571428573,0
85,758900,1.0,1,2.0,3,2.0,2021,12,16,5.0,25.0,0.18334052505337886,8600000.0,0
86,787170,1.0,1,2.72,4,2.0,2023,2,9,75.0,302.0,2.283677506951689,580000.0,0
87,846910,2.0,1,2.8,3,2.0,2024,10,13,70.0,310.0,1.45752701150976,627142.8571428572,0
88,891080,2.0,1,2.0,3,2.0,2025,6,13,1.0,15.0,1.3206956679138344,30500000.0,0
89,638080,2.0,1,2.8,3,2.0,1990,5,5,55.0,301.0,6.614041627886305,672727.2727272727,0
90,938520,2.0,1,2.7,4,2.0,2025,3,17,5.0,233.0,2.9915499873183875,9300000.0,0
91,933800,1.0,2,2.0,4,2.0,2023,7,8,140.0,42.0,2.1544342155478176,1035714.2857142857,0
92,611540,1.0,1,2.7,4,3.0,2018,14,17,6.0,25.0,4.586217270243687,5416666.666666667,0
93,693100,2.0,1,2.7,3,2.0,2025,9,9,4.0,104.0,7.775475435425871,4500000.0,0
94,731230,2.0,2,2.8,1,2.0,2012,15,18,78.0,170.0,0.1528932156222405,564102.5641025641,0
95,500640,3.0,1,2.0,3,1.0,2025,3,9,5.0,522.0,2.4223401404626177,6519000.0,0
96,360710,4.0,1,2.5,4,1.0,1982,2,5,36.0,281.0,7.354448169528652,311111.1111111111,0
97,398160,5.0,1,2.0,3,1.0,2011,1,5,70.0,1376.0,1.104844767946351,300000.0,0
98,713900,2.0,1,2.7,3,2.0,2019,8,9,76.0,28.0,7.782844399838475,559210.5263157894,0
99,649270,1.0,1,2.0,3,2.0,2020,9,12,40.0,0.0,3.035734890795696,650000.0,0
100,644640,2.0,1,2.7,1,3.0,1972,4,4,7.0,138.0,4.073245484048114,3814285.714285714,0
101,628770,1.0,1,2.7,3,3.0,2020,2,16,50.0,93.0,4.423800676651299,690000.0,0
102,903580,2.0,1,2.85,1,2.0,2020,4,16,96.0,323.0,1.6096622636747429,895833.3333333334,0
103,501990,2.0,1,2.0,3,2.0,2025,3,6,3.0,153.0,8.212683585209877,8000000.0,0
104,944140,2.0,2,2.8,1,2.0,2015,7,12,8.0,42.0,4.6238622485013625,13625000.0,0
105,926580,2.0,1,2.95,1,2.0,2015,9,18,8.0,133.0,4.294909850769185,8125000.0,0
106,682640,2.0,1,2.7,4,2.0,2021,2,10,70.0,91.0,10.74406363881993,541428.5714285715,0
107,408010,6.0,1,2.0,4,1.0,2026,8,9,46.0,0.0,0.7729607976939099,456521.73913043475,0
108,526550,2.0,1,2.55,4,2.0,2010,6,9,5.0,162.0,4.74814929392138,6799800.0,0
109,553130,2.0,1,2.8,2,1.0,1976,1,3,5.0,250.0,7.779975084646435,6000000.0,0
110,592480,1.0,1,2.8,1,2.0,2015,12,13,45.0,94.0,5.238177012025289,611111.1111111111,0
111,893050,2.0,1,2.0,4,2.0,2024,9,12,81.0,35.0,4.17560888137173,1616049.3827160494,0
112,457840,1.0,1,2.7,1,1.0,1989,1,2,4.0,104.0,5.8323224927717305,7000000.0,0
113,685720,2.0,1,2.7,4,2.0,2024,5,9,29.0,107.0,8.11221692868847,948275.8620689656,0
114,632920,2.0,1,2.9,4,2.0,2016,8,10,62.0,35.0,8.429071685436435,677419.3548387097,0
115,915810,2.0,1,2.0,1,1.0,1960,3,3,33.0,4633.0,5.8191732706832715,690909.0909090909,0
116,551830,1.0,2,2.0,3,2.0,2023,14,17,130.0,244.0,4.234329903597493,1076923.076923077,0
117,707390,2.0,1,2.0,3,1.0,1982,1,5,4.0,296.0,5.477572999493929,8250000.0,0
118,631660,2.0,1,2.7,4,2.0,2024,6,7,49.0,88.0,4.861375819191044,673469.387755102,0
119,582420,2.0,1,2.7,4,1.0,1979,1,3,58.0,11.0,12.789091348262936,560344.8275862068,0
120,348850,7.0,1,2.0,1,1.0,1972,2,5,9.0,88.0,3.1789254258835675,1777777.7777777778,0
121,556470,2.0,1,2.8,3,2.0,2008,8,10,98.0,296.0,4.100300845195485,530612.2448979592,0
122,799460,1.0,2,2.0,3,1.0,2022,10,10,98.0,31.0,3.1943368251739277,714285.7142857143,0
123,860330,2.0,1,2.5,1,3.0,1964,5,5,24.0,222.0,0.9697445026625724,812500.0,0
124,552160,2.0,1,2.0,3,1.0,1965,1,3,42.0,233.0,14.536081125317816,642857.1428571428,0
125,552120,2.0,1,2.8,1,2.0,2017,2,5,8.0,177.0,7.159556703645955,7500000.0,0
126,891080,2.0,1,2.0,3,2.0,2025,1,9,43.0,138.0,3.0571320182468624,965116.2790697674,0
127,881380,2.0,1,2.0,3,2.0,2023,4,16,1.0,175.0,1.5519978899986238,40400000.0,0
128,655280,2.0,1,2.8,3,2.0,2017,5,10,40.0,278.0,7.887455158218946,762500.0,0
129,964560,2.0,1,2.8,4,4.0,2025,1,10,2.0,171.0,1.7451426519713538,20000000.0,0
130,647410,2.0,1,2.0,3,3.0,1963,1,4,4.0,73.0,2.9494798879969335,6875000.0,0
131,798660,1.0,2,2.7,4,2.0,2020,2,9,72.0,14.0,3.167455766743258,722222.2222222222,0
132,655950,1.0,1,3.3,5,1.0,2026,4,6,35.0,196.0,6.058701901205857,1171428.5714285714,0
133,894150,2.0,1,2.0,3,2.0,2024,12,13,7.0,214.0,1.3887317307093023,8285714.285714285,0
134,740910,1.0,1,2.0,3,2.0,2025,11,12,65.0,96.0,3.800280992728245,669230.7692307692,0
135,646950,2.0,1,2.0,3,2.0,2023,3,10,47.0,85.0,8.400936980369796,585106.3829787234,0
136,608010,1.0,1,2.0,4,2.0,2023,4,12,40.0,24.0,4.784237521917161,775000.0,0
137,462850,1.0,1,2.0,3,4.0,1985,5,5,35.0,308.0,4.595092595683332,414285.71428571426,0
138,493480,2.0,1,2.7,4,2.0,2021,8,8,6.0,262.0,6.036470925211653,4750000.0,0
139,476950,1.0,1,2.7,4,1.0,2012,2,6,78.0,2341.0,5.989834697521462,448717.9487179487,0
140,997820,2.0,1,2.7,4,2.0,2023,8,13,6.0,35.0,2.013966468508103,5583333.333333333,0
141,589560,1.0,1,2.7,3,1.0,2023,4,4,4.0,93.0,8.838531193180861,2825000.0,0
142,747410,2.0,1,2.8,1,2.0,2011,9,10,3.0,109.0,2.014633988490151,27433333.333333332,0
143,666990,2.0,1,2.0,3,2.0,2025,5,12,1.0,172.0,5.017196969320959,24000000.0,0
144,879740,2.0,1,2.85,4,2.0,2024,3,6,8.0,311.0,11.084761482286014,9625000.0,0
145,871530,2.0,1,2.8,1,2.0,2021,2,13,37.0,139.0,2.008782778272734,918918.9189189189,0
146,755470,2.0,2,2.7,3,2.0,2017,16,17,84.0,115.0,3.047332949652241,892857.1428571428,0
147,901160,2.0,1,2.0,1,2.0,2021,11,14,64.0,269.0,5.487711924166999,1404687.5,0
148,961640,2.0,2,2.0,4,2.0,2025,7,8,82.0,231.0,8.564752559247216,1036585.3658536585,0
149,715810,1.0,1,2.0,3,4.0,2025,2,17,44.0,265.0,3.497339433192051,750000.0,0
150,747720,1.0,1,2.7,4,2.0,2026,7,9,42.0,293.0,4.183566434855389,619047.619047619,0
151,618040,1.0,1,3.15,3,2.0,2025,14,18,8.0,238.0,3.0472176870201477,5437500.0,0
152,596570,1.0,1,2.8,3,1.0,2025,2,5,5.0,257.0,10.055313713480476,1960000.0,0
153,667810,2.0,1,2.9,3,2.0,2026,2,4,42.0,294.0,15.027761718737494,630952.380952381,0
154,609340,2.0,1,2.7,1,4.0,2015,2,5,55.0,264.0,14.803700678760041,563636.3636363636,0
155,702940,2.0,1,2.7,1,2.0,2019,2,12,7.0,65.0,4.650397955354121,4000000.0,0
156,615890,1.0,1,2.0,3,4.0,2023,13,14,93.0,126.0,4.70634199224889,451612.89247311826,0
157,669420,2.0,1,2.7,3,2.0,2026,5,9,4.0,260.0,7.134158206640769,8700000.0,0
158,633280,2.0,1,2.7,4,2.0,2025,1,12,9.0,237.0,6.207572908350211,3888888.888888889,0
159,408570,6.0,1,2.0,3,1.0,2024,3,5,170.0,1651.0,1.8432759418811016,352941.17647058825,0
160,562670,1.0,1,2.0,3,4.0,2019,12,13,36.0,0.0,4.372627894952466,500000.0,0
161,486820,1.0,1,2.0,3,2.0,2007,6,9,39.0,15.0,7.334340425063729,448717.9487179487,0
162,562170,2.0,2,2.7,4,2.0,2018,9,9,88.0,221.0,4.775907904209092,511363.63636363635,0
163,872360,2.0,1,2.0,3,2.0,2005,9,9,51.0,245.0,3.6806861982459784,760784.3137254902,0
164,631660,2.0,1,2.75,3,2.0,2024,2,3,2.0,90.0,6.866426593726868,12250000.0,0
165,630550,2.0,1,2.8,1,2.0,2019,13,14,56.0,160.0,4.724755856121376,669642.8571428572,0
166,713240,2.0,1,2.0,4,2.0,2025,8,12,5.0,20.0,6.274976869292441,9800000.0,0
167,631280,2.0,1,2.7,4,2.0,2025,2,6,93.0,199.0,6.085396135247704,1021505.376344086,0
168,687970,2.0,1,2.7,4,3.0,1978,3,5,1.0,214.0,1.2695206158002235,39500000.0,0
169,467510,1.0,1,2.7,1,1.0,2008,1,9,6.0,65.0,4.585157595919665,7333333.333333333,0
170,517170,1.0,1,2.7,1,1.0,2014,7,9,28.0,203.0,6.771370422932559,625000.0,0
171,638660,2.0,1,2.7,1,1.0,1989,3,5,33.0,27.0,14.888688392233837,621212.1212121212,0
172,488730,1.0,1,2.7,3,2.0,2007,6,12,75.0,248.0,4.7660035857389005,440000.0,0
173,683170,1.0,1,2.0,3,2.0,2026,5,12,6.0,65.0,5.709359977843119,4083333.3333333335,0
174,631660,2.0,1,2.75,4,2.0,2024,4,6,3.0,284.0,4.7916181834642675,13833333.333333334,0
175,638290,1.0,1,2.0,3,1.0,2024,3,9,5.0,64.0,3.2114274850567255,11520000.0,0
176,666990,2.0,1,2.0,3,2.0,2025,5,6,45.0,235.0,4.892831649344808,577777.7777777778,0
177,861870,1.0,2,2.0,3,2.0,2026,2,9,27.0,128.0,3.1038285627934608,2055555.5555555555,0
178,697970,1.0,1,2.7,1,2.0,2018,9,24,4.0,45.0,2.7316551157435986,8625000.0,0
179,562900,1.0,2,2.75,1,2.0,2014,2,24,65.0,254.0,4.001223487869701,546153.8461538461,0
180,880850,2.0,1,2.7,5,2.0,2023,6,18,9.0,15.0,2.786625295539052,4722222.222222222,0
181,660870,1.0,2,2.7,3,1.0,2023,2,4,68.0,226.0,8.990391835473698,257352.9411764706,0
182,424390,1.0,1,2.7,1,3.0,1991,5,6,58.0,43.0,8.18668621663486,431034.4827586207,0
183,600740,2.0,1,2.0,4,1.0,1992,2,3,4.0,125.0,3.111992627010317,5875000.0,0
184,947910,2.0,1,2.8,3,2.0,2017,12,12,55.0,177.0,1.5129625759514986,1054545.4545454546,0
185,588510,1.0,1,2.7,3,1.0,2023,9,9,5.0,56.0,6.409982615260979,9200000.0,0
186,801130,1.0,2,3.3,4,2.0,2024,9,9,65.0,28.0,1.21292665645168,1153846.1538461538,0
187,474640,1.0,1,2.7,1,2.0,2009,15,16,7.0,116.0,4.931223184048529,4571428.571428572,0
188,756500,2.0,1,2.0,2,3.0,1978,5,5,44.0,93.0,1.993699560951843,795454.5454545454,0
189,633280,2.0,1,2.0,5,2.0,2025,3,5,50.0,30.0,10.455792616707036,516000.0,0
190,646390,1.0,1,2.7,4,1.0,2016,10,10,66.0,101.0,3.960070460743284,583333.3333333334,0
191,872360,2.0,1,2.74,3,2.0,2023,6,17,73.0,195.0,3.2226600234182294,780821.9178082192,0
192,649300,2.0,1,2.8,3,3.0,1986,4,5,65.0,206.0,8.394910142718762,861538.4615384615,0
193,592920,2.0,1,2.7,3,2.0,2019,4,5,60.0,311.0,8.718064189703973,591666.6666666666,0
194,861870,1.0,1,2.0,3,2.0,2026,7,9,94.0,57.0,4.496037853975485,462765.9574468085,0
195,489910,1.0,1,2.7,3,1.0,2011,11,13,86.0,256.0,4.052658191910169,447674.4186046512,0
196,684450,2.0,1,2.8,4,2.0,2015,12,16,132.0,266.0,7.08243570630174,424242.42424242425,0
197,631280,2.0,1,2.8,3,2.0,2025,12,12,71.0,125.0,5.987894179117492,598591.5492957747,0
198,903150,2.0,1,2.0,4,2.0,2023,8,20,76.0,314.0,5.368101048555511,1184210.5263157894,0
199,886020,2.0,1,2.0,4,1.0,1967,5,5,92.0,181.0,5.258648159538956,1380434.7826086956,0
200,814340,1.0,1,2.0,3,2.0,2022,3,9,93.0,168.0,4.990196348156676,751612.9032258064,0
201,461330,1.0,1,2.7,1,1.0,2008,11,14,53.0,61.0,8.359030879622562,377358.4905660377,0
202,521010,2.0,1,2.8,3,2.0,2014,5,7,33.0,68.0,7.612890667919681,636060.6060606061,0
203,415090,10.0,1,2.0,3,2.0,2026,58,6758,,,1.920745471031599,,0
204,817420,1.0,2,2.0,3,2.0,2027,22,2406,,,2.543188811185658,,0
205,861870,1.0,2,2.0,3,2.0,2026,36,4459,,,5.372548245476796,,0
206,577430,1.0,2,2.0,3,2.0,2026,47,1491,,,4.886904127624854,,0
207,600590,1.0,1,2.0,3,1.0,2026,59,2390,,,3.4959706230895957,,0
208,543710,5.0,1,2.0,3,2.0,2026,68,4605,,,2.9322964861134584,,0
209,828000,8.0,2,2.0,3,2.0,2025,22,4770,,,2.5321431788823268,,0
210,650040,1.0,1,2.0,4,1.0,2025,4,9,1.0,2281.0,3.265257307844878,25500000.0,0
211,592480,1.0,1,2.7,1,2.0,2015,9,9,40.0,197.0,3.6712297804120424,537500.0,0
212,379840,4.0,1,2.0,3,3.0,1981,5,5,69.0,302.0,5.340834560975297,362318.84057971014,0
213,648980,2.0,1,2.0,3,4.0,2022,1,4,2.0,363.0,7.130492851434802,34000000.0,0
214,398050,8.0,1,2.0,3,1.0,1993,5,5,75.0,119.0,5.707454013311754,373333.3333333333,0
215,346250,7.0,1,2.0,3,1.0,1967,3,5,62.0,1102.0,0.7606565226304659,266129.03225806454,0
216,438900,9.0,1,2.5,4,1.0,1978,7,9,3.0,1645.0,2.3624274651119963,6000000.0,0
217,769460,1.0,1,3.3,3,1.0,2025,10,12,123.0,44.0,5.669361863579717,746341.4634146341,0
218,797240,1.0,1,2.75,2,2.0,2025,7,9,32.0,241.0,7.852794087703082,765625.0,0
219,592230,2.0,1,2.8,3,2.0,2006,8,9,92.0,242.0,7.598025947793935,603260.8695652174,0
220,476660,1.0,1,2.8,1,2.0,2012,8,14,77.0,20.0,5.291538567963754,467532.4675324675,0
221,399860,1.0,2,2.7,4,1.0,2016,10,11,140.0,313.0,5.862548387221864,328571.4285714286,0
222,646950,2.0,1,2.85,3,2.0,2026,6,7,8.0,113.0,2.686498398751964,5125000.0,0
223,891240,2.0,1,2.0,3,2.0,2026,6,6,56.0,160.0,13.11136296654184,973214.2857142857,0
224,738140,1.0,1,2.0,4,2.0,2024,4,22,1.0,148.0,2.645482616217102,34500000.0,0
225,951360,2.0,2,2.0,1,1.0,1985,5,5,77.0,232.0,5.7838020599681945,740259.7402597403,0
226,709170,2.0,1,2.8,1,3.0,1996,3,5,57.0,19.0,0.6524152824911145,789473.6842105263,0
227,583850,1.0,1,2.7,4,1.0,2020,1,4,2.0,168.0,9.299065432904282,9750000.0,0
228,802020,1.0,1,2.0,3,2.0,2026,8,9,35.0,109.0,2.5734155802162473,871428.5714285715,0
229,667430,1.0,2,2.0,4,1.0,2024,6,12,86.0,269.0,6.7473505660051325,645348.8372093023,0
230,635550,2.0,1,2.8,1,2.0,2012,16,16,58.0,252.0,7.028560852012778,413793.1034482759,0
231,552160,2.0,1,2.0,3,1.0,1965,1,3,42.0,233.0,14.536081125317816,642857.1428571428,0
232,628000,2.0,1,2.75,3,4.0,1960,1,1,57.0,303.0,7.955609033581982,526315.7894736842,0
233,679590,1.0,1,2.7,1,2.0,2017,1,9,48.0,212.0,1.2781740178279684,687500.0,0
234,441300,3.0,1,2.5,1,1.0,1964,4,4,3.0,99.0,1.8843790813464318,5933333.333333333,0
235,550080,1.0,2,2.8,1,2.0,2007,4,9,107.0,57.0,0.18790005119745465,457943.92523364484,0
236,860330,2.0,1,2.7,1,3.0,1963,1,4,34.0,971.0,2.3863866754949865,838235.2941176471,0
237,737560,1.0,1,2.7,3,2.0,2026,12,16,39.0,265.0,4.508995634680193,528205.1282051282,0
238,766090,2.0,1,2.0,1,2.0,2019,10,12,98.0,132.0,4.109369967687948,897959.1836734693,0
239,605510,2.0,1,2.7,3,2.0,2023,7,7,70.0,39.0,4.861375819191044,550000.0,0
240,521010,2.0,1,2.8,3,2.0,2014,1,7,42.0,215.0,7.58930452345341,511904.7619047619,0
241,667430,1.0,2,2.0,3,1.0,2024,6,9,85.0,272.0,3.273882163773784,741176.4705882353,0
242,747720,1.0,1,2.0,3,2.0,2026,8,17,46.0,221.0,4.183566434855389,880434.7826086957,0
243,633280,2.0,1,2.0,4,2.0,2025,6,6,56.0,290.0,6.133035449410366,794464.2857142857,0
244,748470,2.0,1,2.8,3,2.0,2012,11,16,6.0,261.0,7.05338712426314,7500000.0,0
245,682640,2.0,1,2.7,4,2.0,2021,6,9,4.0,107.0,10.091763940534378,9500000.0,0
246,650040,1.0,1,2.0,3,1.0,2025,7,9,67.0,250.0,3.0344796536282757,641641.7910447761,0
247,702940,2.0,1,2.64,1,2.0,2019,3,12,2.0,219.0,4.610586447851085,12750000.0,0
248,646950,2.0,1,2.0,4,2.0,2024,2,3,5.0,136.0,7.704757783627324,10100000.0,0
249,693100,2.0,1,2.0,3,2.0,2025,3,9,30.0,164.0,8.369660711681066,733333.3333333334,0
250,805430,1.0,2,2.0,3,2.0,2025,9,12,78.0,92.0,6.359840953338588,640897.4358974359,0
251,718880,2.0,1,2.0,3,3.0,1975,1,5,16.0,132.0,5.405939294371004,2937500.0,0
252,503440,1.0,1,2.7,1,2.0,2010,3,18,5.0,371.0,3.7904038351224805,3900000.0,0
253,638370,1.0,1,2.7,3,3.0,2018,6,9,38.0,58.0,4.423800676651299,618421.052631579,0
254,461100,1.0,1,2.7,3,1.0,2007,9,9,5.0,24.0,4.128983918511727,9600000.0,0
255,671520,2.0,1,2.0,3,4.0,2023,3,3,8.0,239.0,6.906753614700395,2625000.0,0
256,650040,1.0,1,2.0,3,1.0,2025,12,12,55.0,235.0,6.752738102102132,436363.63636363635,0
257,664070,2.0,1,2.7,3,3.0,1995,1,5,81.0,80.0,1.2628699861450579,740740.7407407408,0
258,889960,2.0,1,2.8,1,3.0,1972,7,8,40.0,167.0,6.552116849107156,750000.0,0
259,884280,2.0,1,2.0,3,2.0,2024,1,13,7.0,288.0,1.5079178612600481,5500000.0,0
260,670390,2.0,1,2.0,4,2.0,2024,4,5,6.0,247.0,6.8628421498616134,4350000.0,0
261,967530,2.0,2,2.0,2,2.0,2010,2,6,9.0,88.0,3.8453002669954452,7333333.333333333,0
262,721750,1.0,1,2.7,4,1.0,2021,7,7,50.0,165.0,6.478244975642303,558000.0,0
263,849140,2.0,1,2.0,4,4.0,1984,4,5,19.0,51.0,2.3766710466518237,842105.2631578947,0
264,622250,2.0,2,2.6,4,2.0,2023,3,9,6.0,166.0,5.450805520063918,7666666.666666667,0
265,524040,1.0,1,2.0,4,1.0,2021,5,9,59.0,160.0,4.223776199852638,618644.0677966102,0
266,771990,1.0,1,2.0,3,4.0,2024,13,14,4.0,26.0,3.856423993410233,7950000.0,0
267,693100,2.0,1,2.7,4,2.0,2025,4,9,5.0,301.0,8.369660711681066,5100000.0,0
268,873900,2.0,1,2.0,4,2.0,2024,16,16,63.0,128.0,1.2982975915112225,984126.9841269841,0
269,867690,2.0,1,2.0,3,2.0,2022,16,18,6.0,184.0,0.9670697334834472,8583333.333333334,0
270,667150,1.0,1,2.0,3,2.0,2023,6,12,39.0,15.0,2.9729825482998553,707692.3076923077,0
271,730900,2.0,1,2.0,3,2.0,2011,17,20,6.0,316.0,0.0565512919787828,8000000.0,0
272,685280,2.0,1,2.0,3,4.0,2024,9,9,33.0,93.0,8.216212536060505,710303.0303030303,0
273,496280,1.0,1,2.7,1,1.0,2012,6,10,55.0,407.0,6.84417889036453,409090.9090909091,0
274,645500,1.0,1,2.0,1,2.0,2015,6,8,132.0,155.0,1.9415822678226788,545454.5454545454,0
275,693100,2.0,1,2.7,4,2.0,2025,6,9,32.0,48.0,8.462431637129164,715625.0,0
276,655950,1.0,1,2.8,3,1.0,2026,6,9,98.0,632.0,4.430777975398153,275510.20408163266,0
277,688610,1.0,1,2.8,3,1.0,2026,2,9,44.0,565.0,4.441831737672825,803118.6363636364,0
278,402300,10.0,1,2.0,1,3.0,1988,1,3,3.0,503.0,4.328757655554002,6166666.666666667,0
279,650040,1.0,1,2.0,3,1.0,2025,7,12,1.0,57.0,5.032133630030549,28200000.0,0
280,630170,1.0,1,2.0,3,4.0,2023,12,12,40.0,138.0,1.13654729812478,775000.0,0
281,927410,2.0,1,2.7,4,2.0,2023,7,13,95.0,164.0,1.9393644817431466,851578.947368421,0
282,618040,1.0,1,3.15,3,2.0,2025,9,16,47.0,17.0,3.0472176870201477,827659.5744680851,0
283,631660,2.0,1,2.85,4,2.0,2024,5,6,3.0,135.0,4.738360701574096,17166666.666666668,0
284,790550,2.0,1,2.0,1,3.0,1995,6,9,2.0,13.0,0.688551432992995,16000000.0,0
285,701740,2.0,1,2.8,1,1.0,1986,5,5,1.0,66.0,8.611770096718113,20000000.0,0
286,677190,1.0,1,2.8,4,2.0,2016,16,16,85.0,16.0,1.7765770102443998,576470.5882352941,0
287,721750,1.0,2,2.0,4,1.0,2021,7,12,73.0,24.0,4.070047201405051,609589.0410958905,0
288,575060,1.0,1,2.0,3,4.0,2024,6,12,47.0,244.0,6.29750521790422,446808.5106382979,0
289,902020,2.0,2,2.0,3,2.0,2026,9,14,5.0,211.0,2.3406659565236922,19300000.0,0
290,627220,2.0,1,2.5,4,2.0,2023,3,10,52.0,258.0,5.409753265772764,673076.9230769231,0
291,628640,2.0,1,2.85,3,2.0,2024,10,12,3.0,143.0,5.505669364410573,12500000.0,0
292,638080,2.0,1,2.0,3,2.0,2026,3,5,47.0,277.0,6.913513664569845,510638.2978723404,0
293,740910,1.0,1,2.0,3,2.0,2025,5,9,64.0,87.0,4.124772394460205,554687.5,0
294,445370,1.0,1,2.65,3,3.0,1983,1,5,1.0,317.0,3.488501225066364,27000000.0,0
295,621210,1.0,1,2.0,3,3.0,2026,8,9,25.0,446.0,5.740350581922142,740000.0,0
296,694800,1.0,1,2.0,4,2.0,2020,4,9,7.0,1733.0,4.122923023714076,4714285.714285715,0
297,677720,1.0,1,2.0,3,2.0,2025,16,16,8.0,8.0,4.177418534298594,3062500.0,0
298,685720,2.0,1,2.8,4,2.0,2021,3,10,2.0,11.0,7.5415519907200235,16500000.0,0
299,570150,1.0,1,2.0,4,1.0,2023,12,12,33.0,42.0,8.378575934629826,757575.7575757576,0
300,845720,2.0,1,2.0,3,2.0,2025,4,9,90.0,288.0,3.032042132575933,1111111.111111111,0
301,797190,2.0,1,2.85,4,2.0,2022,15,16,6.0,272.0,1.6296740788361168,8333333.333333333,0
302,537360,2.0,1,2.8,1,2.0,2015,3,9,76.0,220.0,5.856733643546545,605263.1578947369,0
303,631660,2.0,1,2.0,3,2.0,2024,3,5,47.0,143.0,6.859346137283466,500000.0,0
304,885240,2.0,1,2.8,1,2.0,2015,5,9,52.0,203.0,2.2552382249289225,769230.5769230769,0
305,636540,2.0,1,2.7,4,2.0,2018,5,6,30.0,285.0,7.1986858382637475,800000.0,0
306,638170,2.0,1,2.8,4,2.0,2022,4,9,9.0,171.0,11.737380559115813,4333333.333333333,0
307,432680,1.0,1,2.0,1,4.0,1992,5,5,64.0,184.0,5.024025289565425,406250.0,0
308,708200,2.0,1,2.8,3,2.0,2022,3,10,1.0,255.0,8.81647194581224,47500000.0,0
309,628300,2.0,1,2.7,4,2.0,2023,9,9,41.0,192.0,8.156086640904926,656097.5609756098,0
310,671700,2.0,1,2.75,4,4.0,2023,9,10,41.0,248.0,14.435945596510326,743902.4390243902,0
311,660870,1.0,2,2.0,3,1.0,2023,12,12,86.0,44.0,5.012492550739371,587209.3023255814,0
312,633280,2.0,1,2.85,3,2.0,2025,2,6,8.0,237.0,4.832106011004716,4375000.0,0
313,630170,1.0,1,2.0,3,4.0,2023,12,12,40.0,141.0,1.13654729812478,775000.0,0
314,635260,1.0,1,2.7,3,1.0,2021,3,4,55.0,69.0,9.56217329598574,418181.8,0
315,638170,2.0,2,2.75,4,2.0,2022,9,10,100.0,16.0,10.594848010976905,710000.0,0
316,690130,2.0,1,2.7,4,2.0,2020,7,9,83.0,223.0,10.334456698552586,614457.8313253012,0
317,646950,2.0,1,2.8,3,2.0,2022,12,12,3.0,282.0,6.499947921768164,13300000.0,0
318,712640,2.0,1,2.8,3,3.0,1990,2,5,43.0,121.0,3.916373119391417,686046.5116279069,0
319,795980,2.0,1,2.8,1,1.0,1963,2,4,45.0,266.0,1.947618146008623,777777.7777777778,0
320,716350,1.0,1,2.0,3,2.0,2017,16,18,42.0,1801.0,3.4149369944560237,702380.9523809524,0
321,833160,2.0,1,2.8,4,2.0,2022,4,10,60.0,32.0,1.9150289658473627,750000.0,0
322,507010,1.0,1,2.5,4,1.0,2016,1,6,6.0,86.0,6.105543955114505,6333333.333333333,0
323,686620,2.0,1,2.7,4,2.0,2017,5,5,45.0,273.0,12.685249314088377,555555.5555555555,0
324,672060,2.0,1,2.7,3,2.0,2026,2,6,38.0,123.0,6.231746309045683,905263.1578947369,0
325,938700,2.0,1,2.75,3,2.0,2022,6,13,1.0,86.0,6.484664518338038,41000000.0,0
326,600590,1.0,1,2.7,3,1.0,2026,10,12,38.0,179.0,8.171637627602319,592105.2631578947,0
327,600590,1.0,1,2.0,3,1.0,2026,9,9,11.0,84.0,3.109605125300275,2454545.4545454546,0
328,891080,2.0,1,2.0,4,2.0,2025,4,9,40.0,17.0,3.009940451664327,1300000.0,0
329,524120,1.0,1,3.3,3,1.0,2016,4,9,5.0,250.0,4.110088293841258,7300000.0,0
330,726980,1.0,1,2.0,4,2.0,2023,10,20,2.0,8.0,1.8115085851457287,32500000.0,0
331,676110,1.0,2,2.0,4,1.0,2025,9,12,91.0,26.0,2.8327819468624176,730769.2307692308,0
332,684680,2.0,1,2.85,3,2.0,2025,5,9,24.0,122.0,14.437176504792134,979166.6666666666,0
333,845720,2.0,2,2.0,3,2.0,2025,7,16,8.0,25.0,1.8652083514981208,8875000.0,0
334,650040,1.0,1,2.0,3,1.0,2025,12,12,51.0,95.0,4.87589808439621,437741.17647058825,0
335,488730,1.0,1,2.0,3,2.0,2007,7,18,98.0,164.0,2.7881520192931246,785714.2857142857,0
336,552160,1.0,1,2.8,1,2.0,2016,3,16,44.0,1963.0,4.548557525465461,586363.6363636364,0
337,690130,2.0,1,2.7,4,2.0,2020,7,9,83.0,224.0,10.334456698552586,614457.8313253012,0
338,646950,2.0,1,2.8,3,2.0,2022,12,12,3.0,282.0,6.499947921768164,13300000.0,0
339,712640,2.0,1,2.8,3,3.0,1990,2,5,43.0,121.0,3.916373119391417,686046.5116279069,0
340,795980,2.0,1,2.8,1,1.0,1963,2,4,45.0,266.0,1.947618146008623,777777.7777777778,0
341,716350,1.0,1,2.0,3,2.0,2017,16,18,42.0,1801.0,3.4149369944560237,702380.9523809524,0
342,833160,2.0,1,2.8,4,2.0,2022,4,10,60.0,33.0,1.9150289658473627,750000.0,0
343,507010,1.0,1,2.5,4,1.0,2016,1,6,6.0,87.0,6.105543955114505,6333333.333333333,0
344,686620,2.0,1,2.7,4,2.0,2017,5,5,45.0,273.0,12.685249314088377,555555.5555555555,0
345,672060,2.0,1,2.7,3,2.0,2026,2,6,38.0,123.0,6.231746309045683,905263.1578947369,0
346,938700,2.0,1,2.75,3,2.0,2022,6,13,1.0,86.0,6.484664518338038,41000000.0,0
347,600590,1.0,1,2.7,3,1.0,2026,10,12,38.0,179.0,8.171637627602319,592105.2631578947,0
348,600590,1.0,1,2.0,3,1.0,2026,9,9,11.0,84.0,3.109605125300275,2454545.4545454546,0
349,891080,2.0,1,2.0,4,2.0,2025,4,9,40.0,17.0,3.009940451664327,1300000.0,0
350,461510,1.0,2,2.85,4,2.0,2007,8,12,130.0,40.0,3.916300627284869,499230.76923076925,0
351,461510,1.0,1,2.0,1,2.0,2007,6,13,2.0,87.0,3.9138575729580394,27500000.0,0
352,745900,2.0,1,2.0,4,3.0,1965,1,4,5.0,240.0,1.5329741672174872,5000000.0,0
353,405100,1.0,1,2.0,3,1.0,1972,5,5,45.0,155.0,7.083243078688229,333333.3333333333,0
354,560780,1.0,1,2.65,4,2.0,2025,3,9,60.0,321.0,7.218088342572956,648333.3333333334,0
355,679590,1.0,1,2.0,1,2.0,2017,18,20,67.0,278.0,1.795449298446533,634328.3582089553,0
356,685720,2.0,1,2.0,4,2.0,2022,8,10,26.0,139.0,8.577991126836787,826923.0769230769,0
357,901160,2.0,1,2.9,4,2.0,2021,2,12,8.0,285.0,4.633270993093528,15000000.0,0
358,728220,2.0,1,2.0,3,3.0,1992,1,9,72.0,20.0,1.0724338282211887,743055.5555555555,0
359,683170,1.0,1,2.7,4,2.0,2026,13,17,35.0,194.0,4.860452033648367,657142.8571428572,0
360,589560,1.0,1,2.0,1,1.0,2023,9,9,39.0,152.0,5.182644581105507,523076.92307692306,0
361,938520,2.0,1,2.7,4,2.0,2025,11,12,45.0,41.0,2.720871125385516,1100000.0,0
362,636320,1.0,1,2.7,4,2.0,2023,8,10,45.0,175.0,8.60595013705488,551111.1111111111,0
363,694880,2.0,1,2.0,3,2.0,2026,7,9,37.0,280.0,7.961593031156469,537837.8378378379,0
364,856920,2.0,1,2.7,1,1.0,1976,6,7,9.0,305.0,5.16669515422688,5333333.333333333,0
365,628300,2.0,1,2.7,4,2.0,2022,7,9,40.0,237.0,8.156086640904926,625000.0,0
366,646950,2.0,1,2.7,4,2.0,2021,3,10,2.0,177.0,7.532978750899089,14000000.0,0
367,596570,1.0,1,2.0,4,1.0,2025,12,13,42.0,196.0,2.863889116841649,661904.7619047619,0
368,861550,2.0,1,2.85,3,2.0,2026,14,16,71.0,43.0,1.7084563749867934,760563.3802816902,0
369,650040,1.0,1,2.7,4,1.0,2025,2,9,62.0,73.0,5.1088999988845005,556451.6129032258,0
370,572900,2.0,1,2.8,3,1.0,1981,3,3,3.0,303.0,10.057969209903613,11666666.666666666,0
371,646950,2.0,1,3.2,4,2.0,2023,1,3,81.0,154.0,6.963634114741628,1049382.7160493827,0
372,683170,1.0,1,2.0,4,2.0,2026,8,9,1.0,113.0,4.44194614435643,30000000.0,0
373,684680,2.0,1,2.7,4,2.0,2025,2,9,57.0,234.0,11.829688938755876,736666.6666666666,0
374,613630,1.0,1,2.0,3,2.0,2017,12,16,42.0,318.0,3.455281561671845,607142.8571428572,0
375,723260,2.0,1,2.74,3,3.0,2023,8,12,85.0,275.0,1.6088886160318288,858823.5294117647,0
376,743210,1.0,1,2.85,3,2.0,2025,4,9,5.0,294.0,7.157049242884482,4800000.0,0
377,564770,1.0,1,2.7,1,2.0,2021,11,12,7.0,144.0,6.445456427745422,3857142.8571428573,0
378,871530,2.0,1,2.8,4,2.0,2022,2,10,33.0,45.0,1.8993045492168068,787878.7878787878,0
379,515730,2.0,1,2.0,4,2.0,2012,1,5,90.0,32.0,5.798548303980236,533333.3333333334,0
380,555740,1.0,2,3.2,3,2.0,2010,3,10,144.0,186.0,1.4369525940053716,527777.7777777778,0
381,864170,2.0,1,2.0,4,2.0,2025,9,9,44.0,57.0,3.0365478393922847,1238636.3636363635,0
382,520380,2.0,1,2.8,3,2.0,2010,7,9,90.0,124.0,4.138640934922378,572222.2222222222,0
383,574660,2.0,1,2.8,2,1.0,1957,2,2,9.0,244.0,14.680053692566393,2444444.4444444445,0
384,562230,1.0,1,2.7,4,1.0,2022,8,10,41.0,107.0,8.37258992275809,578048.7804878049,0
385,600590,1.0,1,2.0,3,1.0,2026,11,12,61.0,279.0,5.497906968886923,434426.2295081967,0
386,692100,2.0,1,2.7,3,2.0,2026,2,6,81.0,13.0,11.797442773787697,481481.48148148146,0
387,547780,1.0,1,2.7,4,2.0,2017,12,12,1.0,260.0,5.012145515512153,34000000.0,0
388,865090,2.0,1,2.8,4,2.0,2025,4,12,9.0,94.0,2.822627148591637,4555555.555555556,0
389,938520,2.0,1,2.0,3,2.0,2025,2,12,70.0,220.0,3.934372474060153,1142857.142857143,0
390,622480,1.0,1,2.0,3,2.0,2016,4,13,75.0,179.0,5.289136252217668,600000.0,0
391,885750,2.0,1,2.8,3,2.0,2025,10,16,3.0,225.0,2.6990560315855805,18333333.333333332,0
392,864170,2.0,1,2.0,3,2.0,2025,2,12,1.0,189.0,5.1427163064497705,62700000.0,0
393,677720,1.0,1,2.65,4,2.0,2025,4,14,33.0,185.0,2.8319100191830824,815151.5151515151,0
394,640230,2.0,1,2.0,3,4.0,2023,9,9,82.0,178.0,12.389430613676058,475609.756097561,0
395,655630,2.0,2,2.85,4,2.0,2016,9,16,135.0,81.0,7.35741170051573,337037.037037037,0
396,992820,2.0,2,2.8,4,2.0,2019,12,16,80.0,214.0,3.7620160500839797,1112500.0,0
397,381610,11.0,1,2.7,3,3.0,1974,3,4,31.0,439.0,1.3683902139383664,467741.93548387097,0
398,873900,2.0,1,2.0,3,2.0,2024,18,20,3.0,291.0,1.0402422937743676,15000000.0,0
399,632980,2.0,1,2.0,3,3.0,2006,5,5,7.0,47.0,7.8443724123103244,3785714.285714286,0
400,591320,1.0,1,2.7,4,1.0,2024,6,9,9.0,236.0,8.402400328150579,2611111.111111111,0
401,633280,2.0,1,2.8,3,2.0,2025,4,9,70.0,35.0,5.302129343696575,585714.2857142857,0
402,608480,1.0,1,2.8,2,2.0,2020,21,25,60.0,51.0,3.951234532535955,503333.3333333333,0
403,737560,1.0,1,2.65,3,2.0,2026,4,9,8.0,209.0,5.945281988537409,3500000.0,0
404,906220,2.0,1,2.0,4,2.0,2022,11,18,104.0,243.0,0.9352795535296227,836538.4615384615,0
405,660980,2.0,1,2.0,5,2.0,2025,5,12,3.0,18.0,8.04814290203791,11333333.333333334,0
406,694880,2.0,1,2.7,3,2.0,2026,5,9,4.0,161.0,7.912055656308745,5700000.0,0
407,787170,1.0,1,2.0,4,2.0,2023,10,18,9.0,203.0,2.4265864784645848,8666666.666666666,0
408,747720,1.0,1,2.0,3,2.0,2026,3,9,59.0,259.0,6.23445774940676,686440.6779661017,0
409,740910,1.0,1,2.0,4,2.0,2025,7,9,38.0,15.0,2.6249523841603257,960526.3157894737,0
410,709310,2.0,1,2.8,4,4.0,2022,5,6,73.0,35.0,7.498083489665205,575342.4657534247,0
411,786360,2.0,1,2.0,4,2.0,2008,7,9,55.0,258.0,7.204801936699887,1090909.0909090908,0
412,684680,2.0,1,2.0,3,2.0,2025,7,7,51.0,17.0,11.600600114030303,431372.54901960783,0
413,786360,2.0,1,2.8,3,2.0,2012,16,16,108.0,86.0,7.057256689048032,351851.85185185185,0
414,597170,1.0,1,2.0,3,1.0,2026,33,2,,,6.041731425603059,,0
415,743210,1.0,1,2.0,3,2.0,2025,61,583,,,7.126010976656391,,0
416,327560,13.0,2,2.0,3,1.0,2022,1,39412,,,1.7877012001687886,,0
417,485280,1.0,2,2.0,5,1.0,2010,12,12,3.0,195.0,4.1415833893527045,18666666.666666668,0
418,880510,2.0,1,2.7,4,4.0,2023,1,10,8.0,137.0,12.328655510987842,4625000.0,0
419,631660,2.0,1,2.85,3,2.0,2024,2,6,1.0,30.0,4.738360701574096,35000000.0,0
420,769260,1.0,1,2.0,1,2.0,2022,12,16,5.0,163.0,5.421210474913963,6998000.0,0
421,608630,1.0,1,2.0,3,1.0,2026,7,9,3.0,77.0,4.975238938609647,11666666.666666666,0
422,802020,1.0,1,2.0,3,2.0,2026,8,9,39.0,180.0,5.870575340460531,692307.6923076923,0
423,614710,2.0,1,2.75,4,2.0,2022,11,12,4.0,68.0,5.204769483763823,11250000.0,0
424,589800,1.0,1,2.0,3,2.0,2026,1,10,5.0,263.0,5.8144680242562545,4200000.0,0
425,669510,2.0,1,2.8,4,2.0,2022,8,9,45.0,308.0,8.194085163345116,622222.2222222222,0
426,651920,2.0,1,2.7,4,3.0,1976,3,4,5.0,135.0,13.120912094374958,7400000.0,0
427,893290,2.0,1,2.0,4,4.0,2024,10,19,80.0,46.0,0.9992119875254819,875000.0,0
428,641880,1.0,1,2.7,4,1.0,2022,11,13,41.0,113.0,8.171637627602319,480487.8048780488,0
429,489580,1.0,1,2.7,3,2.0,2010,17,24,2.0,5.0,3.719181246035618,15500000.0,0
430,404100,12.0,1,2.5,1,1.0,2006,6,9,50.0,70.0,3.3053092660304797,460000.0,0
431,385780,1.0,1,2.0,3,3.0,1972,4,5,42.0,112.0,4.496965625427393,428571.4285714286,0
432,508160,1.0,1,2.5,3,4.0,1988,2,5,5.0,213.0,3.654276559162527,5400000.0,0
433,684680,2.0,1,2.7,3,2.0,2022,10,10,65.0,298.0,10.543410784942209,538461.5384615385,0
434,651660,2.0,1,2.8,4,2.0,2020,1,9,62.0,72.0,10.361019032313509,661290.3225806452,0
435,666990,2.0,1,2.7,3,2.0,2025,6,6,38.0,157.0,6.1609122172464845,723684.2105263158,0
436,527140,1.0,1,3.3,3,1.0,2017,6,9,85.0,270.0,3.1898867380639313,847058.8235294118,0
437,627560,2.0,1,2.8,3,2.0,2024,1,5,6.0,180.0,6.9688105747730065,3166666.6666666665,0
438,981490,2.0,1,2.7,3,2.0,2023,13,13,45.0,142.0,1.9393644817431466,955555.5555555555,0
439,510360,1.0,1,2.7,3,2.0,2011,7,14,4.0,36.0,5.9220200451414415,5425000.0,0
440,575460,2.0,1,2.8,4,2.0,2012,3,5,44.0,152.0,6.67179526700451,613636.3636363636,0
441,854300,2.0,1,2.7,4,2.0,2013,2,6,2.0,176.0,3.319663535334133,28250000.0,0
442,952450,2.0,1,3.15,3,2.0,2021,2,4,75.0,572.0,6.44736587745111,1200000.0,0
443,621930,2.0,1,2.8,1,2.0,2015,5,5,46.0,43.0,7.717074335285608,500000.0,0
444,827300,2.0,1,2.7,4,2.0,2021,7,13,6.0,236.0,3.98941315224646,15000000.0,0
445,805430,1.0,1,2.0,3,2.0,2025,3,12,91.0,119.0,7.465092246963626,604395.6043956043,0
446,627430,2.0,1,2.8,4,3.0,1967,1,4,2.0,197.0,1.8681380488288575,18250000.0,0
447,560780,1.0,1,2.0,3,2.0,2025,9,16,13.0,93.0,4.916432672501481,2215384.6153846155,0
448,547100,1.0,2,2.8,1,2.0,2013,12,13,1.0,52.0,4.052658191910169,39500000.0,0
449,856630,2.0,1,2.8,4,2.0,2016,11,15,2.0,313.0,0.9641320298910331,29750000.0,0
450,664710,1.0,1,2.7,1,2.0,2022,8,22,38.0,231.0,2.1738163236453665,736842.1052631579,0
451,811790,2.0,2,2.0,4,2.0,2006,5,11,130.0,701.0,5.159932802172533,784615.3846153846,0
452,743210,1.0,1,2.65,3,2.0,2025,10,14,2.0,114.0,5.334124119877994,13700000.0,0
453,587760,1.0,1,2.7,4,2.0,2024,3,15,2.0,140.0,6.29750521790422,11000000.0,0
454,646950,2.0,1,2.8,3,2.0,2023,2,3,47.0,31.0,10.080953353229043,615744.6808510638,0
455,726630,1.0,1,2.7,3,2.0,2022,1,10,50.0,192.0,4.375209969823119,510000.0,0
456,797240,1.0,1,2.7,3,2.0,2025,14,14,48.0,254.0,5.236067483761093,583333.125,0
457,803190,2.0,1,2.7,4,1.0,1984,5,5,56.0,20.0,6.859059555725507,991071.4285714285,0
458,467490,1.0,1,2.7,3,1.0,2004,4,9,59.0,79.0,3.7767754286529653,500000.0,0
459,536110,1.0,1,2.0,4,1.0,2019,10,10,42.0,130.0,5.381464677180122,583333.3333333334,0
460,669510,2.0,1,2.8,3,2.0,2022,1,3,7.0,45.0,6.895799294851191,3214285.714285714,0
461,636540,2.0,1,2.8,4,2.0,2018,8,12,45.0,100.0,5.042668868396927,633333.3333333334,0
462,631660,2.0,1,2.0,3,2.0,2024,4,5,49.0,185.0,6.946939934263013,571428.5714285715,0
463,704890,2.0,1,2.0,1,3.0,1974,4,5,56.0,0.0,4.655448354816699,705357.1428571428,0
464,842350,2.0,2,2.0,1,2.0,2009,8,16,3.0,11.0,1.1073157292805644,24000000.0,0
465,776750,1.0,2,2.7,3,4.0,2026,4,12,59.0,100.0,5.037412753123012,830508.4745762711,0
466,880850,2.0,1,2.0,3,2.0,2023,2,12,63.0,204.0,5.048428392981553,1349206.349206349,0
467,799180,2.0,1,2.0,4,4.0,2020,5,14,50.0,103.0,4.513005808680726,1420000.0,0
468,949840,2.0,1,2.0,3,2.0,2026,7,14,3.0,287.0,2.3406659565236922,16166666.666666666,0
469,928970,1.0,2,2.7,4,2.0,2022,17,24,120.0,75.0,0.4648670902962968,875000.0,0
470,552120,2.0,1,2.8,3,2.0,2017,7,9,82.0,87.0,5.814514876802696,493902.43902439025,0
471,864170,2.0,1,2.0,3,2.0,2025,8,13,2.0,21.0,1.3659375525686184,22500000.0,0
472,669420,2.0,1,2.8,4,2.0,2026,5,9,8.0,295.0,10.67234103233299,3625000.0,0
473,485280,1.0,2,2.0,5,1.0,2010,12,12,3.0,195.0,4.1415833893527045,18666666.666666668,0
474,735600,1.0,1,2.8,3,4.0,2022,3,7,7.0,144.0,3.142762405843611,6428571.428571428,0
475,907060,1.0,2,2.0,3,2.0,2021,8,9,120.0,124.0,1.6615406013716214,1150000.0,0
476,541420,2.0,1,2.7,4,2.0,2025,8,9,38.0,136.0,14.110799109030042,565789.4736842106,0
477,600740,2.0,1,2.8,1,1.0,2015,7,7,45.0,159.0,7.58930452345341,500000.0,0
478,713500,2.0,1,2.7,3,2.0,2026,3,235,,,4.619463727559895,,0
479,740910,1.0,1,2.0,3,2.0,2025,69,199,,,2.6249523841603257,,0
480,648780,2.0,1,2.8,4,2.0,2019,2,2,22.0,12039.0,10.732448786951645,704545.4545454546,0
481,464730,12.0,1,2.0,3,1.0,2025,3,10,9.0,617.0,0.38808789169859925,2417833.3333333335,0
482,685720,2.0,1,2.7,4,2.0,2021,7,10,28.0,626.0,8.587528179364517,660714.2857142857,0
483,416510,13.0,2,2.0,3,2.0,2015,9,11,160.0,15.0,2.055817388220955,431250.0,0
484,481170,9.0,1,2.0,2,1.0,1979,5,5,87.0,35.0,5.020855613362949,316091.9540229885,0
485,740910,1.0,1,2.0,3,2.0,2025,7,9,41.0,3963.0,8.062431389956437,582926.8292682926,0
486,830060,2.0,1,2.0,3,1.0,1962,2,4,2.0,508.0,4.243214151731257,16250000.0,0
487,618040,1.0,1,2.0,3,2.0,2025,16,16,38.0,101.0,5.6985004389242455,736842.1052631579,0
488,699070,2.0,1,2.8,4,2.0,2019,1,6,45.0,88.0,7.550718981314433,622222.2222222222,0
489,880850,2.0,1,2.8,4,2.0,2023,6,9,1.0,161.0,1.7096695895524865,52000000.0,0
490,783580,2.0,1,2.8,4,1.0,1990,5,5,34.0,329.0,6.471324818714194,1279411.7647058824,0
491,355530,9.0,1,2.0,1,1.0,1956,2,2,9.0,1369.0,9.734674656570922,1822222.2222222222,0
492,635500,2.0,2,2.0,3,2.0,2008,13,18,4.0,208.0,0.1437598196890866,16750000.0,0
493,745180,2.0,1,2.0,3,2.0,2007,2,9,63.0,112.0,3.633818115319532,793650.7936507936,0
494,734490,1.0,1,2.0,4,1.0,2024,8,12,62.0,19.0,3.1430661445139934,967741.9354838709,0
495,802020,1.0,1,2.0,3,2.0,2026,6,7,5.0,229.0,6.266270586347076,7000000.0,0
496,510360,1.0,1,2.5,3,2.0,2011,6,9,35.0,274.0,7.081837705889123,514285.71428571426,0
497,646950,2.0,1,2.7,3,2.0,2022,8,10,53.0,15.0,8.307353245962533,566037.716981132,0
498,661200,1.0,2,2.7,3,4.0,2018,7,9,9.0,90.0,3.631585005411492,3977777.777777778,0
499,864170,2.0,1,2.0,4,2.0,2025,1,13,42.0,73.0,1.2858454909964714,869047.619047619,0
500,683170,1.0,1,2.65,4,2.0,2026,5,9,35.0,238.0,4.860452033648367,771428.5428571429,0
501,981490,2.0,1,2.0,4,2.0,2023,1,13,8.0,152.0,1.9393644817431466,5437500.0,0
502,702940,2.0,1,2.7,4,2.0,2019,10,12,35.0,99.0,4.948349737402376,685714.2857142857,0
503,671520,2.0,1,2.0,3,4.0,2023,2,9,9.0,71.0,5.470893301664276,2937777.777777778,0
504,605610,1.0,1,2.0,4,1.0,2025,4,12,60.0,1067.0,3.3726434136183987,891666.6666666666,0
505,877760,2.0,1,2.0,1,2.0,2012,16,17,60.0,272.0,5.667670270827928,850000.0,0
506,655640,1.0,2,2.0,4,1.0,2022,4,10,84.0,241.0,3.457025669915164,773809.5238095238,0
507,738140,1.0,1,2.0,3,2.0,2024,9,15,43.0,83.0,3.551756835068855,779069.7674418605,0
508,886020,1.0,1,2.0,3,4.0,2025,2,12,130.0,246.0,2.1494147346402133,907692.3076923077,0
509,880510,2.0,1,2.7,3,4.0,2023,2,15,4.0,277.0,2.962853771210522,12700000.0,0
510,508040,1.0,1,2.7,3,1.0,1980,5,5,9.0,31.0,5.374933232044209,2666666.6666666665,0
511,787170,1.0,2,2.0,4,2.0,2023,2,12,7.0,199.0,6.038499862650911,10642857.142857144,0
512,745860,1.0,1,2.0,3,1.0,2021,8,9,2.0,42.0,3.515165747043851,47500000.0,0
513,758900,1.0,2,2.0,1,2.0,2021,9,14,73.0,207.0,2.8453242405055437,1027397.2602739726,0
514,941270,2.0,1,2.0,3,2.0,2025,1,6,6.0,227.0,5.243636126702754,14666666.666666666,0
515,694800,1.0,1,2.7,4,2.0,2020,9,10,5.0,224.0,6.575818810259503,6400000.0,0
516,625640,2.0,1,2.7,1,1.0,1999,1,5,80.0,69.0,7.734113999526079,837500.0,0
517,494060,1.0,2,2.0,3,2.0,2008,1,18,9.0,117.0,3.0988733268830386,4500000.0,0
518,851620,2.0,1,2.8,4,1.0,1960,3,3,1.0,88.0,5.865107486460571,37000000.0,0
519,804510,2.0,1,2.7,1,4.0,1991,3,5,1.0,102.0,8.776294321692605,43500000.0,0
520,564590,2.0,1,2.7,2,3.0,1986,4,4,51.0,309.0,14.05009562474258,490196.07843137253,0
521,867690,2.0,1,2.0,4,2.0,2022,70,80,,,8.809490434060475,,0
522,684680,2.0,1,2.0,3,2.0,2025,4,6,65.0,290.0,12.598305298759865,707692.3076923077,0
523,553080,1.0,1,2.0,3,1.0,2020,2,12,45.0,67.0,6.878480553098996,777777.7777777778,0
524,646950,2.0,1,2.7,3,2.0,2024,7,9,7.0,224.0,8.216212536060505,5857142.857142857,0
525,407310,6.0,1,2.0,3,1.0,2023,5,7,150.0,519.0,0.9938727284365197,506666.6666666667,0
526,646950,2.0,1,2.7,4,2.0,2021,9,10,50.0,82.0,7.580428603965801,580000.0,0
527,592230,2.0,2,2.8,3,2.0,2007,5,9,93.0,29.0,7.659867792464211,591397.8494623656,0
528,646950,2.0,1,2.9,3,2.0,2024,2,3,6.0,149.0,7.559696749868969,6333333.333333333,0
529,639630,1.0,1,2.0,4,1.0,2023,11,12,7.0,23.0,5.097553246785652,3857142.8571428573,0
530,631660,2.0,1,2.85,4,2.0,2024,11,12,3.0,122.0,5.504886586593358,11833333.333333334,0
531,627220,2.0,1,2.8,3,2.0,2023,2,5,50.0,99.0,6.606068785015978,720000.0,0
532,646950,2.0,1,2.7,3,2.0,2024,2,10,8.0,68.0,8.793295823493445,3250000.0,0
533,877760,2.0,1,2.0,1,2.0,2012,19,19,70.0,185.0,5.6529317364436595,842857.1428571428,0
534,676110,1.0,1,2.0,3,1.0,2025,11,12,39.0,216.0,4.874294086233896,1087876.923076923,0
535,865090,2.0,1,2.7,3,2.0,2025,2,15,67.0,117.0,2.786625295539052,701492.5373134328,0
536,600590,1.0,1,2.0,3,1.0,2026,3,12,8.0,178.0,4.149321651574412,3012500.0,0
537,655280,2.0,1,2.0,3,2.0,2017,3,10,27.0,233.0,7.674653633580829,777777.7777777778,0
538,584510,1.0,1,2.0,4,1.0,2024,9,12,41.0,314.0,5.256955205153486,707317.0731707317,0
539,963230,2.0,2,3.3,1,2.0,2016,3,5,102.0,467.0,8.717839385471525,1279411.7647058824,0
540,881110,2.0,2,2.0,5,2.0,2026,5,13,3.0,89.0,2.6554762930767004,18666666.666666668,0
541,552120,2.0,2,2.6,1,2.0,2017,3,16,7.0,161.0,5.238035990444625,6857142.857142857,0
542,743600,1.0,1,2.8,3,2.0,2020,9,12,68.0,283.0,4.219568708575408,817647.0588235294,0
543,712220,2.0,1,2.7,3,3.0,1985,5,5,2.0,130.0,9.623988367650702,28000000.0,0
544,734490,1.0,1,2.0,3,1.0,2024,5,12,45.0,553.0,3.0677388586221803,833333.3333333334,0
545,460500,1.0,1,2.7,3,2.0,2006,9,13,65.0,182.0,7.277053730495994,330769.23076923075,0
546,418220,10.0,1,2.0,1,1.0,1978,3,6,6.0,286.0,4.408415166132961,3500000.0,0
547,837450,2.0,1,2.7,1,3.0,1960,2,3,32.0,1.0,3.250302341268998,953125.0,0
548,655950,1.0,1,2.7,3,1.0,2026,10,12,38.0,294.0,8.171637627602319,618421.052631579,0
549,659170,1.0,1,2.0,1,2.0,2016,5,6,37.0,144.0,3.463589151077385,837837.8108108108,0
550,598020,1.0,2,2.0,4,1.0,2024,9,9,90.0,129.0,5.2531275264579875,788888.8888888889,0
551,745860,1.0,2,2.0,3,1.0,2021,12,12,124.0,123.0,2.9738589553305794,749596.7741935484,0
552,903150,2.0,2,2.0,3,2.0,2023,11,20,6.0,124.0,5.3578411568165265,20000000.0,0
553,979370,2.0,1,2.0,4,2.0,2023,4,4,3.0,287.0,14.839932961601182,18166666.666666668,0
554,559690,2.0,1,2.7,1,3.0,1981,1,3,43.0,278.0,15.934343303960436,639534.8837209302,0
555,709740,2.0,1,2.0,3,2.0,2026,7,12,57.0,36.0,6.85496478287643,900000.0,0
556,600590,1.0,1,2.0,3,1.0,2026,9,12,40.0,28.0,3.7357767212994024,575000.0,0
557,597170,1.0,1,2.7,3,1.0,2026,12,12,39.0,38.0,6.831711605708575,323076.92307692306,0
558,747720,1.0,1,2.0,3,2.0,2026,1,14,42.0,215.0,4.899834000322587,547380.9523809524,0
559,632100,2.0,1,2.6,3,3.0,1965,4,4,58.0,263.0,3.3685382699015256,551724.1379310344,0
560,593180,2.0,1,2.8,4,2.0,2012,5,5,2.0,89.0,5.831623600802419,12000000.0,0
561,818400,2.0,1,2.7,4,2.0,2022,9,13,53.0,276.0,3.98941315224646,1000000.0,0
562,909920,2.0,2,2.0,1,2.0,2014,9,21,5.0,165.0,5.79907402706582,19600000.0,0
563,639630,1.0,2,3.3,3,1.0,2023,9,9,80.0,6.0,5.401992338725523,500000.0,0
564,777150,2.0,1,2.7,4,2.0,2025,4,9,2.0,189.0,11.633810920201094,27250000.0,0
565,635100,2.0,1,2.6,1,3.0,1980,5,5,3.0,281.0,1.069360713191196,13666666.666666666,0
566,715810,1.0,1,2.0,3,4.0,2025,2,17,44.0,265.0,3.497339433192051,750000.0,0
567,740230,1.0,1,2.0,3,2.0,2024,16,22,32.0,160.0,2.6188556084570433,1000000.0,0
568,709170,2.0,1,2.8,1,3.0,1996,3,5,57.0,19.0,0.6524152824911145,789473.6842105263,0
569,391300,6.0,1,2.0,3,1.0,2023,4,8,114.0,2369.0,0.25989859974635304,460526.3157894737,0
570,805430,1.0,1,2.0,3,2.0,2025,7,9,88.0,16.0,2.708727453011752,737500.0,0
571,873900,2.0,2,3.3,3,2.0,2024,1,3,70.0,1994.0,8.619113949241964,900000.0,0
572,970390,2.0,2,3.5,4,1.0,2011,6,6,107.0,712.0,6.123944135492221,1214953.2710280374,0
573,385070,6.0,1,2.0,3,1.0,2025,9,10,73.0,291.0,1.7027984746529048,458904.1095890411,0
574,422790,14.0,1,2.5,4,3.0,1986,2,9,52.0,51.0,2.039127028308497,528846.1538461539,0
575,590330,1.0,1,2.8,3,1.0,2023,12,12,46.0,24.0,6.50951518023656,619565.2173913043,0
576,526030,1.0,1,2.0,3,1.0,2000,1,6,3.0,240.0,3.89768327375872,18000000.0,0
577,713900,2.0,1,2.7,3,2.0,2019,5,6,76.0,246.0,7.565970051220574,480263.15789473685,0
578,732530,2.0,1,2.0,4,2.0,2008,7,10,80.0,192.0,6.966214190028265,925000.0,0
579,674110,2.0,1,2.8,1,2.0,2007,12,12,108.0,23.0,3.901799508509286,518518.51851851854,0
580,521500,2.0,2,2.8,4,4.0,2013,4,4,87.0,121.0,5.94610138006679,555172.4137931034,0
581,934380,2.0,2,2.0,4,2.0,2019,2,15,65.0,216.0,5.207460937796734,1215384.6153846155,0
582,627040,1.0,1,2.7,3,2.0,2018,20,23,44.0,45.0,1.7019840019911827,579545.4545454546,0
583,942950,2.0,1,2.0,3,3.0,1987,3,9,36.0,72.0,5.548236478068173,1097222.2222222222,0
584,624820,1.0,1,2.7,2,2.0,2008,2,10,34.0,46.0,0.8816824814306351,705882.3529411765,0
585,591900,1.0,1,2.8,3,1.0,2018,4,6,68.0,54.0,5.537501603525462,513235.29411764705,0
586,551940,1.0,1,2.0,1,1.0,2023,3,5,39.0,213.0,10.203844789751583,641025.641025641,0
587,646950,2.0,1,2.8,1,2.0,2022,1,12,57.0,136.0,6.5325040483144505,684210.5263157894,0
588,618240,1.0,1,2.0,3,1.0,2026,3,12,6.0,231.0,5.9088531571994585,4575833.333333333,0
589,638290,1.0,1,2.0,4,1.0,2024,5,5,5.0,138.0,5.94253951562312,4160000.0,0
590,587760,1.0,1,2.8,4,2.0,2024,1,16,28.0,67.0,10.21023488005536,553571.4285714285,0
591,738140,1.0,1,2.0,4,2.0,2024,4,9,45.0,36.0,3.9083174317124443,733333.3333333334,0
592,778740,1.0,2,2.7,4,2.0,2023,6,14,8.0,318.0,4.506678947597589,4375000.0,0
593,628340,1.0,1,2.8,3,4.0,2022,7,9,40.0,17.0,5.195857392862587,597500.0,0
594,498290,1.0,1,2.2,3,1.0,2016,5,5,24.0,280.0,10.138187706005315,416666.6666666667,0
595,748470,2.0,1,2.8,1,2.0,2012,15,16,98.0,260.0,7.069254381894912,352040.8163265306,0
596,577780,1.0,1,2.7,1,1.0,2022,5,9,39.0,8.0,5.368895228114959,641025.641025641,0
597,591420,1.0,1,2.0,3,1.0,2025,2,12,9.0,59.0,3.385948205485017,2888888.888888889,0
598,600590,1.0,1,2.0,3,1.0,2026,4,9,13.0,33.0,3.8440095235750977,1846153.8461538462,0
599,629570,1.0,2,2.0,4,2.0,2022,13,20,7.0,68.0,5.880274105902458,8214285.714285715,0
600,597600,2.0,1,2.0,3,4.0,2015,8,9,76.0,264.0,2.8165636834602386,605263.1578947369,0
601,386390,6.0,1,2.0,3,1.0,2020,1,5,85.0,675.0,0.7394094993858995,382352.9411764706,0
602,631660,2.0,1,2.7,4,2.0,2024,5,7,8.0,727.0,4.8852189580466305,4137500.0,0
603,591320,1.0,1,2.7,4,1.0,2024,2,5,5.0,0.0,9.859007339764068,3900000.0,0
604,609020,2.0,1,2.7,1,2.0,2022,10,12,6.0,90.0,5.2496445689905915,5083333.333333333,0
605,593240,2.0,1,2.7,4,2.0,2023,5,7,5.0,44.0,4.806098368848547,8100000.0,0
606,667810,2.0,1,2.0,3,2.0,2026,4,6,28.0,46.0,12.598305298759865,1178571.4285714286,0
607,660090,2.0,1,2.8,1,2.0,2008,9,10,24.0,142.0,4.139402295112303,825000.0,0
608,778740,1.0,1,2.0,3,2.0,2023,6,9,43.0,0.0,2.185072398140095,790697.6744186047,0
609,843640,2.0,1,2.7,4,1.0,1993,4,5,67.0,49.0,2.378130482648271,940298.5074626865,0
610,907780,2.0,2,2.0,4,2.0,2013,1,5,4.0,232.0,6.886211277658002,24000000.0,0
611,765260,2.0,1,2.0,4,1.0,1996,3,5,8.0,296.0,4.558429478410756,5875000.0,0
612,645250,1.0,1,2.75,3,1.0,2021,5,9,85.0,23.0,4.56389377399078,529411.7647058824,0
613,512720,1.0,1,2.7,3,1.0,2020,1,12,85.0,13.0,6.253720907483152,447058.82352941175,0
614,920870,2.0,2,2.9,1,2.0,2014,10,13,90.0,248.0,5.500808452661787,811111.1111111111,0
615,855550,2.0,1,2.5,1,1.0,2001,10,10,117.0,232.0,3.2311066234019004,594017.094017094,0
616,737680,1.0,1,2.8,4,2.0,2018,8,22,68.0,76.0,4.043030037538622,757352.9411764706,0
617,746470,1.0,1,2.0,3,2.0,2027,15,1168,,,5.216171802050255,,0
618,655950,1.0,1,2.0,3,1.0,2026,4,3484,,,4.459020086309259,,0
619,617910,2.0,1,2.0,3,2.0,2024,65,7061,,,6.9688105747730065,,0
620,616670,8.0,1,2.0,3,2.0,2026,61,11408,,,4.0638999206742215,,0
621,644890,2.0,2,2.0,3,2.0,2026,51,20557,,,12.598305298759865,,0
622,655640,1.0,2,2.0,3,1.0,2022,12,12,5.0,118.0,3.0208765884460558,13600000.0,0
623,690870,2.0,1,2.8,1,3.0,1986,9,9,9.0,104.0,0.9668903356171966,4222222.222222222,0
624,590980,2.0,1,2.8,1,2.0,2007,7,9,7.0,10.0,16.277202114005597,6928571.428571428,0
625,402580,15.0,1,2.0,4,1.0,2021,2,3,85.0,847.0,3.3429600940916275,482352.9411764706,0
626,607130,1.0,1,2.7,4,2.0,2022,9,9,39.0,159.0,6.669641291262906,474358.9743589744,0
627,640230,2.0,1,2.0,3,4.0,2023,9,9,82.0,182.0,12.389430613676058,475609.756097561,0
628,690650,1.0,1,2.7,3,2.0,2018,3,9,1.0,178.0,4.553391927054566,21000000.0,0
629,512760,2.0,2,2.9,3,2.0,2010,10,10,4.0,123.0,8.505942263699602,15250000.0,0
630,604660,2.0,1,2.7,2,3.0,1983,5,5,2.0,211.0,6.563911570430828,12250000.0,0
631,818400,2.0,2,2.7,4,2.0,2022,2,17,101.0,260.0,3.287331907936772,940594.0594059406,0
632,981490,2.0,1,2.7,3,2.0,2023,1,12,2.0,268.0,2.0366646378268807,33500000.0,0
633,861870,1.0,2,2.7,3,2.0,2026,9,10,85.0,172.0,8.076467243469194,452941.17647058825,0
634,633280,2.0,2,2.0,3,2.0,2025,11,12,2.0,18.0,5.934655570953352,21500000.0,0
635,771020,1.0,1,2.9,3,2.0,2022,4,15,79.0,268.0,6.2515006038979255,556962.0253164558,0
636,667430,1.0,1,2.0,3,1.0,2024,9,9,87.0,102.0,3.2114274850567255,908045.9770114942,0
637,685720,2.0,1,2.7,4,2.0,2022,2,12,4.0,84.0,7.581796300022536,7125000.0,0
638,726980,1.0,2,3.1,3,2.0,2023,10,22,6.0,11.0,1.1492982811889614,13083333.333333334,0
639,843960,2.0,1,2.7,4,2.0,2023,5,17,63.0,24.0,3.2113404089947166,901587.3015873015,0
640,574310,2.0,1,2.7,3,2.0,2025,4,9,53.0,133.0,14.137441298233792,566037.7358490566,0
641,880850,2.0,1,2.7,3,2.0,2023,2,18,2.0,282.0,2.786625295539052,24000000.0,0
642,684680,2.0,1,2.85,3,2.0,2023,4,5,5.0,67.0,12.350841468130632,7200000.0,0
643,818720,2.0,1,2.8,1,3.0,1981,2,9,39.0,248.0,0.8119934296361974,807692.3076923077,0
644,949840,2.0,1,2.0,3,2.0,2026,2,16,3.0,266.0,2.387640984728622,16833333.333333332,0
645,385780,1.0,1,2.0,3,3.0,1969,5,5,7.0,1227.0,3.755468091819853,2271428.5714285714,0
646,631060,2.0,1,2.0,4,4.0,2024,5,5,50.0,128.0,6.626160661558216,700000.0,0
647,570530,2.0,1,2.7,3,2.0,2023,2,9,69.0,62.0,7.8435515390991615,637681.1594202898,0
648,626290,2.0,1,2.0,4,2.0,2021,3,6,53.0,296.0,11.458664196950494,500000.0,0
649,464110,1.0,2,2.7,1,2.0,2004,10,25,90.0,192.0,5.568233308704997,372222.22222222225,0
650,628640,2.0,1,2.85,4,2.0,2024,2,6,59.0,309.0,4.738360701574096,677966.1016949152,0
651,660870,1.0,1,2.0,3,1.0,2023,9,10,68.0,245.0,5.401992338725523,588235.2794117647,0
652,818400,2.0,1,2.0,4,2.0,2022,8,10,70.0,92.0,3.1091914990257634,992857.1428571428,0
653,717240,2.0,1,2.8,4,2.0,2020,9,10,6.0,286.0,7.673832368190777,8250000.0,0
654,574270,2.0,1,2.75,4,2.0,2016,4,5,64.0,283.0,7.430448887833676,539062.5,0
655,731230,2.0,2,2.8,1,2.0,2012,6,12,2.0,313.0,0.8526012582297412,28800000.0,0
656,903150,2.0,2,2.0,4,2.0,2023,13,18,108.0,166.0,4.609302730721794,1250000.0,0
657,771920,2.0,1,2.5,3,3.0,1980,1,5,4.0,193.0,2.519874443457286,10125000.0,0
658,638080,2.0,1,2.0,3,2.0,2026,3,12,5.0,297.0,2.2018418498295427,6100000.0,0
659,880510,2.0,1,2.7,4,4.0,2023,1,10,8.0,140.0,12.328655510987842,4625000.0,0
660,688920,2.0,1,2.0,3,2.0,2008,8,10,9.0,139.0,4.038928327708815,2444444.4444444445,0
661,708200,2.0,2,2.7,3,2.0,2022,1,12,1.0,293.0,7.505465556262357,56500000.0,0
662,873900,2.0,1,2.0,4,2.0,2024,1,20,1.0,90.0,0.9769143486472233,54000000.0,0
663,483420,1.0,1,2.7,4,1.0,2001,7,9,2.0,60.0,4.736562798465115,17500000.0,0
664,783200,1.0,1,2.0,3,1.0,2026,2,7,86.0,145.0,3.040701133818896,790697.6744186047,0
665,906220,2.0,1,2.0,4,2.0,2022,10,20,4.0,42.0,1.0154869467410996,18125000.0,0
666,633280,2.0,1,2.7,3,2.0,2025,5,6,60.0,76.0,6.088040047725262,733333.3333333334,0
667,385780,1.0,1,2.5,3,3.0,1970,4,4,41.0,194.0,15.660557480341224,317073.1707317073,0
668,546450,1.0,2,2.0,4,2.0,2008,28,41,5.0,298.0,0.32366127036096953,10500000.0,0
669,759580,1.0,1,2.7,3,2.0,2021,10,12,4.0,30.0,3.7235645641752924,9875000.0,0
670,486690,1.0,1,2.7,4,2.0,2012,9,18,59.0,2579.0,5.160821297374529,508474.57627118647,0
671,340600,15.0,1,2.0,3,4.0,1989,5,5,6.0,0.0,1.1556142657221447,2033333.3333333333,0
672,941270,2.0,2,2.7,3,2.0,2022,2,10,97.0,252.0,8.240752556256213,597938.1443298969,0
673,813780,2.0,1,2.7,1,3.0,1970,4,4,58.0,22.0,6.531356278772148,663793.1034482758,0
674,701740,2.0,1,2.78,1,1.0,1985,1,4,56.0,224.0,7.2307470283549105,562500.0,0
675,941270,2.0,1,2.7,3,2.0,2022,7,10,6.0,11.0,8.805474418654846,10666666.666666666,0
676,970940,2.0,2,2.8,1,1.0,1979,4,5,137.0,195.0,6.620940203392789,875912.4087591241,0
677,843960,2.0,1,2.7,4,2.0,2023,6,15,80.0,76.0,3.287331907936772,712500.0,0
678,460500,1.0,1,2.8,1,2.0,2006,3,5,65.0,30.0,8.14488267819518,384615.3846153846,0
679,659110,1.0,1,2.0,3,1.0,2016,13,17,3.0,20.0,3.1514814100599464,8666666.666666666,0
680,861550,2.0,1,2.8,3,2.0,2026,3,3,86.0,66.0,7.859543440606684,697674.4186046511,0
681,708200,2.0,1,2.7,4,2.0,2022,9,12,70.0,42.0,7.573143917469109,785714.2857142857,0
682,670820,2.0,1,2.8,3,2.0,2020,4,7,71.0,203.0,11.305307088541431,661971.8309859155,0
683,799600,2.0,2,2.0,3,2.0,2004,6,15,110.0,78.0,4.722365919794904,863636.3636363636,0
684,639630,1.0,1,2.5,1,1.0,2023,11,11,36.0,265.0,1.9857379773286146,658333.3333333334,0
685,778740,1.0,1,2.8,3,2.0,2023,12,14,7.0,48.0,1.6343229571066826,4142857.1428571427,0
686,562170,2.0,1,2.8,4,2.0,2015,9,9,7.0,14.0,4.732620634761559,6928571.428571428,0
687,642070,1.0,1,2.0,3,2.0,2018,10,18,2.0,29.0,2.3545762581121368,19250000.0,0
688,938520,2.0,1,3.1,3,2.0,2025,4,9,55.0,92.0,5.1297586593756845,881818.1818181818,0
689,906220,2.0,1,2.0,1,2.0,2022,2,3,8.0,82.0,8.545056115304797,10625000.0,0
690,633610,1.0,1,2.7,4,1.0,2013,6,9,36.0,90.0,0.3647412105753694,708333.3333333334,0
691,384660,6.0,1,2.0,3,1.0,2026,5,6,65.0,1287.0,1.4882969292720123,276923.07692307694,0
692,738140,1.0,1,2.0,4,2.0,2024,9,19,24.0,1538.0,2.236197255302275,2625000.0,0
693,642070,1.0,1,2.0,3,2.0,2018,5,12,55.0,67.0,2.2905836593229005,581818.1818181818,0
694,455750,16.0,2,2.8,3,2.0,2027,3,12,66.0,107.0,1.760183080131503,470000.0,0
695,851840,1.0,1,2.0,3,2.0,2025,3,17,69.0,2240.0,3.61184859665371,992753.6231884058,0
696,740910,1.0,1,2.0,3,2.0,2025,7,9,41.0,3966.0,8.062431389956437,582926.8292682926,0
697,510360,1.0,1,2.5,4,2.0,2011,2,5,7.0,4395.0,6.676993764569855,1728571.4285714286,0
698,627200,1.0,1,2.7,1,4.0,2011,8,12,41.0,531.0,0.5615880367564093,585365.8536585366,0
699,516660,1.0,1,2.0,3,2.0,2014,20,25,5.0,4725.0,4.501287551009535,4598000.0,0
700,476050,1.0,1,2.0,1,4.0,2005,5,16,87.0,414.0,3.2978205231437077,517241.3793103448,0
701,513930,4.0,1,2.7,4,2.0,2020,3,10,42.0,6396.0,2.9219629293785037,559523.8095238095,0
702,592480,1.0,1,2.7,3,2.0,2015,5,9,5.0,466.0,3.892613801028247,4580000.0,0
703,801130,1.0,2,2.0,4,2.0,2024,6,9,95.0,37.0,2.505610463787307,957894.7368421053,0
704,755500,2.0,1,2.7,1,1.0,1991,5,5,68.0,12.0,2.4151407705867514,904411.7647058824,0
705,813500,1.0,2,2.0,3,2.0,2026,7,9,5.0,196.0,2.5488530132615397,12399999.8,0
706,605610,1.0,1,2.0,4,1.0,2025,10,12,56.0,308.0,3.3872954234598294,758928.5714285715,0
707,786360,2.0,2,2.9,1,2.0,2012,5,10,68.0,22.0,8.333670238503814,779411.7647058824,0
708,864170,2.0,1,2.0,3,2.0,2025,6,9,8.0,379.0,3.0528143389612783,5875000.0,0
709,550440,2.0,1,2.0,4,2.0,2012,1,5,2.0,312.0,5.831623600802419,16500000.0,0
710,726750,2.0,1,2.8,4,2.0,2007,3,12,2.0,137.0,3.8950195756079107,21500000.0,0
711,772660,2.0,1,3.2,1,2.0,2013,14,16,54.0,102.0,4.356048774275552,740740.7407407408,0
712,769460,1.0,1,2.7,3,1.0,2025,2,9,80.0,158.0,4.374388475720145,431250.0,0
713,633280,2.0,1,2.7,3,2.0,2025,4,12,54.0,0.0,5.947697288372725,962962.9629629629,0
714,605610,1.0,1,2.0,3,1.0,2025,9,12,40.0,235.0,3.3872954234598294,780000.0,0
715,867690,2.0,1,2.95,1,2.0,2022,5,10,43.0,96.0,1.5837406660404074,1034883.7209302326,0
716,861870,1.0,1,2.0,3,2.0,2026,1,9,74.0,20.0,6.225109468250207,608108.1081081082,0
717,738140,1.0,1,2.7,4,2.0,2024,4,9,68.0,50.0,2.906493786194672,838235.2941176471,0
718,828250,2.0,1,2.8,4,2.0,2023,7,10,8.0,172.0,1.6968127269535276,6750000.0,0
719,559490,1.0,1,2.7,4,1.0,2025,8,10,4.0,314.0,6.632889019338522,5700000.0,0
720,674680,2.0,2,2.8,1,2.0,2015,8,13,9.0,68.0,3.9151215653696823,8111111.111111111,0
721,865090,2.0,1,2.0,3,2.0,2025,11,12,9.0,206.0,1.6992503069808702,5555555.555555556,0
722,775870,1.0,1,2.7,3,4.0,2025,4,5,2.0,208.0,6.274251955886979,12250000.0,0
723,893050,2.0,1,2.0,4,2.0,2024,9,12,81.0,41.0,4.17560888137173,1604938.2716049382,0
724,816870,2.0,1,2.8,1,1.0,1988,5,5,1.0,312.0,4.636369421497536,41000000.0,0
725,667810,2.0,1,2.85,5,2.0,2026,2,6,72.0,193.0,11.836598187695044,388888.8888888889,0
726,747720,1.0,1,2.0,3,2.0,2026,7,8,63.0,29.0,4.037921034849003,603174.6031746032,0
727,797240,1.0,1,2.0,4,2.0,2025,8,22,45.0,290.0,4.441388007978467,1553333.3333333333,0
728,650650,2.0,1,2.7,3,2.0,2020,12,12,2.0,58.0,5.630470276472579,17500000.0,0
729,535010,1.0,2,2.7,3,2.0,2007,4,9,79.0,133.0,1.2582090563356558,631645.5696202532,0
730,854130,2.0,1,2.8,3,2.0,2024,8,10,5.0,46.0,1.6850742870066309,8000000.0,0
731,627220,2.0,1,2.7,4,2.0,2023,7,7,70.0,285.0,4.861375819191044,492857.14285714284,0
732,779030,2.0,1,2.0,4,3.0,1989,5,5,6.0,194.0,2.0649499050628113,9333333.333333334,0
733,608290,1.0,2,2.8,4,1.0,2025,3,7,110.0,230.0,6.736145640484551,636363.6363636364,0
734,733410,2.0,1,2.8,1,1.0,1993,1,5,1.0,8.0,4.8230733088720905,88000000.0,0
735,628000,2.0,1,2.75,3,4.0,1960,1,1,57.0,305.0,7.955609033581982,526315.7894736842,0
736,864170,2.0,1,2.0,4,2.0,2025,8,13,46.0,293.0,1.3011690464021424,880434.7826086957,0
737,717240,2.0,1,2.7,1,2.0,2020,3,5,6.0,165.0,8.796348464049618,7166666.666666667,0
738,473700,2.0,1,2.85,1,2.0,2007,5,8,38.0,71.0,16.101467390596266,684210.5263157894,0
739,865090,2.0,1,2.9,3,2.0,2025,16,16,3.0,183.0,2.7655062741132985,13333333.333333334,0
740,674290,2.0,1,2.0,2,3.0,1990,8,9,54.0,302.0,1.5775794186585004,703703.7037037037,0
741,856610,2.0,2,2.0,3,2.0,2008,12,14,3.0,271.0,4.463078115431163,35666666.666666664,0
742,726540,2.0,2,2.7,4,2.0,2023,6,9,91.0,202.0,11.643379136571747,768131.8681318681,0
743,732820,1.0,1,2.0,4,2.0,2023,11,12,42.0,54.0,2.445409164821068,738095.2380952381,0
744,384790,14.0,1,2.0,3,1.0,1975,3,9,2.0,1336.0,3.1151432514065283,13000000.0,0
745,627430,1.0,2,2.7,3,2.0,2020,6,10,110.0,587.0,8.610311686006197,450000.0,0
746,769460,1.0,1,2.7,3,1.0,2025,2,9,80.0,158.0,4.374388475720145,431250.0,0
747,633280,2.0,1,2.7,3,2.0,2025,4,12,54.0,0.0,5.947697288372725,962962.9629629629,0
748,605610,1.0,1,2.0,3,1.0,2025,9,12,40.0,235.0,3.3872954234598294,780000.0,0
749,867690,2.0,1,2.95,1,2.0,2022,5,10,43.0,96.0,1.5837406660404074,1034883.7209302326,0
750,861870,1.0,1,2.0,3,2.0,2026,1,9,74.0,20.0,6.225109468250207,608108.1081081082,0
751,738140,1.0,1,2.7,4,2.0,2024,4,9,68.0,50.0,2.906493786194672,838235.2941176471,0
752,403450,8.0,1,2.0,3,4.0,1980,1,5,6.0,891.0,6.30888099639504,4666666.666666667,0
753,533320,2.0,1,2.8,3,2.0,2012,9,9,88.0,121.0,7.340966719716578,443181.8181818182,0
754,733410,2.0,1,2.8,1,1.0,1993,1,5,1.0,8.0,4.8230733088720905,88000000.0,0
755,556470,2.0,1,2.0,3,2.0,2006,9,9,103.0,279.0,4.2200994461889225,485436.8932038835,0
756,628000,2.0,1,2.75,3,4.0,1960,1,1,57.0,305.0,7.955609033581982,526315.7894736842,0
757,679590,1.0,1,2.7,3,2.0,2017,5,12,48.0,34.0,3.514845380392422,635416.6666666666,0
758,864170,2.0,1,2.0,4,2.0,2025,8,13,46.0,293.0,1.3011690464021424,880434.7826086957,0
759,717240,2.0,1,2.7,1,2.0,2020,3,5,6.0,165.0,8.796348464049618,7166666.666666667,0
760,473700,2.0,1,2.85,1,2.0,2007,5,8,38.0,71.0,16.101467390596266,684210.5263157894,0
761,865090,2.0,1,2.9,3,2.0,2025,16,16,3.0,184.0,2.7655062741132985,13333333.333333334,0
762,674290,2.0,1,2.0,2,3.0,1990,8,9,54.0,302.0,1.5775794186585004,703703.7037037037,0
763,856610,2.0,2,2.0,3,2.0,2008,12,14,3.0,272.0,4.463078115431163,35666666.666666664,0
764,726540,2.0,2,2.7,4,2.0,2023,6,9,91.0,202.0,11.643379136571747,768131.8681318681,0
765,732820,1.0,1,2.0,4,2.0,2023,11,12,42.0,54.0,2.445409164821068,738095.2380952381,0
766,384790,14.0,1,2.0,3,1.0,1975,3,9,2.0,1336.0,3.1151432514065283,13050000.0,0
767,627430,1.0,2,2.7,3,2.0,2020,6,10,110.0,587.0,8.610311686006197,450000.0,0
768,676110,1.0,1,2.0,3,1.0,2025,11,12,39.0,218.0,4.874294086233896,1087876.923076923,0
769,802350,2.0,1,2.0,4,2.0,2023,1,3,8.0,47.0,6.909945339704789,2875000.0,0
770,664710,1.0,1,2.0,4,2.0,2022,2,10,41.0,226.0,3.5573542358796577,682926.8292682926,0
771,421200,14.0,1,2.0,3,4.0,1989,7,10,51.0,2.0,2.7235645731720544,450980.39215686277,0
772,542680,14.0,1,2.0,3,4.0,2021,1,2,3.0,2.0,2.0761743811249627,8666666.666666666,0
773,735600,1.0,1,2.0,3,4.0,2022,3,9,60.0,336.0,7.204520322017583,645000.0,0
774,713240,2.0,1,2.7,4,2.0,2025,7,9,71.0,75.0,8.472277926134838,633802.8169014085,0
775,693100,2.0,1,2.7,4,2.0,2025,4,9,5.0,267.0,8.297159076567166,5200000.0,0
776,872300,2.0,1,2.7,4,2.0,2020,3,13,9.0,37.0,2.9161653615074505,5444444.444444444,0
777,542480,9.0,2,2.0,3,1.0,2022,2,3,104.0,1.0,0.504399370873079,721153.8461538461,0
778,866150,2.0,1,2.0,4,2.0,2021,16,21,55.0,63.0,5.4038409685381525,1490909.0909090908,0
779,646950,2.0,1,2.85,4,2.0,2026,2,6,2.0,162.0,4.845415142302199,22900000.0,0
780,638080,2.0,1,2.0,3,2.0,2026,6,12,48.0,263.0,2.2018418498295427,645833.3333333334,0
781,639630,1.0,1,2.0,3,1.0,2023,11,12,57.0,261.0,5.114009227584646,605263.1578947369,0
782,742610,1.0,1,2.0,1,2.0,2018,3,12,3.0,82.0,4.423800676651299,12500000.0,0
783,903580,2.0,1,2.0,1,2.0,2020,6,12,3.0,299.0,7.325173175227168,27666666.666666668,0
784,595920,2.0,1,2.8,4,2.0,2006,1,9,69.0,249.0,7.611764512236136,623188.4057971014,0
785,685720,2.0,1,2.8,4,2.0,2023,6,6,53.0,191.0,7.988654798443133,524528.3018867924,0
786,643500,1.0,1,2.0,3,1.0,2020,8,10,92.0,130.0,3.457025669915164,760869.5652173914,0
787,646950,2.0,1,2.7,3,2.0,2022,2,12,1.0,148.0,7.563957855104837,45000000.0,0
788,724080,2.0,1,2.5,1,4.0,1990,1,9,77.0,4.0,1.3787776730005894,727272.7272727273,0
789,747410,2.0,2,2.0,4,2.0,2011,14,19,145.0,216.0,3.2569162175961806,831034.4827586206,0
790,613630,1.0,1,2.7,3,2.0,2017,10,16,40.0,0.0,4.618704862331595,550000.0,0
791,549020,5.0,1,2.0,4,2.0,2021,4,5,6.0,720.0,1.9252536836385654,5333333.333333333,0
792,692030,1.0,1,2.7,4,1.0,2018,5,8,89.0,370.0,3.6226482778272393,606741.5730337079,0
793,534070,5.0,1,3.2,4,2.0,2022,9,9,5.0,1459.0,1.4745127254517594,3600000.0,0
794,779030,2.0,1,2.8,3,3.0,1989,6,9,2.0,131.0,5.560534203536062,35900000.0,0
795,794320,2.0,1,2.0,5,2.0,2026,3,12,42.0,252.0,2.2805833599147753,880952.380952381,0
796,686670,2.0,1,2.0,3,1.0,1994,8,9,3.0,258.0,4.332197178687089,11500000.0,0
797,631660,2.0,1,2.75,3,2.0,2024,2,3,2.0,92.0,6.866426593726868,12250000.0,0
798,811690,2.0,1,3.2,1,1.0,1949,3,3,1.0,264.0,6.113884192298177,68000000.0,0
799,631660,2.0,1,2.7,4,2.0,2024,8,12,51.0,229.0,5.904387131323835,813725.4901960784,0
800,676270,1.0,1,2.7,4,2.0,2017,9,10,38.0,123.0,4.610533030266638,657894.7368421053,0
801,650040,1.0,1,2.0,4,1.0,2025,2,12,42.0,265.0,2.7752419673281454,750000.0,0
802,546850,1.0,1,2.0,4,1.0,2024,7,12,47.0,190.0,5.521377969101727,702127.6382978724,0
803,556100,1.0,1,2.0,3,4.0,2008,10,10,59.0,237.0,0.9395402014052393,540677.966101695,0
804,891080,2.0,1,2.0,4,2.0,2025,11,13,4.0,224.0,1.4140231596260324,9000000.0,0
805,724740,2.0,2,2.0,3,2.0,2026,2,12,92.0,221.0,8.04814290203791,847826.0869565217,0
806,492610,1.0,1,2.7,3,1.0,2011,4,10,9.0,11.0,4.817872326583869,4221111.111111111,0
807,662660,1.0,2,3.15,3,1.0,2016,9,13,118.0,23.0,1.0942275429619666,737288.1355932204,0
808,646950,2.0,1,2.7,4,2.0,2021,8,10,60.0,64.0,8.256004020286131,608333.3333333334,0
809,873900,2.0,1,2.0,4,2.0,2024,3,3,52.0,96.0,8.312419339620158,1076923.076923077,0
810,628640,2.0,1,2.0,3,2.0,2024,12,12,70.0,176.0,5.7593061977958175,898412.6857142857,0
811,724830,1.0,1,2.0,4,4.0,2021,12,12,88.0,40.0,4.116232141315232,680681.8181818182,0
812,485320,1.0,1,2.7,3,2.0,2010,11,18,2.0,153.0,5.060897860122014,9000000.0,0
813,833540,2.0,1,2.0,1,2.0,1986,5,9,3.0,192.0,1.391648742239894,17500000.0,0
814,646950,2.0,1,2.0,3,2.0,2021,1,3,62.0,15.0,9.263386131373606,1000000.0,0
815,535010,1.0,1,2.0,4,2.0,2007,5,9,8.0,476.0,0.16889598409146775,7500000.0,0
816,222370,9.0,1,2.0,4,3.0,1989,9,9,5.0,2895.0,5.776662753608019,3260000.0,0
817,740910,1.0,1,2.0,4,2.0,2025,5,12,44.0,1346.0,4.122923023714076,750000.0,0
818,580150,1.0,1,2.0,1,1.0,2021,3,9,6.0,861.0,1.8744598003230821,4250000.0,0
819,408970,2.0,1,2.6,4,3.0,1994,3,5,9.0,1217.0,16.135854190426457,6222222.222222222,0
820,682390,9.0,1,2.5,4,1.0,1963,3,5,7.0,1175.0,2.6027001270742987,4271428.571428572,0
821,858310,1.0,1,2.0,3,2.0,2024,2,9,116.0,455.0,3.5578932960309406,628448.275862069,0
822,851840,1.0,2,2.0,3,2.0,2025,8,17,2.0,2371.0,2.978773864612851,44900000.0,0
823,489580,1.0,1,2.8,4,2.0,2010,8,9,37.0,174.0,4.274017681738817,662162.1621621621,0
824,797240,1.0,1,2.0,3,2.0,2025,14,17,41.0,355.0,3.0003889261932284,939024.3902439025,0
825,481740,9.0,2,2.0,4,4.0,2015,2,4,95.0,1653.0,3.7349783674556782,831578.947368421,0
826,474640,1.0,1,2.7,1,2.0,2009,10,18,5.0,3582.0,5.220786474144192,5760000.0,0
827,637840,1.0,1,2.85,3,2.0,2013,9,14,5.0,52.0,1.326176518443054,5100000.0,0
828,635880,1.0,1,2.7,1,2.0,2014,9,14,40.0,577.0,1.517635788054924,617500.0,0
829,583850,1.0,1,2.0,3,1.0,2020,2,10,36.0,316.0,3.457025669915164,630555.5555555555,0
830,803690,2.0,1,2.8,4,1.0,1993,1,9,70.0,4524.0,4.015497183458704,731428.5714285715,0
831,752830,1.0,1,2.0,4,1.0,2023,7,9,90.0,269.0,2.173997414083413,950000.0,0
832,323620,5.0,1,2.0,4,3.0,1982,1,5,4.0,1144.0,1.5368864524422168,5125000.0,0
833,574660,2.0,1,2.7,4,1.0,2024,4,5,2.0,127.0,8.671375729718417,18250000.0,0
834,506070,5.0,1,2.0,4,2.0,2021,3,9,5.0,217.0,7.88765458647737,5980000.0,0
835,450570,14.0,1,2.0,4,3.0,1978,5,5,8.0,38.0,2.0617177696608024,1812500.0,0
836,737320,2.0,2,2.7,4,2.0,2022,5,13,90.0,315.0,7.70205922530905,766666.6666666666,0
837,552150,1.0,1,2.7,3,2.0,1986,1,5,8.0,8663.0,3.5951369856973523,1732500.0,0
838,619960,2.0,1,2.6,1,2.0,2020,6,6,58.0,291.0,11.455050045180887,568965.5172413794,0
839,631060,2.0,1,2.0,4,4.0,2024,5,5,50.0,131.0,6.626160661558216,700000.0,0
840,879740,2.0,1,3.3,5,2.0,2024,6,6,68.0,252.0,11.202801754957287,720588.2352941176,0
841,708450,1.0,1,3.3,4,1.0,2019,5,9,60.0,152.0,3.585004239861574,800000.0,0
842,660980,2.0,1,2.0,3,2.0,2025,4,6,8.0,31.0,5.315515762953384,6375000.0,0
843,496540,1.0,1,2.7,1,2.0,2011,12,14,4.0,171.0,5.943953869364423,7125000.0,0
844,793010,2.0,1,2.0,3,3.0,1982,3,4,10.0,123.0,2.8346950029079307,1100000.0,0
845,666990,2.0,1,2.0,3,2.0,2025,5,9,5.0,204.0,4.79586049681408,6600000.0,0
846,523100,1.0,1,2.7,3,1.0,2011,7,9,130.0,127.0,3.40103630901877,692307.6923076923,0
847,517090,2.0,1,2.7,1,2.0,2009,7,9,68.0,13.0,4.974919048724059,544117.6470588235,0
848,671710,2.0,1,2.0,4,2.0,2023,5,8,46.0,120.0,8.795386889980412,586956.5217391305,0
849,851840,1.0,2,2.0,3,2.0,2025,11,22,110.0,236.0,4.5017010750717175,872727.2727272727,0
850,488790,1.0,2,2.7,1,1.0,2009,4,9,66.0,6.0,5.285031480880897,496969.69696969696,0
851,864170,2.0,1,2.0,3,2.0,2025,12,13,8.0,246.0,1.3206956679138344,5187500.0,0
852,732820,1.0,1,2.0,3,2.0,2023,14,17,46.0,306.0,2.587700227305048,782608.695652174,0
853,800060,2.0,1,2.0,4,1.0,1991,1,5,1.0,68.0,6.207791872598066,65700000.0,0
854,584390,1.0,1,2.8,3,4.0,2017,9,9,40.0,149.0,4.147983326477629,610000.0,0
855,445370,1.0,1,2.7,3,3.0,1992,2,9,52.0,314.0,5.192993761989576,480769.23076923075,0
856,708580,1.0,1,2.0,3,2.0,2021,5,10,41.0,212.0,2.6234581199944778,804878.0487804879,0
857,624250,2.0,1,2.8,3,3.0,1975,6,9,1.0,313.0,3.9979092955586624,45000000.0,0
858,685720,2.0,1,2.9,1,2.0,2021,1,9,40.0,231.0,8.156282322413663,600000.0,0
859,408880,1.0,1,2.0,4,4.0,1962,2,3,6.0,131.0,6.959131031184163,2750000.0,0
860,636320,1.0,1,2.7,4,2.0,2023,4,17,53.0,27.0,7.999720856180858,603773.5849056604,0
861,639630,1.0,1,2.0,4,1.0,2023,4,9,47.0,309.0,2.2525214966033715,844680.8510638297,0
862,743210,1.0,1,2.7,3,2.0,2025,10,21,4.0,82.0,1.0784840576246488,7500000.0,0
863,666990,2.0,1,2.0,3,2.0,2025,5,12,1.0,175.0,5.017196969320959,24000000.0,0
864,989790,2.0,1,2.9,3,2.0,2025,15,17,30.0,259.0,2.9915499873183875,950000.0,0
865,646950,2.0,1,2.7,3,2.0,2022,12,12,42.0,187.0,7.517959567762222,773809.5238095238,0
866,812210,2.0,1,2.7,1,1.0,1975,2,4,4.0,295.0,2.138706066582883,14000000.0,0
867,562230,1.0,1,2.7,3,1.0,2022,1,10,40.0,61.0,8.436222517823001,600000.0,0
868,738170,1.0,1,2.0,4,1.0,2025,11,12,51.0,160.0,3.071434747911088,833333.3333333334,0
869,630510,2.0,1,2.8,4,1.0,2017,5,10,74.0,70.0,5.317661852719865,783783.7837837838,0
870,794700,1.0,1,2.7,3,2.0,2024,4,9,42.0,303.0,5.486412460940846,616666.6666666666,0
871,885750,2.0,2,3.2,3,2.0,2025,1,3,8.0,98.0,8.658253961628372,11000000.0,0
872,764120,2.0,2,2.7,3,2.0,2025,2,6,106.0,78.0,6.171214862450398,697169.8113207547,0
873,690870,2.0,1,2.75,1,3.0,1986,4,9,55.0,18.0,1.068354006547659,854545.4545454546,0
874,653470,2.0,1,2.7,4,3.0,1966,4,4,2.0,86.0,4.020613830094051,14250000.0,0
875,510550,2.0,1,2.0,3,2.0,2010,8,9,83.0,157.0,4.8821379607720194,493975.9036144578,0
876,650040,1.0,1,2.0,4,1.0,2025,9,12,4.0,273.0,5.773302692815452,10999975.0,0
877,828250,2.0,1,2.0,4,2.0,2023,17,18,90.0,233.0,1.5897874815350335,811111.1111111111,0
878,642830,2.0,1,2.6,4,3.0,1991,5,5,1.0,198.0,7.6751111749412155,46000000.0,0
879,638170,2.0,2,2.7,4,2.0,2022,2,7,7.0,152.0,11.816467916450254,8142857.142857143,0
880,638290,1.0,1,2.0,4,1.0,2024,6,9,50.0,103.0,3.8026861637170315,770000.0,0
881,880850,2.0,1,2.0,3,2.0,2023,8,16,62.0,128.0,4.2552300837787325,1177419.3548387096,0
882,794320,2.0,1,2.0,3,2.0,2026,6,16,9.0,34.0,2.3406659565236922,3222222.222222222,0
883,632880,2.0,1,2.0,3,3.0,2025,10,13,72.0,77.0,1.4298076418423584,763888.875,0
884,975790,2.0,2,2.7,4,2.0,2018,1,12,70.0,40.0,3.5486121396326937,1000000.0,0
885,521010,2.0,1,2.8,3,2.0,2014,5,7,33.0,70.0,7.612890667919681,636060.6060606061,0
886,740910,1.0,1,2.0,4,2.0,2025,3,9,1.0,298.0,2.2187375142622456,32000000.0,0
887,408880,1.0,1,2.0,4,4.0,1962,2,3,6.0,131.0,6.959131031184163,2750000.0,0
888,636320,1.0,1,2.7,4,2.0,2023,4,17,53.0,27.0,7.999720856180858,603773.5849056604,0
889,639630,1.0,1,2.0,4,1.0,2023,4,9,47.0,309.0,2.2525214966033715,844680.8510638297,0
890,743210,1.0,1,2.7,3,2.0,2025,10,21,4.0,82.0,1.0784840576246488,7500000.0,0
891,666990,2.0,1,2.0,3,2.0,2025,5,12,1.0,175.0,5.017196969320959,24000000.0,0
892,989790,2.0,1,2.9,3,2.0,2025,15,17,30.0,259.0,2.9915499873183875,950000.0,0
893,646950,2.0,1,2.7,3,2.0,2022,12,12,42.0,187.0,7.517959567762222,773809.5238095238,0
894,812210,2.0,1,2.7,1,1.0,1975,2,4,4.0,295.0,2.138706066582883,14000000.0,0
895,562230,1.0,1,2.7,3,1.0,2022,1,10,40.0,61.0,8.436222517823001,600000.0,0
896,738170,1.0,1,2.0,4,1.0,2025,11,12,51.0,160.0,3.071434747911088,833333.3333333334,0
897,630510,2.0,1,2.8,4,1.0,2017,5,10,74.0,70.0,5.317661852719865,783783.7837837838,0
898,352820,14.0,1,2.0,1,4.0,1961,2,3,8.0,2.0,1.9930784335260179,1587500.0,0
899,979370,2.0,1,2.8,1,2.0,2023,12,16,60.0,189.0,6.318829072367021,941666.6666666666,0
900,748470,2.0,1,2.9,4,2.0,2012,2,10,1.0,105.0,8.398807320617427,78000000.0,0
901,677720,1.0,1,2.0,3,2.0,2025,15,18,37.0,274.0,1.373448976578871,874324.3243243244,0
902,639630,1.0,1,2.0,4,1.0,2023,5,9,50.0,70.0,3.863439024985813,830000.0,0
903,672770,1.0,1,2.0,3,1.0,2026,7,8,43.0,295.0,6.07814734524722,674418.5813953489,0
904,738140,1.0,1,2.0,3,2.0,2024,7,17,58.0,285.0,3.5777111800236043,732758.6206896552,0
905,982360,2.0,1,2.8,1,1.0,1991,5,5,90.0,220.0,4.696611212717051,766666.6666666666,0
906,880850,2.0,1,2.0,3,2.0,2023,8,16,62.0,128.0,4.2552300837787325,1177419.3548387096,0
907,794320,2.0,1,2.0,3,2.0,2026,6,16,9.0,34.0,2.3406659565236922,3222222.222222222,0
908,596570,1.0,1,2.0,3,1.0,2025,9,12,36.0,141.0,5.84629170376332,802777.7777777778,0
909,632880,2.0,1,2.0,3,3.0,2025,10,13,72.0,77.0,1.4298076418423584,763888.875,0
910,495970,2.0,1,2.8,1,2.0,2008,1,6,2.0,251.0,13.0527296412352,17000000.0,0
911,975790,2.0,2,2.7,4,2.0,2018,1,12,70.0,40.0,3.5486121396326937,1000000.0,0
912,521010,2.0,1,2.8,3,2.0,2014,5,7,33.0,70.0,7.612890667919681,636060.6060606061,0
913,740910,1.0,1,2.0,4,2.0,2025,3,9,1.0,298.0,2.2187375142622456,32000000.0,0
914,694800,1.0,1,2.0,4,2.0,2020,3,12,3.0,411.0,5.67164981118268,8663333.333333334,0
915,692100,2.0,1,2.0,3,2.0,2026,1,9,55.0,187.0,11.61844620541909,472727.2727272727,0
916,865090,2.0,1,2.0,3,2.0,2025,5,9,54.0,66.0,1.5256414343620337,1129629.6296296297,0
917,491420,9.0,2,2.0,1,2.0,2019,2,19,75.0,75.0,1.8146190885853983,506666.6666666667,0
918,717240,2.0,1,2.7,4,2.0,2020,11,14,82.0,37.0,5.682401703288022,792682.9268292683,0
919,972190,2.0,1,2.8,1,2.0,2019,10,13,46.0,220.0,4.122021921078025,869565.2173913043,0
920,688610,1.0,2,2.8,3,1.0,2026,9,9,82.0,61.0,7.3553360486124495,463414.6341463415,0
921,618040,1.0,1,2.0,3,2.0,2025,3,16,91.0,298.0,3.589596477861319,334065.93406593404,0
922,796130,1.0,1,2.8,4,4.0,2022,8,17,1.0,211.0,5.205331248210967,80000000.0,0
923,588240,2.0,1,2.0,4,1.0,2010,6,6,65.0,282.0,15.823888415911116,569230.7692307692,0
924,645250,1.0,2,2.7,1,1.0,2021,3,8,93.0,200.0,5.819424792090782,548387.0967741936,0
925,709740,2.0,1,2.8,3,2.0,2026,7,9,59.0,204.0,13.086110608412582,457610.16949152545,0
926,874300,2.0,1,2.7,4,1.0,1973,1,4,80.0,106.0,4.420618604047616,875000.0,0
927,984550,2.0,1,2.0,4,2.0,2024,3,13,2.0,76.0,4.169423835539085,18250000.0,0
928,628300,2.0,1,2.8,3,2.0,2022,1,5,30.0,57.0,7.943713468692514,700000.0,0
929,740910,1.0,1,2.0,4,2.0,2025,8,12,46.0,81.0,3.799051044157284,717391.304347826,0
930,672840,1.0,1,2.7,3,1.0,2025,2,5,34.0,250.0,6.2659544778444305,632352.9411764706,0
931,814340,1.0,2,2.0,4,2.0,2022,17,17,92.0,272.0,1.8442131230934602,760869.5652173914,0
932,794700,1.0,1,2.7,3,2.0,2024,8,12,49.0,17.0,5.2251137751648375,683673.4693877551,0
933,854630,2.0,2,2.0,4,2.0,2023,18,18,70.0,10.0,1.518879731699375,928571.4285714285,0
934,614710,2.0,1,2.7,4,2.0,2021,3,6,77.0,298.0,2.9632764542503813,623376.6233766234,0
935,631660,2.0,1,2.0,3,2.0,2024,12,12,51.0,170.0,5.229322934763038,558823.5294117647,0
936,585910,2.0,1,2.8,1,1.0,2011,3,9,2.0,123.0,5.040579183428551,24500000.0,0
937,638170,2.0,1,2.85,1,2.0,2023,4,4,70.0,50.0,14.850253260130142,642857.1428571428,0
938,809330,1.0,1,2.0,3,1.0,2025,9,12,145.0,197.0,5.669361863579717,748275.8620689656,0
939,880850,2.0,1,2.95,3,2.0,2023,12,17,2.0,184.0,3.0537190739336126,26000000.0,0
940,740910,1.0,1,2.0,4,2.0,2025,3,9,44.0,257.0,2.46569189786513,795454.5454545454,0
941,525930,1.0,2,2.7,2,1.0,2000,3,9,110.0,225.0,3.998709401123018,505454.54545454547,0
942,613730,2.0,1,2.0,2,3.0,1979,4,5,8.0,310.0,1.706539142453901,4687500.0,0
943,738170,1.0,2,2.0,3,1.0,2025,4,12,76.0,164.0,3.0567321052166987,526315.7894736842,0
944,692100,2.0,1,2.0,3,2.0,2026,1,9,55.0,188.0,11.61844620541909,472727.2727272727,0
945,475330,1.0,2,2.8,3,1.0,2005,8,9,135.0,237.0,4.274077840825531,481481.48148148146,0
946,880850,2.0,1,2.7,3,2.0,2023,8,16,8.0,290.0,2.9625923696193546,5337500.0,0
947,909250,1.0,2,2.0,4,2.0,2022,7,12,140.0,308.0,3.6582604194651562,671428.5714285715,0
948,738140,1.0,1,2.0,3,2.0,2024,17,17,43.0,233.0,3.551756835068855,720930.2093023256,0
949,475910,1.0,1,2.0,1,1.0,2016,10,10,2.0,270.0,6.084415299854317,11700000.0,0
950,845470,1.0,2,2.0,3,2.0,2019,4,8,8.0,181.0,3.301109350303093,11875000.0,0
951,622250,2.0,1,2.6,3,2.0,2023,7,10,76.0,163.0,5.055128322255441,559210.5263157894,0
952,638510,2.0,2,3.3,3,3.0,2023,3,3,65.0,53.0,7.663438189824627,692307.6923076923,0
953,647070,1.0,1,2.7,4,2.0,2023,9,9,70.0,169.0,8.675331186682492,500000.0,0
954,604660,2.0,1,2.5,4,3.0,1990,4,5,52.0,242.0,6.517542994215694,596153.8461538461,0
955,862700,2.0,1,2.0,2,3.0,1977,2,4,5.0,230.0,0.5737562407900753,4800000.0,0
956,927410,2.0,1,2.7,4,2.0,2023,7,13,95.0,168.0,1.9393644817431466,851578.947368421,0
957,673490,1.0,1,2.0,4,1.0,2023,4,10,42.0,12.0,2.3221071560253037,833333.3333333334,0
958,477010,1.0,1,2.7,3,1.0,2005,2,11,6.0,230.0,4.719283712703266,4750000.0,0
959,581010,2.0,1,2.7,4,2.0,2017,5,9,55.0,220.0,5.245494127409441,636363.6363636364,0
960,627220,2.0,1,2.7,4,2.0,2023,7,7,70.0,293.0,4.861375819191044,492857.14285714284,0
961,762780,2.0,1,2.0,3,1.0,1993,7,9,8.0,156.0,4.015497183458704,4812500.0,0
962,655640,1.0,2,2.0,3,1.0,2022,11,12,86.0,65.0,5.01444107877836,463953.488372093,0
963,645840,2.0,1,2.8,1,2.0,2007,9,9,50.0,12.0,7.649281068644243,550000.0,0
964,950940,2.0,1,2.0,4,2.0,2021,9,13,5.0,172.0,1.9627337354537593,9800000.0,0
965,683170,1.0,1,2.65,4,2.0,2026,4,17,3.0,225.0,4.92797874460631,7700000.0,0
966,694880,2.0,1,2.7,3,2.0,2026,8,9,39.0,139.0,7.883116960513061,584615.3846153846,0
967,938520,2.0,1,2.7,4,2.0,2025,11,12,45.0,41.0,2.720871125385516,1100000.0,0
968,631280,2.0,1,2.9,4,2.0,2025,6,6,56.0,49.0,4.698113789500991,712500.0,0
969,903150,2.0,1,2.7,4,2.0,2023,10,16,75.0,54.0,3.0531298563312097,866666.6666666666,0
970,580210,1.0,1,2.0,3,2.0,2025,2,12,3.0,151.0,4.858877164237199,7833333.333333333,0
971,726820,2.0,2,2.0,1,1.0,1976,1,5,20.0,113.0,2.85295437045627,800000.0,0
972,903200,2.0,1,3.5,3,4.0,2023,2,13,115.0,217.0,3.7454664151204087,1026086.9565217391,0
973,771020,1.0,2,2.0,3,2.0,2022,4,12,84.0,137.0,2.8455351001645535,773809.5238095238,0
974,893050,2.0,1,2.0,4,2.0,2024,12,20,80.0,59.0,1.1161017234333483,925000.0,0
975,941270,2.0,1,2.0,4,2.0,2020,2,3,138.0,124.0,6.570254155956901,1050724.6376811594,0
976,798660,1.0,2,2.0,4,2.0,2020,3,9,72.0,145.0,3.1222569050491784,736111.1111111111,0
977,516780,1.0,2,2.5,1,1.0,2013,7,10,79.0,115.0,5.771355693634256,506329.11392405065,0
978,764120,2.0,1,2.0,4,2.0,2025,9,12,92.0,15.0,5.866310883911461,881521.7391304348,0
979,628770,1.0,1,2.7,3,3.0,2020,2,16,50.0,93.0,4.423800676651299,690000.0,0
980,666990,2.0,1,2.0,4,2.0,2025,3,5,50.0,111.0,6.859346137283466,676000.0,0
981,713900,2.0,1,2.7,3,2.0,2019,10,10,86.0,68.0,7.586663268294641,662790.6976744186,0
982,942710,2.0,2,2.0,3,4.0,2024,9,9,82.0,183.0,1.733896982189176,573170.731707317,0
983,547910,2.0,1,2.0,2,3.0,1985,4,5,59.0,291.0,9.948469488056125,601694.9152542372,0
984,681700,1.0,1,2.0,3,1.0,2024,4,9,5.0,239.0,2.8927397156123527,5800000.0,0
985,846910,2.0,1,2.8,3,2.0,2024,10,13,70.0,313.0,1.45752701150976,627142.8571428572,0
986,631660,2.0,1,2.75,4,2.0,2024,4,6,3.0,286.0,4.7916181834642675,13833333.333333334,0
987,952450,2.0,1,2.8,3,2.0,2021,1,5,7.0,50.0,12.117140081955242,4857142.857142857,0
988,628050,2.0,1,2.7,1,2.0,2022,3,6,58.0,137.0,2.9094385587147498,646551.724137931,0
989,893050,2.0,1,3.1,4,2.0,2024,1,3,5.0,119.0,5.404991396587566,19200000.0,0
990,527750,1.0,2,2.0,3,4.0,2025,8,12,8.0,249.0,6.668947024214195,5162500.0,0
991,563930,1.0,1,2.0,3,1.0,2026,8,9,73.0,173.0,5.368816872034671,452054.79452054796,0
992,698780,2.0,1,2.0,3,1.0,1973,5,5,6.0,8808.0,4.989581113410652,7666666.666666667,0
993,679590,1.0,1,2.0,4,2.0,2017,18,19,1.0,784.0,2.3614004157797046,48000000.0,0
994,413420,10.0,1,2.0,1,1.0,1980,2,2,40.0,45.0,1.2563633803995082,500000.0,0
995,596550,1.0,2,2.0,4,2.0,2019,7,10,86.0,19526.0,3.3535304822354832,976744.1744186047,0
996,909250,1.0,2,2.0,1,2.0,2022,5,21,8.0,133.0,1.0771726906034158,18750000.0,0
997,676110,1.0,2,2.7,3,1.0,2025,2,9,79.0,1743.0,3.375589866904859,600000.0,0
998,740910,1.0,1,2.0,3,2.0,2025,12,16,1.0,1930.0,8.058199554808132,27800000.0,0
999,647070,1.0,2,2.0,3,2.0,2023,10,12,125.0,1766.0,3.1354814120100967,1080000.0,0
1000,740910,1.0,1,2.0,3,2.0,2025,6,12,56.0,2050.0,1.2936631259684925,1026785.7142857143,0
1001,805430,1.0,1,2.0,3,2.0,2025,14,20,77.0,460.0,3.3091520926555305,828571.4285714285,0
1002,586530,1.0,1,2.7,3,2.0,2012,3,10,65.0,3633.0,1.8020153410732531,584615.3846153846,0
1003,740910,1.0,1,2.0,3,2.0,2025,3,12,41.0,11522.0,3.293101601753674,719512.1951219512,0
1004,676110,1.0,1,2.0,3,1.0,2025,11,12,67.0,1109.0,2.7752419673281454,744776.1194029851,0
1005,568610,1.0,1,2.0,3,1.0,2019,4,10,70.0,1114.0,5.285770891553162,525714.2857142857,0
1006,449970,1.0,1,2.8,3,1.0,2026,3,6,52.0,257.0,9.09316241939477,292307.6923076923,0
1007,449100,1.0,1,2.0,3,4.0,1986,4,5,60.0,155.0,4.795172055856544,425000.0,0
1008,660870,1.0,2,2.0,4,1.0,2023,4,10,6.0,128.0,3.7470946785076884,11666666.666666666,0
1009,430170,15.0,1,2.8,1,2.0,2016,6,9,4.0,886.0,9.852064660909258,7250000.0,0
1010,670390,2.0,1,2.0,3,2.0,2024,4,5,43.0,169.0,6.6029934025922605,732558.1395348837,0
1011,633280,2.0,1,2.85,4,2.0,2025,2,6,67.0,139.0,4.738360701574096,641791.0447761194,0
1012,595950,1.0,1,2.0,3,1.0,2024,11,12,75.0,111.0,6.732084603952916,480000.0,0
1013,655640,1.0,1,2.0,3,1.0,2022,1,10,85.0,192.0,2.9727717987764444,570588.2352941176,0
1014,596570,1.0,1,2.8,3,1.0,2025,2,5,5.0,271.0,10.055313713480476,1960000.0,0
1015,667150,1.0,1,2.0,3,2.0,2023,5,18,5.0,124.0,2.4318723232088773,5300000.0,0
1016,638080,2.0,1,2.8,3,2.0,2026,5,9,66.0,34.0,10.466906557572953,545454.5454545454,0
1017,617910,2.0,1,2.0,3,2.0,2024,1,6,70.0,62.0,6.9688105747730065,535714.2857142857,0
1018,975790,2.0,1,2.85,3,2.0,2018,7,9,50.0,146.0,1.3461030247717354,1174000.0,0
1019,627430,2.0,1,2.0,3,3.0,1969,1,4,4.0,123.0,1.870768463148833,9375000.0,0
1020,564770,1.0,1,2.7,4,2.0,2021,3,4,4.0,55.0,10.019366148255024,5250000.0,0
1021,628300,2.0,1,2.0,3,4.0,2025,4,9,39.0,16.0,9.728664374828243,500000.0,0
1022,698780,2.0,1,2.0,3,1.0,1973,5,5,6.0,8809.0,4.989581113410652,7666666.666666667,0
1023,953340,1.0,1,2.0,3,2.0,2025,15,17,135.0,222.0,4.892551738580011,644444.4444444445,0
1024,605510,2.0,1,2.7,3,2.0,2023,7,7,70.0,42.0,4.861375819191044,550000.0,0
1025,747410,2.0,1,2.8,1,2.0,2011,9,10,3.0,109.0,2.014633988490151,27433333.333333332,0
1026,833540,2.0,1,2.0,1,2.0,1986,5,9,3.0,195.0,1.391648742239894,17500000.0,0
1027,708200,2.0,1,2.7,3,2.0,2021,8,9,85.0,183.0,7.961074661165245,647058.8235294118,0
1028,692100,2.0,1,2.0,3,2.0,2026,6,8,60.0,162.0,11.373413264484864,548333.3333333334,0
1029,833540,2.0,1,2.7,2,2.0,1972,1,9,72.0,82.0,5.831520389701309,1097222.2222222222,0
1030,811790,2.0,2,2.0,4,2.0,2006,1,14,94.0,289.0,4.5904225840478095,765957.4468085107,0
1031,547100,1.0,2,2.8,1,2.0,2013,12,13,1.0,56.0,4.052658191910169,39500000.0,0
1032,891080,2.0,1,2.0,3,2.0,2025,1,9,43.0,138.0,3.0571320182468624,965116.2790697674,0
1033,856630,2.0,1,2.8,4,2.0,2016,11,15,2.0,314.0,0.9641320298910331,29750000.0,0
1034,740910,1.0,1,2.0,4,2.0,2025,6,18,45.0,200.0,2.644123286389943,824444.4444444445,0
1035,802020,1.0,1,2.0,3,2.0,2026,8,9,51.0,289.0,5.094197572150791,774509.8039215687,0
1036,659830,1.0,2,2.0,3,4.0,2014,2,7,128.0,28.0,4.145012324723795,550781.25,0
1037,885750,2.0,2,2.0,3,2.0,2025,1,3,93.0,71.0,20.690175805366597,504301.0752688172,0
1038,657750,1.0,1,2.0,4,2.0,2024,8,12,85.0,165.0,3.8393460242105273,647058.8235294118,0
1039,450340,1.0,1,2.7,3,1.0,2008,8,12,8.0,278.0,3.7921456812337566,7500000.0,0
1040,746470,1.0,1,2.0,3,2.0,2027,15,2250,,,2.543188811185658,,0
1041,746470,1.0,1,2.0,3,2.0,2027,35,1358,,,2.543188811185658,,0
1042,634420,1.0,1,2.0,3,2.0,2021,2,9,80.0,18.0,6.886681866288722,662500.0,0
1043,938330,2.0,1,2.95,4,2.0,2016,13,16,4.0,98.0,4.294909850769185,15000000.0,0
1044,674680,2.0,1,3.4,4,2.0,2015,1,13,93.0,214.0,3.9151215653696823,676333.3333333334,0
1045,740910,1.0,1,2.0,3,2.0,2025,4,16,60.0,313.0,4.350241546772765,591666.6666666666,0
1046,632570,2.0,1,2.85,5,2.0,2026,4,6,4.0,269.0,11.836598187695044,9500000.0,0
1047,880850,2.0,2,2.0,3,2.0,2023,14,15,88.0,116.0,3.7342650703517886,998863.6363636364,0
1048,475040,1.0,2,3.2,4,1.0,2017,20,20,111.0,49.0,4.137841009632381,765765.7657657658,0
1049,880850,2.0,2,2.7,3,2.0,2023,12,16,2.0,125.0,3.0053409123498214,25000000.0,0
1050,718680,1.0,1,2.0,3,2.0,2022,13,18,42.0,334.0,4.635321585088616,750000.0,0
1051,685720,2.0,1,2.7,3,2.0,2022,6,12,39.0,209.0,7.581796300022536,820512.8205128205,0
1052,631280,2.0,1,2.8,3,2.0,2025,9,9,69.0,187.0,5.543965514374581,471014.49275362317,0
1053,765780,1.0,2,2.0,3,2.0,2017,3,12,120.0,323.0,5.600216796549939,625000.0,0
1054,457550,1.0,2,2.7,4,1.0,2011,1,9,68.0,213.0,5.690493821023655,588235.2941176471,0
1055,797240,1.0,1,2.0,3,2.0,2025,3,9,4.0,258.0,3.934110284092684,8750000.0,0
1056,589560,1.0,1,2.0,4,1.0,2023,7,10,36.0,60.0,2.864907430479021,888888.8888888889,0
1057,493480,2.0,1,2.75,2,2.0,1982,3,3,56.0,301.0,7.618142729164599,535714.2857142857,0
1058,494490,1.0,1,2.7,1,1.0,2010,11,13,59.0,256.0,5.1770716883023296,489830.5084745763,0
1059,666990,2.0,1,2.0,3,2.0,2025,5,6,45.0,237.0,4.892831649344808,577777.7777777778,0
1060,845470,1.0,2,2.0,1,2.0,2019,8,10,130.0,253.0,1.7803664022398542,923076.9230769231,0
1061,942880,2.0,1,2.0,4,2.0,2024,3,12,40.0,71.0,5.012062781814627,1350000.0,0
1062,637640,1.0,2,2.0,3,4.0,2015,8,9,120.0,206.0,3.1687670537675583,475000.0,0
1063,555120,14.0,2,2.0,4,1.0,2024,6,10,109.0,1325.0,2.2983137719908213,1146788.990825688,0
1064,790550,2.0,1,2.0,1,3.0,1995,6,9,2.0,15.0,0.688551432992995,16000000.0,0
1065,831060,2.0,1,2.0,3,2.0,2015,9,9,4.0,5970.0,1.6328615186256255,9750000.0,0
1066,863530,2.0,1,2.0,4,2.0,2011,2,3,70.0,789.0,7.489777345722906,898571.4285714285,0
1067,738140,1.0,1,2.0,4,2.0,2024,14,17,5.0,1453.0,3.5836200834340377,6850000.0,0
1068,976270,2.0,1,2.0,4,4.0,2018,10,12,80.0,913.0,3.56420662025994,862500.0,0
1069,690650,1.0,1,2.7,5,2.0,2018,10,16,3.0,193.0,4.5297051294204875,7300000.0,0
1070,740910,1.0,1,2.0,4,2.0,2025,10,22,5.0,1618.0,2.6768571936089365,7240000.0,0
1071,801130,1.0,1,2.0,3,2.0,2024,2,12,64.0,25.0,5.670588220592199,609375.0,0
1072,512320,5.0,1,2.0,3,2.0,2022,6,9,8.0,321.0,0.6654647258536138,5625000.0,0
1073,671330,1.0,1,2.0,3,1.0,2018,5,9,40.0,1057.0,2.1176626461813197,736250.0,0
1074,813500,1.0,1,2.0,3,2.0,2026,4,12,7.0,1952.0,5.70066465405907,8357142.857142857,0
1075,740910,1.0,1,2.0,4,2.0,2025,14,15,44.0,465.0,6.279558148805071,611363.6363636364,0
1076,361240,5.0,1,2.0,4,3.0,1993,3,5,1.0,15128.0,4.4262405032999865,30000000.0,0
1077,694800,1.0,1,2.0,3,2.0,2020,3,12,45.0,626.0,1.2936631259684925,1033333.3333333334,0
1078,740910,1.0,1,2.0,3,2.0,2025,4,16,60.0,313.0,4.350241546772765,591666.6666666666,0
1079,650040,1.0,1,2.0,4,1.0,2025,5,9,53.0,190.0,7.775723951408982,613188.679245283,0
1080,547550,14.0,1,2.0,4,4.0,2022,4,9,68.0,0.0,2.1446012127269674,647058.8235294118,0
1081,416990,5.0,2,2.0,1,1.0,2019,2,5,82.0,979.0,1.0322533650969752,414634.14634146343,0
1082,196400,17.0,1,2.5,4,3.0,1972,5,5,48.0,5199.0,0.03076590791588866,160416.66666666666,0
1083,605610,1.0,2,3.15,3,1.0,2025,9,16,77.0,230.0,2.9994181364365278,870129.8701298701,0
1084,677190,1.0,1,2.8,3,2.0,2016,1,7,9.0,237.0,3.8707357861112737,5555555.555555556,0
1085,480860,1.0,1,2.7,1,2.0,1983,5,5,60.0,739.0,5.3705691024603395,383333.3333333333,0
1086,734880,1.0,1,2.0,1,1.0,2021,10,10,9.0,65.0,2.6203735386703655,7166666.666666667,0
1087,574940,1.0,1,2.6,3,2.0,2018,8,11,1.0,43.0,5.437707982212802,17999999.0,0
1088,740910,1.0,1,2.0,4,2.0,2025,3,16,9.0,57.0,5.709541473013648,4111111.111111111,0
1089,854300,2.0,1,2.8,3,2.0,2012,3,6,5.0,310.0,3.335281434593686,12400000.0,0
1090,747410,2.0,2,2.8,3,2.0,2011,17,20,143.0,107.0,0.18248770082032353,608391.6083916083,0
1091,933800,1.0,2,2.0,3,2.0,2023,3,14,140.0,177.0,2.9730730400246665,1000000.0,0
1092,636540,2.0,1,2.8,4,2.0,2018,4,10,1.0,116.0,2.906060704314051,22500000.0,0
1093,717240,2.0,1,2.8,1,2.0,2020,2,5,9.0,19.0,8.633993093917137,3722222.222222222,0
1094,846910,2.0,1,2.0,4,2.0,2024,2,13,7.0,125.0,1.4932253590449285,8857142.857142856,0
1095,617260,2.0,1,2.7,3,2.0,2012,4,9,5.0,122.0,5.002146810949823,6300000.0,0
1096,625270,2.0,1,2.8,1,4.0,2016,1,4,6.0,202.0,5.947560047336807,4166666.6666666665,0
1097,575920,1.0,1,2.7,4,2.0,2023,8,9,43.0,50.0,6.43484715685338,581395.3488372093,0
1098,474980,1.0,1,2.7,3,2.0,2008,8,18,55.0,383.0,5.060897860122014,463636.36363636365,0
1099,563300,1.0,2,2.7,3,1.0,2016,8,13,95.0,1149.0,4.052658191910169,357894.7368421053,0
1100,648980,2.0,1,3.3,4,4.0,2024,4,4,63.0,98.0,6.981167592154956,1182539.6825396826,0
1101,629880,1.0,1,2.0,4,4.0,2024,11,12,37.0,249.0,6.50951518023656,648648.6486486486,0
1102,735240,2.0,1,2.8,3,3.0,1998,8,9,72.0,222.0,3.8827036251734204,680555.5555555555,0
1103,811690,2.0,1,2.0,4,1.0,1947,1,3,68.0,192.0,4.18523428445187,750000.0,0
1104,581540,1.0,1,2.7,4,3.0,2023,5,12,9.0,341.0,9.764776736358078,3277777.777777778,0
1105,764120,2.0,1,2.0,3,2.0,2025,2,6,5.0,179.0,6.073877689220305,15000000.0,0
1106,507140,1.0,1,2.0,4,2.0,2013,8,17,87.0,163.0,5.791788516808603,479310.3448275862,0
1107,484530,1.0,1,2.0,1,1.0,2009,8,12,63.0,123.0,5.319728752914752,484126.98412698414,0
1108,575260,1.0,1,2.8,1,2.0,2020,4,12,40.0,337.0,6.398532243534722,475000.0,0
1109,683170,1.0,1,2.65,4,2.0,2026,7,17,5.0,121.0,4.92797874460631,4880000.0,0
1110,655950,1.0,1,2.7,3,1.0,2026,7,12,5.0,125.0,8.171637627602319,6000000.0,0
1111,693100,2.0,1,2.7,3,2.0,2025,2,9,39.0,256.0,8.369660711681066,717948.717948718,0
1112,747720,1.0,1,2.0,4,2.0,2026,4,12,5.0,328.0,5.709359977843119,5600000.0,0
1113,891080,2.0,1,2.0,3,2.0,2025,4,9,27.0,211.0,3.0528143389612783,1129629.6296296297,0
1114,537220,1.0,2,2.65,4,2.0,2025,12,14,85.0,134.0,7.218088342572956,588235.2941176471,0
1115,596780,2.0,1,2.8,1,2.0,1991,8,12,88.0,185.0,3.092255255042184,602272.7272727273,0
1116,730460,1.0,1,3.3,4,1.0,2022,7,8,54.0,69.0,3.2874263987804238,898148.1481481482,0
1117,717240,2.0,1,2.7,3,2.0,2020,1,10,84.0,125.0,7.697045128725582,523809.5238095238,0
1118,660090,2.0,1,2.8,1,2.0,2006,8,9,5.0,10.0,4.02395667936814,6400000.0,0
1119,516370,3.0,2,2.0,3,1.0,2026,37,11754,,,1.7369072222086046,,0
1120,603430,1.0,2,2.0,4,4.0,2016,90,1096,,,3.4432545547591245,,0
1121,640900,1.0,2,2.0,3,4.0,2014,136,442,,,3.4308968995684355,,0
1122,717240,2.0,2,2.7,1,2.0,2020,6,9,9.0,159.0,7.965890169888937,5888888.888888889,0
1123,628430,2.0,2,2.0,4,2.0,2024,4,5,91.0,167.0,12.158556746139858,593406.5934065934,0
1124,685720,2.0,1,2.7,4,2.0,2023,4,12,7.0,247.0,7.500138094944499,5000000.0,0
1125,797790,2.0,1,2.7,3,2.0,2025,8,14,1.0,191.0,2.711406679450828,27000000.0,0
1126,834420,2.0,1,2.75,3,2.0,2018,12,12,30.0,168.0,4.252395643458748,1000000.0,0
1127,818400,2.0,2,2.0,4,2.0,2022,6,10,4.0,114.0,3.1025223229295644,18500000.0,0
1128,621210,1.0,1,2.0,3,3.0,2026,7,9,37.0,47.0,5.740350581922142,581081.0810810811,0
1129,684680,2.0,1,2.7,4,2.0,2024,4,9,6.0,268.0,10.25859649291938,5750000.0,0
1130,657750,1.0,2,2.0,3,2.0,2024,12,12,93.0,19.0,3.353944582891141,687096.7741935484,0
1131,537220,1.0,1,2.0,4,2.0,2025,8,17,60.0,63.0,4.696630537068892,666666.6666666666,0
1132,623880,1.0,1,2.5,4,4.0,2021,10,10,37.0,25.0,1.9164002822803412,567567.5675675676,0
1133,625320,1.0,1,2.8,3,2.0,2017,3,13,80.0,299.0,4.047670331664975,512500.0,0
1134,591320,1.0,1,2.0,3,1.0,2024,7,12,77.0,296.0,3.0677388586221803,388311.6883116883,0
1135,650040,1.0,1,2.0,4,1.0,2025,10,13,41.0,240.0,2.7752419673281454,778048.7804878049,0
1136,702940,2.0,1,2.7,3,2.0,2018,11,12,45.0,88.0,5.165763512738508,677777.7777777778,0
1137,493480,2.0,1,2.7,4,2.0,2021,8,8,6.0,268.0,6.036470925211653,4750000.0,0
1138,848380,1.0,2,2.0,4,2.0,2024,9,9,95.0,23.0,3.497339433192051,789463.1578947369,0
1139,864170,2.0,1,2.0,4,2.0,2025,5,9,9.0,248.0,3.0687249278492086,7555555.555555556,0
1140,730460,1.0,1,2.75,4,1.0,2022,4,7,2.0,266.0,7.369239458480834,15750000.0,0
1141,803340,1.0,2,2.0,4,2.0,2021,10,10,2.0,186.0,2.788696056336973,34950000.0,0
1142,694880,2.0,1,2.0,3,2.0,2026,7,9,3.0,195.0,7.964289061640334,7666666.666666667,0
1143,794320,2.0,1,2.0,3,2.0,2026,2,13,40.0,108.0,2.4978099470365054,900000.0,0
1144,677720,1.0,1,2.0,4,2.0,2025,11,19,30.0,14.0,2.236197255302275,1016666.6666666666,0
1145,560270,1.0,1,2.0,3,2.0,2010,12,13,107.0,0.0,1.1695019608461752,541121.4953271028,0
1146,565450,2.0,1,2.0,3,2.0,2015,1,5,3.0,190.0,6.935335211911349,10000000.0,0
1147,708200,2.0,1,2.0,3,2.0,2022,1,4,84.0,108.0,7.130492851434802,726190.4761904762,0
1148,521500,2.0,1,2.0,3,4.0,2013,5,9,4.0,187.0,4.554512168482846,12000000.0,0
1149,861870,1.0,2,2.0,3,2.0,2026,2,9,27.0,129.0,3.1038285627934608,2055555.5555555555,0
1150,708200,2.0,2,2.7,4,2.0,2021,1,9,6.0,327.0,8.222095413528542,8416666.666666666,0
1151,893050,2.0,1,3.3,3,2.0,2024,2,3,6.0,80.0,8.517608239738811,13333333.333333334,0
1152,496280,1.0,1,2.0,3,1.0,2012,5,12,3.0,0.0,4.970263643644036,8666666.666666666,0
1153,635260,1.0,1,2.0,4,1.0,2021,4,14,43.0,209.0,2.8892417524144265,741860.4651162791,0
1154,817420,1.0,2,2.0,3,2.0,2027,22,2408,,,2.543188811185658,,0
1155,802020,1.0,2,2.0,3,2.0,2026,32,3147,,,5.200776032594646,,0
1156,754600,1.0,2,2.0,3,1.0,2026,45,1683,,,5.497906968886923,,0
1157,600590,1.0,1,2.0,3,1.0,2026,5,790,,,5.497906968886923,,0
1158,535950,16.0,2,2.0,3,1.0,2025,6,5031,,,1.469623002552863,,0
1159,562430,8.0,1,2.0,3,2.0,2026,85,647,,,6.537229521252217,,0
1160,617280,1.0,1,2.0,3,2.0,2026,64,2080,,,4.886904127624854,,0
1161,559560,9.0,1,2.0,3,2.0,2025,8,11931,,,4.410400214175486,,0
1162,801130,1.0,1,2.0,3,2.0,2024,5,53613,,,3.858318461683551,,0
1163,551200,2.0,1,2.0,3,2.0,2024,84,8821,,,6.9688105747730065,,0
1164,743210,1.0,1,2.0,3,2.0,2025,67,10215,,,6.882041734329096,,0
1165,794700,1.0,2,2.0,3,2.0,2024,5,17535,,,6.173293497714339,,0
1166,628430,2.0,1,2.0,3,2.0,2025,92,25134,,,14.850253260130142,,0
1167,880850,2.0,1,2.7,4,2.0,2023,12,18,2.0,77.0,2.786625295539052,25500000.0,0
1168,645840,2.0,1,2.8,1,2.0,2007,9,9,50.0,13.0,7.649281068644243,550000.0,0
1169,927410,2.0,2,2.9,4,2.0,2023,13,13,70.0,177.0,2.4422813584977536,1071428.5714285714,0
1170,865090,2.0,1,2.7,3,2.0,2025,2,3,58.0,312.0,8.785932801594113,827586.2068965518,0
1171,787930,2.0,1,2.7,1,2.0,2020,9,12,2.0,203.0,1.8541156567117354,23750000.0,0
1172,692030,1.0,1,2.0,3,1.0,2018,2,4,78.0,204.0,4.470783171778211,769230.7692307692,0
1173,526920,2.0,1,2.8,3,1.0,1983,5,5,5.0,265.0,12.49256246169554,10000000.0,0
1174,642830,2.0,1,2.6,4,3.0,1991,5,5,1.0,202.0,7.6751111749412155,46000000.0,0
1175,571710,1.0,1,2.7,4,2.0,2011,3,14,58.0,17.0,1.2958219191738254,543103.448275862,0
1176,798240,2.0,1,2.8,4,1.0,1990,5,5,75.0,198.0,6.332782603143708,1000000.0,0
1177,525030,1.0,1,2.0,3,2.0,2019,8,9,94.0,264.0,3.7808567164688887,441489.3617021277,0
1178,786360,2.0,1,2.9,1,2.0,2012,9,10,48.0,267.0,8.537853542492533,760416.6666666666,0
1179,667260,2.0,1,2.75,4,2.0,2025,5,9,43.0,263.0,12.211105724559465,602325.5813953489,0
1180,636890,2.0,1,2.5,3,4.0,1968,1,4,4.0,136.0,2.2661366495689865,7375000.0,0
1181,864170,2.0,1,2.0,4,2.0,2025,8,9,50.0,262.0,3.0179800090193525,1120000.0,0
1182,738140,1.0,1,2.0,3,2.0,2024,3,12,53.0,264.0,1.734054769435698,839622.641509434,0
1183,800200,2.0,1,2.8,3,1.0,1977,5,6,88.0,112.0,5.918415177584503,1125000.0,0
1184,670370,1.0,2,3.3,3,2.0,2025,5,7,109.0,212.0,966.6593086061075,899082.5688073394,0
1185,900550,2.0,1,2.0,3,2.0,2021,10,12,87.0,222.0,2.4850918027464273,942528.735632184,0
1186,885750,2.0,1,2.0,3,2.0,2025,4,9,94.0,322.0,2.036719014636428,1053191.4893617022,0
1187,596280,8.0,1,2.0,3,2.0,2025,9,4466,,,5.401159377389648,,0
1188,747720,1.0,1,2.0,3,2.0,2026,35,32119,,,8.099416417851653,,0
1189,655950,1.0,1,2.0,3,1.0,2026,49,383,,,5.497906968886923,,0
1190,670160,1.0,1,2.0,1,4.0,2020,6,7,3.0,965.0,3.142762405843611,9663333.333333334,0
1191,713900,2.0,1,2.7,3,2.0,2019,5,6,76.0,247.0,7.565970051220574,480263.15789473685,0
1192,646950,2.0,1,2.85,4,2.0,2026,2,6,2.0,164.0,4.845415142302199,22900000.0,0
1193,737560,1.0,1,2.85,3,2.0,2026,9,9,39.0,201.0,7.220273217769755,474358.9743589744,0
1194,635570,2.0,1,2.0,3,2.0,2021,2,3,94.0,54.0,14.336814050843142,691489.3617021276,0
1195,667430,1.0,2,2.0,3,1.0,2024,6,9,85.0,273.0,3.273882163773784,741176.4705882353,0
1196,659920,1.0,1,2.7,3,2.0,2021,19,22,38.0,54.0,2.1049005873995963,723684.2105263158,0
1197,495670,1.0,1,2.7,4,2.0,2010,4,18,42.0,236.0,5.170516649458389,583333.3333333334,0
1198,641200,1.0,1,2.7,3,1.0,2019,5,5,60.0,189.0,3.363020474081974,633333.3333333334,0
1199,633280,2.0,1,2.8,4,2.0,2025,1,3,31.0,151.0,6.867392209951604,774193.5483870967,0
1200,646950,2.0,1,2.7,3,2.0,2022,8,10,53.0,16.0,8.307353245962533,566037.716981132,0
1201,909920,2.0,2,2.0,1,2.0,2014,9,21,5.0,166.0,5.79907402706582,19600000.0,0
1202,994150,2.0,2,2.0,4,2.0,2022,9,14,150.0,249.0,6.827431450991434,1133333.3333333333,0
1203,666800,2.0,2,2.7,3,2.0,2023,2,9,3.0,140.0,2.8563914666541583,16333333.333333334,0
1204,382370,15.0,1,2.0,4,1.0,2020,7,10,9.0,1.0,3.2523813266982295,2666666.6666666665,0
1205,783200,1.0,2,2.0,3,1.0,2026,10,10,3.0,153.0,2.3513791723854345,25000000.0,0
1206,740910,1.0,1,2.0,3,2.0,2025,16,18,44.0,420.0,1.3710600703568108,1045454.5454545454,0
1207,596550,1.0,2,2.0,4,2.0,2019,7,10,86.0,19527.0,3.3535304822354832,976744.1744186047,0
1208,931890,2.0,1,2.0,4,1.0,1958,2,4,70.0,1251.0,5.3881650441335385,1500000.0,0
1209,650040,1.0,1,2.0,3,1.0,2025,10,13,41.0,297.0,2.8357616885525876,778048.7804878049,0
1210,378410,6.0,1,2.0,4,1.0,2017,10,10,7.0,2490.0,1.0880787154240181,5000000.0,0
1211,614200,1.0,1,2.7,4,1.0,2013,4,9,2.0,926.0,0.7360083342590438,18000000.0,0
1212,631660,2.0,1,2.85,3,2.0,2024,6,12,60.0,289.0,5.624405351474054,516666.6666666667,0
1213,730700,2.0,1,2.8,4,1.0,2024,8,10,108.0,75.0,1.748112968435992,555555.5555555555,0
1214,818950,2.0,2,2.0,4,2.0,2007,15,21,110.0,66.0,1.882015231343779,681818.1818181818,0
1215,600590,1.0,1,2.0,3,1.0,2026,11,12,5.0,218.0,4.143295155749216,4620000.0,0
1216,867690,2.0,1,2.95,1,2.0,2022,5,10,43.0,99.0,1.5837406660404074,1034883.7209302326,0
1217,669420,2.0,1,2.62,3,2.0,2026,6,9,54.0,301.0,7.537605253424797,555555.5370370371,0
1218,416990,1.0,2,3.2,3,1.0,2007,3,4,252.0,219.0,4.433494238739058,500000.0,0
1219,520380,2.0,1,2.8,3,2.0,2012,8,9,87.0,198.0,4.194903993579422,522988.5057471264,0
1220,629570,1.0,1,2.0,4,2.0,2022,9,17,60.0,275.0,7.848466772573096,516666.6666666667,0
1221,725620,2.0,1,2.8,3,2.0,2008,3,9,90.0,149.0,6.183363485506115,477777.77777777775,0
1222,904500,2.0,2,2.7,4,2.0,2020,10,13,97.0,34.0,4.139883889762162,730927.8350515463,0
1223,787170,1.0,1,2.7,1,2.0,2023,2,17,63.0,96.0,1.8145590432077667,761904.7619047619,0
1224,794320,2.0,1,2.0,3,2.0,2026,4,12,3.0,138.0,9.171070504350451,5666666.666666667,0
1225,738170,1.0,1,2.7,3,1.0,2025,2,5,45.0,71.0,9.394998044694173,375555.55555555556,0
1226,861870,1.0,1,2.0,3,2.0,2026,7,9,94.0,68.0,4.496037853975485,462765.9574468085,0
1227,713500,2.0,1,2.7,3,2.0,2026,1,9,44.0,22.0,11.687107530547689,522727.2727272727,0
1228,996630,2.0,1,2.74,2,2.0,2019,10,12,52.0,152.0,1.6088886160318288,1019230.7692307692,0
1229,867690,2.0,1,2.0,3,2.0,2022,1,17,70.0,285.0,1.57085181065633,928571.4285714285,0
1230,676110,1.0,2,2.0,3,1.0,2025,7,9,83.0,167.0,3.348239735456875,698795.1807228916,0
1231,699070,2.0,1,2.7,4,2.0,2019,2,9,6.0,193.0,7.757399175609404,4666666.666666667,0
1232,813500,1.0,1,2.65,4,2.0,2026,9,9,5.0,108.0,5.688373623566642,9100000.0,0
1233,551830,1.0,1,2.0,3,1.0,2021,5,9,37.0,119.0,4.534845523308954,700000.0,0
1234,748470,2.0,2,2.67,4,2.0,2012,4,10,3.0,144.0,8.443286936464874,21500000.0,0
1235,631660,2.0,1,2.0,4,2.0,2024,11,12,60.0,37.0,5.91631397849377,750000.0,0
1236,631660,2.0,1,2.7,4,2.0,2024,8,12,51.0,233.0,5.904387131323835,813725.4901960784,0
1237,457870,1.0,1,2.7,4,2.0,2006,17,17,104.0,254.0,4.664341239840207,458653.8461538461,0
1238,269320,13.0,1,2.0,3,3.0,1975,3,5,72.0,0.0,1.332544627183796,298611.1111111111,0
1239,663510,1.0,1,2.8,3,1.0,2017,2,13,3.0,240.0,3.6915386031349415,9666666.666666666,0
1240,742610,1.0,1,2.0,1,2.0,2018,4,8,4.0,250.0,3.1237785493348675,15125000.0,0
1241,685720,2.0,1,2.0,3,2.0,2024,4,9,30.0,227.0,8.061382196762269,750000.0,0
1242,670680,1.0,1,2.0,1,1.0,2022,3,12,8.0,270.0,5.012324918335493,3125000.0,0
1243,633280,2.0,1,2.7,3,2.0,2025,3,6,45.0,102.0,6.253558808778572,722222.2222222222,0
1244,701410,1.0,1,2.0,3,4.0,2025,6,9,3.0,288.0,3.053356230550174,11800000.0,0
1245,685720,2.0,1,2.7,4,2.0,2022,1,10,9.0,289.0,8.679125881816313,2555555.5555555555,0
1246,877760,2.0,1,2.0,1,2.0,2012,19,19,70.0,185.0,5.6529317364436595,842857.1428571428,0
1247,636540,2.0,1,2.7,4,2.0,2018,9,9,7.0,9.0,4.752481728147394,3635714.285714286,0
1248,655640,1.0,1,2.8,3,1.0,2022,3,7,95.0,338.0,8.580267724453648,332631.5789473684,0
1249,548640,1.0,1,2.0,3,1.0,2018,3,8,55.0,146.0,6.736145640484551,563636.3636363636,0
1250,771020,1.0,1,2.7,3,2.0,2022,9,16,3.0,106.0,5.202522124967558,12266962.666666666,0
1251,669180,2.0,1,2.8,3,1.0,1987,3,5,33.0,221.0,5.3467029620202595,742424.2424242424,0
1252,677720,1.0,1,2.65,4,2.0,2025,4,14,33.0,187.0,2.8319100191830824,815151.5151515151,0
1253,684680,2.0,1,2.85,5,2.0,2025,1,6,4.0,117.0,11.85136684917702,5875000.0,0
1254,877020,2.0,1,2.8,3,3.0,1992,2,5,41.0,99.0,3.0246841210111453,939024.3902439025,0
1255,973830,1.0,2,2.0,3,2.0,2027,5,174,,,6.43169540238195,,0
1256,501400,4.0,2,2.0,3,1.0,2025,5,16974,,,6.791114093440903,,0
1257,805430,1.0,2,2.0,3,2.0,2025,5,4204,,,4.350241546772765,,0
1258,617280,1.0,2,2.0,3,2.0,2026,73,989,,,4.886904127624854,,0
1259,861870,1.0,2,2.0,3,2.0,2026,4,7317,,,4.0647426471007275,,0
1260,672060,2.0,1,2.0,3,2.0,2026,31,9732,,,5.69011282596251,,0
1261,747720,1.0,2,2.0,3,2.0,2026,31,2559,,,2.8054512352245813,,0
1262,569600,8.0,1,2.0,3,2.0,2026,26,13456,,,6.5354584292997515,,0
1263,813500,1.0,2,2.0,3,2.0,2026,52,15887,,,4.469395626235462,,0
1264,483020,12.0,1,2.0,3,1.0,2025,37,13285,,,1.333383630979355,,0
1265,538080,8.0,1,2.0,3,2.0,2024,89,27439,,,5.8950965495528385,,0
1266,692030,1.0,1,2.0,1,1.0,2018,6,8,8.0,360.0,3.7242740263371727,6498750.0,0
1267,624030,1.0,1,2.7,1,2.0,2021,4,10,59.0,210.0,4.430070834845584,567796.6101694915,0
1268,701740,2.0,1,2.8,1,1.0,1986,5,5,1.0,73.0,8.611770096718113,20000000.0,0
1269,794700,1.0,1,2.75,3,2.0,2024,4,9,44.0,128.0,7.684117742733952,750000.0,0
1270,882030,2.0,1,2.0,5,4.0,2026,2,6,91.0,243.0,11.880228047768634,423076.92307692306,0
1271,627040,1.0,1,2.5,1,2.0,2018,9,10,38.0,168.0,3.8332469401305524,763157.8947368421,0
1272,655640,1.0,1,2.7,3,1.0,2022,2,9,74.0,75.0,5.368895228114959,500000.0,0
1273,713900,2.0,1,2.7,3,2.0,2019,5,6,76.0,248.0,7.565970051220574,480263.15789473685,0
1274,970720,2.0,2,2.95,4,2.0,2017,4,16,104.0,271.0,4.486415283387128,855769.2307692308,0
1275,507010,1.0,1,2.5,4,1.0,2016,1,6,6.0,87.0,6.105543955114505,6333333.333333333,0
1276,688610,1.0,2,2.0,3,1.0,2026,10,12,3.0,317.0,3.7357767212994024,18333333.333333332,0
1277,981490,2.0,1,2.7,3,2.0,2023,1,12,2.0,268.0,2.0366646378268807,33500000.0,0
1278,664710,1.0,1,2.7,1,2.0,2022,8,22,38.0,231.0,2.1738163236453665,736842.1052631579,0
1279,633280,2.0,1,2.0,3,2.0,2025,11,12,45.0,69.0,1.6944552371882207,922222.2222222222,0
1280,683170,1.0,1,2.0,3,2.0,2026,8,12,36.0,270.0,4.064407664734419,722222.2222222222,0
1281,698580,2.0,1,2.7,4,2.0,2019,5,5,55.0,272.0,11.084884788694103,681818.1818181818,0
1282,663640,2.0,1,2.5,4,3.0,1973,1,5,43.0,201.0,4.363781359801185,662790.6976744186,0
1283,668160,1.0,1,2.0,3,1.0,2020,6,10,40.0,221.0,3.193565496500043,825000.0,0
1284,627220,2.0,1,2.7,3,2.0,2023,5,5,50.0,136.0,6.623119173538207,658000.0,0
1285,864170,2.0,1,3.3,3,2.0,2025,3,9,6.0,16.0,2.9698945884063264,13833333.333333334,0
1286,644250,2.0,1,2.7,1,2.0,2023,4,6,40.0,164.0,5.96689699074219,662500.0,0
1287,574940,1.0,1,2.0,3,2.0,2018,13,16,44.0,0.0,4.262909609933096,590909.0909090909,0
1288,592670,13.0,1,2.0,3,4.0,2016,3,3,42.0,0.0,2.9969155061752013,261904.7619047619,0
1289,496540,1.0,1,2.7,3,2.0,2011,7,9,56.0,118.0,6.986122926594962,437500.0,0
1290,720380,1.0,1,2.7,4,2.0,2021,8,14,40.0,351.0,1.797956028047004,625000.0,0
1291,459420,1.0,1,2.0,3,1.0,2014,10,15,38.0,5390.0,9.851687987023723,492105.2631578947,0
1292,533780,1.0,2,2.8,1,2.0,2005,4,9,4.0,628.0,0.8220034884216689,13875000.0,0
1293,650040,1.0,1,2.0,3,1.0,2025,12,12,43.0,7505.0,2.7752419673281454,686046.5116279069,0
1294,416990,5.0,1,2.0,4,1.0,2019,1,8,86.0,677.0,0.7271033362083186,424418.6046511628,0
1295,893050,2.0,2,2.0,4,2.0,2024,11,13,88.0,660.0,3.5583675804571824,919318.1818181818,0
1296,536420,1.0,1,2.7,1,2.0,2006,4,9,103.0,31.0,0.43513382041912707,592233.0097087378,0
1297,515640,1.0,1,2.0,3,2.0,2011,3,14,42.0,1222.0,1.2016377204772597,1042857.1428571428,0
1298,787170,1.0,1,2.7,3,2.0,2023,3,9,60.0,1605.0,2.328937700800826,633333.3333333334,0
1299,667430,1.0,2,2.7,3,1.0,2024,9,10,80.0,297.0,8.391568103260818,600000.0,0
1300,622250,2.0,1,2.0,3,2.0,2023,93,0,,,8.79872564912119,,0
1301,583240,4.0,1,2.0,3,2.0,2024,73,3377,,,4.757568701428502,,0
1302,646950,2.0,2,2.0,3,2.0,2026,92,1767,,,6.081406644153119,,0
1303,638080,2.0,1,2.0,3,2.0,2026,6,2198,,,6.081406644153119,,0
1304,683170,1.0,1,2.0,3,2.0,2026,5,17711,,,8.13102880468859,,0
1305,802020,1.0,1,2.0,3,2.0,2026,4,6169,,,5.200776032594646,,0
1306,600590,1.0,1,2.0,3,1.0,2026,23,1153,,,5.497906968886923,,0
1307,738500,1.0,1,2.0,3,2.0,2027,98,975,,,3.42392709287806,,0
1308,632080,4.0,1,2.0,3,1.0,2026,35,4265,,,6.851611335924346,,0
1309,596280,8.0,1,2.0,3,2.0,2025,94,4666,,,5.401159377389648,,0
1310,638080,2.0,1,2.0,3,2.0,2026,37,2087,,,6.081406644153119,,0
1311,683170,1.0,1,2.0,3,2.0,2026,78,1163,,,5.199136294851586,,0
1312,562430,8.0,1,2.0,3,2.0,2026,12,1778,,,6.537229521252217,,0
1313,746470,1.0,1,2.0,3,2.0,2027,95,3773,,,4.209532760992038,,0
1314,802020,1.0,2,2.0,3,2.0,2026,21,76,,,6.43169540238195,,0
1315,747720,1.0,2,2.0,3,2.0,2026,94,8275,,,4.064407664734419,,0
1316,538710,8.0,1,2.0,3,2.0,2026,7,1246,,,4.99725307049769,,0
1317,746470,1.0,1,2.0,3,2.0,2027,66,642,,,5.216171802050255,,0
1318,983290,2.0,2,2.0,3,2.0,2026,19,1782,,,13.11136296654184,,0
1319,764120,2.0,2,2.0,3,2.0,2026,45,1414,,,6.081406644153119,,0
1320,518430,16.0,1,2.0,3,1.0,2025,75,4919,,,1.4750944154276913,,0
1321,655950,1.0,1,2.0,3,1.0,2026,4,3490,,,4.459020086309259,,0
1322,861870,1.0,2,2.0,3,2.0,2026,82,6075,,,3.335175577356351,,0
1323,677720,1.0,1,2.0,3,2.0,2025,68,12520,,,4.330914842006363,,0
1324,569600,8.0,1,2.0,3,2.0,2026,26,13456,,,6.5354584292997515,,0
1325,927640,1.0,2,2.0,3,2.0,2026,18,19187,,,2.8311813305925178,,0
1326,483020,12.0,2,2.0,3,1.0,2025,11,11457,,,1.333383630979355,,0
1327,537190,16.0,1,2.0,3,1.0,2024,8,22947,,,6.894621676541791,,0
1328,861870,1.0,2,2.0,3,2.0,2026,7,40922,,,6.882041734329096,,0
1329,582760,8.0,1,2.0,3,2.0,2026,43,9702,,,5.69926187752205,,0
1330,672060,2.0,1,2.0,3,2.0,2026,8,125210,,,6.673209564601296,,0
1331,848380,1.0,2,2.0,3,2.0,2024,90,47958,,,6.173293497714339,,0
1332,322770,13.0,1,2.0,1,1.0,1991,4,5,40.0,2892.0,2.61631922735264,170000.0,0
1333,307820,7.0,1,2.8,1,3.0,1996,3,5,68.0,892.0,4.345025201884113,308823.5294117647,0
1334,738140,1.0,1,2.0,3,2.0,2024,12,12,40.0,214.0,3.3723978095366256,670000.0,0
1335,628430,2.0,2,2.7,4,2.0,2024,4,9,8.0,75.0,10.316383282420745,6250000.0,0
1336,631280,2.0,1,2.8,4,2.0,2025,2,3,64.0,23.0,6.9567469106120905,578125.0,0
1337,790130,2.0,1,2.0,4,2.0,2022,2,10,80.0,101.0,3.102947220374294,987500.0,0
1338,941270,2.0,2,2.7,3,2.0,2022,2,10,97.0,255.0,8.240752556256213,597938.1443298969,0
1339,871830,2.0,1,2.7,3,2.0,2018,12,12,56.0,89.0,3.77734249723726,812500.0,0
1340,633280,2.0,1,2.85,3,2.0,2025,3,7,5.0,79.0,2.6749629034823617,5600000.0,0
1341,638170,2.0,2,2.85,4,2.0,2023,2,4,1.0,129.0,14.825976613832486,55500000.0,0
1342,530810,2.0,1,2.0,1,1.0,1976,2,2,70.0,110.0,12.99065601459129,614285.7142857143,0
1343,512760,2.0,2,2.9,3,2.0,2010,10,10,4.0,124.0,8.505942263699602,15250000.0,0
1344,646950,2.0,1,2.7,4,2.0,2022,5,6,9.0,239.0,7.565970051220574,3555555.4444444445,0
1345,865090,2.0,1,2.0,3,2.0,2025,5,9,54.0,72.0,1.5256414343620337,1129629.6296296297,0
1346,475330,1.0,2,2.7,3,1.0,2005,5,12,84.0,199.0,4.71839318326948,535714.2857142857,0
1347,825110,2.0,1,2.92,1,3.0,1990,9,9,42.0,70.0,1.0509201196914932,773809.5238095238,0
1348,578490,1.0,1,2.7,4,2.0,2022,9,13,37.0,58.0,6.182448825606334,594324.3243243244,0
1349,624420,2.0,1,2.7,1,2.0,2017,2,5,7.0,98.0,12.080191028256635,4857142.857142857,0
1350,759580,1.0,1,2.0,3,2.0,2021,2,11,130.0,458.0,2.212027666733499,876923.0769230769,0
1351,853160,2.0,1,2.7,2,1.0,1961,3,4,42.0,1670.0,5.291067650146338,802380.9523809524,0
1352,855550,2.0,1,2.5,1,1.0,2001,10,10,117.0,233.0,3.2311066234019004,594017.094017094,0
1353,693100,2.0,1,2.7,4,2.0,2025,7,9,33.0,513.0,8.323709825681117,636363.6363636364,0
1354,498990,1.0,1,2.0,3,3.0,1990,4,5,7.0,1722.0,5.631053283511786,2271428.5714285714,0
1355,624410,2.0,1,2.8,1,3.0,1973,4,4,8.0,25.0,3.5828156368523416,5000000.0,0
1356,613630,1.0,1,2.0,3,2.0,2017,4,12,42.0,206.0,4.44656512685972,516666.6666666667,0
1357,631280,2.0,2,2.0,3,2.0,2025,9,9,92.0,597.0,4.795103910652748,597826.0869565217,0
1358,459020,1.0,1,2.8,3,2.0,2009,2,16,85.0,238.0,4.765209876227186,447058.82352941175,0
1359,556190,1.0,1,2.7,3,1.0,2019,9,9,36.0,88.0,8.391568103260818,577777.7777777778,0
1360,560830,1.0,2,2.0,4,2.0,2009,9,18,83.0,407.0,0.956452763659535,602409.6385542168,0
1361,370360,4.0,1,2.5,4,3.0,1963,1,5,78.0,81.0,1.2711708219167923,230769.23076923078,0
1362,422030,13.0,1,2.0,3,2.0,2020,7,8,105.0,654.0,1.2722320125639002,361904.7619047619,0
1363,860040,2.0,1,2.5,1,3.0,1981,1,5,8.0,2599.0,1.1493424532095695,3750000.0,0
1364,522370,13.0,1,2.8,4,2.0,2024,2,6,79.0,2406.0,2.2271796861364455,322784.8101265823,0
1365,747720,1.0,1,2.0,4,2.0,2026,4,16,75.0,3022.0,4.787367331381175,519933.3333333333,0
1366,630030,1.0,1,2.7,3,2.0,2011,3,14,55.0,590.0,1.3081414820983266,414545.45454545453,0
1367,876870,2.0,1,2.0,1,2.0,1987,2,12,81.0,154.0,6.50255471772566,790123.4567901235,0
1368,646950,2.0,1,2.9,3,2.0,2024,2,3,6.0,150.0,7.559696749868969,6333333.333333333,0
1369,638170,2.0,1,2.7,4,2.0,2022,6,7,8.0,188.0,11.84809437969612,5875000.0,0
1370,498800,1.0,1,2.7,1,2.0,2010,13,15,49.0,19.0,5.198533321543013,520408.1632653061,0
1371,708580,1.0,1,2.0,4,2.0,2021,3,12,4.0,301.0,4.653730714745166,9625000.0,0
1372,559890,2.0,1,2.8,1,1.0,1992,5,5,6.0,278.0,16.338236799845745,5333333.333333333,0
1373,667430,1.0,1,2.0,3,1.0,2024,7,9,3.0,64.0,3.3371312308698395,14150000.0,0
1374,701740,2.0,1,2.78,1,1.0,1985,1,4,56.0,225.0,7.2307470283549105,562500.0,0
1375,587760,2.0,1,2.8,1,2.0,2018,8,9,67.0,72.0,4.725487908855359,552238.8059701492,0
1376,631660,2.0,1,2.85,4,2.0,2024,11,12,3.0,123.0,5.504886586593358,11833333.333333334,0
1377,830270,1.0,2,2.0,3,2.0,2023,6,8,89.0,20.0,2.1496348993515437,898876.404494382,0
1378,667260,2.0,1,2.0,3,2.0,2025,6,6,1.0,197.0,12.67305673485232,38000000.0,0
1379,634700,2.0,1,2.0,4,1.0,1945,1,2,40.0,63.0,11.90391059959537,675000.0,0
1380,854130,2.0,1,2.0,3,2.0,2024,7,12,51.0,97.0,1.3774338649932547,821568.6274509804,0
1381,694800,1.0,1,2.0,3,2.0,2020,6,18,60.0,205.0,3.16144467174531,683333.3333333334,0
1382,864170,2.0,1,2.0,4,2.0,2025,12,13,56.0,208.0,1.4245167699625325,678571.4285714285,0
1383,507010,1.0,2,2.0,4,1.0,2016,8,9,180.0,288.0,4.139032637096185,527777.7777777778,0
1384,690870,2.0,1,2.75,1,3.0,1986,4,9,55.0,19.0,1.068354006547659,854545.4545454546,0
1385,968010,2.0,2,2.7,1,2.0,1991,3,5,8.0,99.0,5.195520740108137,11250000.0,0
1386,714950,2.0,1,2.0,3,3.0,1970,4,4,7.0,181.0,3.859335107262447,5571428.571428572,0
1387,757930,2.0,1,2.8,4,3.0,1978,5,6,68.0,278.0,6.7729144035965705,919117.6470588235,0
1388,370820,4.0,1,2.5,1,3.0,1971,5,5,4.0,1.0,1.7729317771530833,4375000.0,0
1389,582880,1.0,1,2.0,4,2.0,2015,75,28,,,2.283677506951689,,0
1390,684680,2.0,1,2.0,3,2.0,2025,38,43,,,11.61844620541909,,0
1391,781400,1.0,2,2.7,4,1.0,2021,116,23,,,4.843246425804471,,0
1392,460470,1.0,2,2.7,4,1.0,2010,67,80,,,5.8123556687897135,,0
1393,813500,1.0,1,2.0,3,2.0,2026,89,13373,,,4.860452033648367,,0
1394,747720,1.0,1,2.0,3,2.0,2026,41,2213,,,4.183566434855389,,0
1395,747720,1.0,1,2.0,3,2.0,2026,71,956,,,5.199136294851586,,0
1396,859840,1.0,2,2.8,3,2.0,2019,8,9,114.0,537.0,3.998830869256838,758771.9298245613,0
1397,671710,2.0,1,2.0,3,2.0,2023,12,12,37.0,126.0,5.265949681321202,729729.7297297297,0
1398,552120,2.0,1,2.8,1,2.0,2017,4,5,78.0,288.0,7.561498664324987,551282.0512820513,0
1399,676110,1.0,2,2.0,4,1.0,2025,3,9,9.0,188.0,2.090900353332843,7000000.0,0
1400,738140,1.0,1,2.7,4,2.0,2024,7,14,65.0,223.0,4.892296609146431,569230.7692307692,0
1401,728220,2.0,1,2.0,1,3.0,1966,2,4,46.0,330.0,6.163499627659987,760869.5652173914,0
1402,856630,2.0,1,2.7,1,2.0,2016,12,13,53.0,108.0,3.7742570507219457,867924.5283018867,0
1403,551830,1.0,1,2.7,3,1.0,2021,8,9,42.0,367.0,6.586171346290301,475952.38095238095,0
1404,476050,1.0,1,2.0,1,4.0,2005,5,16,87.0,416.0,3.2978205231437077,517241.3793103448,0
1405,846910,2.0,1,2.0,4,2.0,2024,6,12,2.0,232.0,1.3978078352279055,23500000.0,0
1406,650040,1.0,1,2.7,5,1.0,2025,5,9,2.0,206.0,5.1088999988845005,13250000.0,0
1407,971310,2.0,1,2.0,3,2.0,2021,3,13,1.0,266.0,4.011407725915922,45000000.0,0
1408,880850,2.0,2,2.7,3,2.0,2023,13,18,55.0,19.0,2.786625295539052,845454.5454545454,0
1409,802020,1.0,1,2.65,4,2.0,2026,9,9,9.0,94.0,5.945281988537409,3888888.888888889,0
1410,754320,1.0,2,2.7,3,1.0,2024,9,10,80.0,209.0,8.391568103260818,600000.0,0
1411,646950,2.0,1,2.7,3,2.0,2022,2,12,1.0,149.0,7.563957855104837,45000000.0,0
1412,487030,1.0,1,2.7,3,2.0,2009,9,18,111.0,220.0,5.24539197027336,418918.91891891893,0
1413,740910,1.0,1,2.0,3,2.0,2025,9,18,42.0,4943.0,2.758628331704268,769047.619047619,0
1414,580540,1.0,1,2.75,1,2.0,2014,8,14,43.0,1347.0,1.3825129098001017,720930.2325581395,0
1415,611440,1.0,1,2.0,4,1.0,2019,8,10,1.0,3120.0,2.8146532734668406,28000000.0,0
1416,656800,1.0,1,2.0,3,2.0,2016,13,13,45.0,0.0,1.623492278682042,644444.4444444445,0
1417,861870,1.0,2,2.0,3,2.0,2026,9,97,,,6.43169540238195,,0
1418,797640,1.0,1,2.0,3,2.0,2027,8,90,,,6.43169540238195,,0
1419,861870,1.0,2,2.0,3,2.0,2026,66,8126,,,4.0647426471007275,,0
1420,861870,1.0,2,2.0,3,2.0,2026,76,9451,,,4.0647426471007275,,0
1421,802020,1.0,1,2.0,3,2.0,2026,79,7393,,,4.0647426471007275,,0
1422,569910,1.0,1,2.0,3,2.0,2027,5,7212,,,4.21263939897421,,0
1423,568450,8.0,1,2.0,3,2.0,2026,45,17601,,,6.5354584292997515,,0
1424,573970,4.0,1,2.0,3,2.0,2026,98,6530,,,0.7409046575758769,,0
1425,813500,1.0,2,2.0,3,2.0,2026,32,11239,,,2.3257654085975905,,0
1426,616670,8.0,1,2.0,3,2.0,2026,55,7680,,,1.672047700571906,,0
1427,688890,2.0,1,2.0,3,2.0,2024,7,32143,,,7.677208365366267,,0
1428,522370,13.0,1,2.0,3,2.0,2021,8,11,50.0,2.0,0.2738732336481869,350000.0,0
1429,593900,2.0,1,2.7,3,2.0,2005,1,9,48.0,177.0,3.058670012828618,635416.6666666666,0
1430,630170,2.0,2,2.8,3,4.0,2025,6,12,72.0,113.0,5.9401584562805825,972222.2083333334,0
1431,645250,1.0,1,2.0,4,1.0,2021,4,9,3.0,664.0,2.5826610723982997,23300030.0,0
1432,616540,2.0,1,2.7,4,3.0,1966,2,4,59.0,99.0,1.9173954545502712,711864.406779661,0
1433,627560,2.0,1,2.8,4,2.0,2024,2,5,32.0,288.0,6.9575207783602515,765625.0,0
1434,631660,2.0,1,2.0,4,2.0,2024,11,12,60.0,41.0,5.91631397849377,750000.0,0
1435,724740,2.0,2,2.0,3,2.0,2026,2,12,92.0,222.0,8.04814290203791,847826.0869565217,0
1436,581660,1.0,1,2.7,4,1.0,2021,8,9,53.0,219.0,6.886681866288722,574528.3018867924,0
1437,701410,1.0,1,2.0,3,4.0,2025,12,12,42.0,112.0,8.171637627602319,497619.04761904763,0
1438,759580,1.0,1,2.5,4,2.0,2021,4,9,81.0,74.0,9.41739514672299,432098.76543209876,0
1439,646950,2.0,1,2.7,3,2.0,2022,5,9,9.0,225.0,8.560700614414982,3333333.3333333335,0
1440,708580,1.0,1,2.0,1,2.0,2021,9,9,1.0,38.0,5.700416238624047,27000000.0,0
1441,628300,2.0,1,2.7,4,2.0,2023,5,9,5.0,155.0,8.182301290659922,5200000.0,0
1442,723260,2.0,2,2.7,3,3.0,2025,4,15,108.0,104.0,2.75079073095367,629629.6296296297,0
1443,627430,1.0,2,2.8,3,2.0,2020,13,24,80.0,142.0,8.307333983871432,587500.0,0
1444,843960,2.0,1,2.74,3,2.0,2023,1,16,5.0,141.0,3.291354926658195,12200000.0,0
1445,451700,1.0,1,2.0,3,3.0,1995,7,9,8.0,0.0,5.174086478230184,3187500.0,0
1446,787170,1.0,1,2.0,4,2.0,2023,75,64,,,2.367324244379778,,0
1447,719350,1.0,1,2.0,3,2.0,2019,7,10,75.0,114.0,3.8332469401305524,636000.0,0
1448,660870,1.0,2,2.7,4,1.0,2023,5,9,90.0,129.0,6.477826759417321,688888.8888888889,0
1449,663300,2.0,1,2.0,3,4.0,2025,7,9,5.0,119.0,8.019303891785704,6800000.0,0
1450,765620,1.0,2,2.7,4,4.0,2025,3,9,78.0,84.0,3.3601907071568133,576923.0769230769,0
1451,743210,1.0,1,2.7,3,2.0,2025,10,21,4.0,83.0,1.0784840576246488,7500000.0,0
1452,884280,2.0,1,2.0,3,2.0,2024,1,13,7.0,288.0,1.5079178612600481,5500000.0,0
1453,704890,2.0,1,2.5,4,3.0,1974,2,4,60.0,231.0,1.376472538850618,691666.6666666666,0
1454,476660,1.0,1,2.7,3,2.0,2012,14,18,78.0,68.0,5.291538567963754,384615.3846153846,0
1455,669420,2.0,1,3.3,3,2.0,2026,4,5,8.0,138.0,6.433274177461227,6750000.0,0
1456,455410,1.0,1,2.7,1,2.0,2004,14,16,90.0,276.0,3.4299367972112815,555444.4444444445,0
1457,865090,2.0,1,2.7,4,2.0,2025,9,14,6.0,173.0,2.8698999518361203,8333333.333333333,0
1458,447530,1.0,1,2.0,3,1.0,2003,5,5,84.0,312.0,6.387277927268678,339285.71428571426,0
1459,712400,1.0,1,2.0,3,2.0,2020,12,13,40.0,59.0,1.8735519460723251,847500.0,0
1460,488790,1.0,2,2.7,1,1.0,2009,4,9,66.0,7.0,5.285031480880897,496969.69696969696,0
1461,724740,2.0,1,2.8,3,2.0,2026,3,3,3.0,315.0,9.994604111650196,13666666.666666666,0
1462,667260,2.0,1,2.7,3,2.0,2025,3,6,65.0,99.0,12.598305298759865,461538.46153846156,0
1463,628300,2.0,1,2.85,4,4.0,2025,7,9,44.0,228.0,8.14628080005406,602272.7272727273,0
1464,578640,1.0,2,2.8,4,1.0,2020,3,10,69.0,64.0,4.504456651919475,572463.768115942,0
1465,478630,1.0,2,2.0,3,1.0,2008,3,4,138.0,25.0,3.6252973395665165,536224.6376811594,0
1466,692100,2.0,1,2.7,3,2.0,2026,5,6,55.0,13.0,11.86588787704696,718181.8181818182,0
1467,723420,2.0,1,2.8,1,3.0,1989,8,9,59.0,91.0,3.7983695109567734,694915.2542372881,0
1468,280050,12.0,1,2.5,1,1.0,1975,1,5,80.0,138.0,2.7342265185290726,287500.0,0
1469,643500,1.0,1,2.0,4,1.0,2020,6,9,69.0,1863.0,10.282967959548335,905797.1014492754,0
1470,469900,3.0,1,2.85,1,1.0,2015,6,6,68.0,1195.0,1.9730959003500805,364705.8823529412,0
1471,786360,2.0,1,2.9,4,2.0,2012,4,10,5.0,1756.0,8.308055413725526,9600000.0,0
1472,293680,13.0,1,2.0,3,3.0,1993,2,9,62.0,28.0,0.47118013301526634,274193.5483870968,0
1473,830270,1.0,1,2.0,3,2.0,2023,11,17,70.0,2546.0,2.584408615407477,812857.1428571428,0
1474,971310,2.0,1,2.0,1,2.0,2021,8,13,6.0,757.0,4.146290527960636,5933333.333333333,0
1475,805430,1.0,2,2.0,4,2.0,2025,4,17,4.0,699.0,3.022567082922649,20375000.0,0
1476,642070,1.0,1,2.7,5,2.0,2018,7,9,4.0,70.0,2.7419731433605445,13750000.0,0
1477,971690,2.0,1,2.7,3,2.0,2017,6,10,9.0,222.0,7.36376476448895,3666666.6666666665,0
1478,811690,2.0,1,3.2,1,1.0,1949,3,3,1.0,265.0,6.113884192298177,68000000.0,0
1479,761110,1.0,1,2.0,3,1.0,2024,6,12,64.0,874.0,3.3879053788770728,835937.5,0
1480,926580,2.0,1,2.95,1,2.0,2015,9,18,8.0,136.0,4.294909850769185,8125000.0,0
1481,610500,2.0,1,2.0,3,1.0,1967,1,2,7.0,107.0,15.34857502361006,4071428.5714285714,0
1482,520380,2.0,1,2.8,4,2.0,2009,10,10,4.0,205.0,4.681430851011541,8250000.0,0
1483,871530,2.0,1,2.8,4,2.0,2021,8,10,30.0,27.0,1.8398225922564495,900000.0,0
1484,667810,2.0,1,2.0,3,2.0,2026,3,7,78.0,52.0,11.70962355835931,282051.28205128206,0
1485,880510,2.0,1,2.0,4,4.0,2023,2,3,70.0,97.0,8.859676594474026,850000.0,0
1486,906220,2.0,2,3.3,1,2.0,2022,2,3,100.0,500.0,6.22324019869649,1770000.0,0
1487,508040,1.0,1,2.5,3,1.0,1984,5,5,62.0,173.0,6.138358990384901,435483.87096774194,0
1488,865090,2.0,1,2.0,4,2.0,2025,4,12,48.0,166.0,6.271187739105269,894583.3333333334,0
1489,676070,2.0,1,2.0,3,3.0,1992,5,5,6.0,212.0,4.314763741238807,7666666.666666667,0
1490,588680,1.0,1,2.7,3,1.0,2025,10,10,6.0,243.0,6.646611939892095,3916666.6666666665,0
1491,708200,2.0,1,2.7,1,2.0,2021,2,10,8.0,170.0,7.702024273445233,5000000.0,0
1492,650040,1.0,1,2.7,3,1.0,2025,4,12,65.0,129.0,8.171637627602319,515384.6153846154,0
1493,432640,13.0,1,2.0,3,4.0,1988,3,5,52.0,0.0,2.109561268015178,298076.92307692306,0
1494,410770,4.0,1,2.7,3,1.0,2017,4,5,65.0,471.0,6.601574671431524,427692.3076923077,0
1495,335830,4.0,1,2.0,3,4.0,1959,2,3,53.0,90.0,3.5657249501029082,275471.69811320753,0
1496,600590,1.0,1,2.0,3,1.0,2026,5,12,40.0,335.0,4.874414759163535,474750.0,0
1497,562350,1.0,1,2.0,1,2.0,2019,5,12,7.0,100.0,6.32212673771168,3000000.0,0
1498,655950,1.0,1,2.0,3,1.0,2026,4,9,1.0,2564.0,3.2870871066490106,36051000.0,0
1499,850610,2.0,1,2.0,4,1.0,1974,3,4,65.0,226.0,4.284595997427888,876923.0769230769,0
1500,581190,1.0,2,2.0,3,1.0,2025,5,10,55.0,314.0,4.224732346708644,954545.4545454546,0
1501,623880,1.0,1,2.0,3,4.0,2021,9,10,4.0,258.0,2.8826570500727944,6525000.0,0
1502,885750,2.0,1,2.0,3,2.0,2025,3,9,95.0,114.0,4.8033277363125375,1400000.0,0
1503,664710,1.0,1,2.7,1,2.0,2022,5,7,40.0,222.0,3.1436033355693755,725000.0,0
1504,751490,1.0,1,2.7,3,4.0,2019,5,5,94.0,310.0,3.368172717873521,478723.40425531915,0
1505,608630,1.0,1,2.0,3,1.0,2026,6,9,63.0,300.0,5.02557639461717,547619.0476190476,0
1506,600590,1.0,1,2.0,3,1.0,2026,9,9,11.0,84.0,3.109605125300275,2454545.4545454546,0
1507,646950,2.0,1,2.7,1,2.0,2022,5,10,1.0,55.0,8.304431918214531,36000000.0,0
1508,949470,1.0,1,2.0,3,2.0,2024,3,10,141.0,181.0,3.2538140410468848,957446.8085106383,0
1509,708200,2.0,2,2.7,3,2.0,2022,1,12,1.0,293.0,7.505465556262357,56500000.0,0
1510,886020,2.0,1,2.0,4,1.0,1967,5,5,92.0,184.0,5.258648159538956,1380434.7826086956,0
1511,880850,2.0,1,2.0,4,2.0,2023,16,18,52.0,81.0,1.5817277599821467,1153846.1538461538,0
1512,475040,1.0,2,3.2,4,1.0,2017,20,20,111.0,50.0,4.137841009632381,765765.7657657658,0
1513,708200,2.0,1,2.85,4,2.0,2022,10,12,73.0,97.0,6.519759046888142,657534.2465753425,0
1514,887550,2.0,1,2.8,4,1.0,1985,5,5,4.0,295.0,5.254537825946726,16500000.0,0
1515,827550,2.0,1,2.9,4,2.0,2024,3,6,45.0,1281.0,11.147969915582744,908888.8888888889,0
1516,646950,2.0,1,2.7,3,2.0,2024,8,10,52.0,106.0,8.150831724385002,644230.7692307692,0
1517,694940,2.0,1,2.8,1,3.0,1982,1,5,5.0,122.0,3.8749673065582915,5000000.0,0
1518,758900,1.0,1,2.0,1,2.0,2021,5,10,79.0,256.0,4.3588973827874655,645569.6202531646,0
1519,880850,2.0,1,2.0,3,2.0,2023,17,17,8.0,221.0,3.291354926658195,6875000.0,0
1520,466070,1.0,1,2.8,1,2.0,2008,11,14,53.0,232.0,6.2211444704574435,424528.30188679247,0
1521,747410,2.0,2,2.0,4,2.0,2011,10,20,120.0,87.0,0.1197361579573219,566666.6666666666,0
1522,941270,2.0,2,2.7,3,2.0,2023,5,12,4.0,132.0,7.520022628513502,30000000.0,0
1523,666840,2.0,2,3.1,4,2.0,2010,9,11,1.0,216.0,3.81791246929855,75000000.0,0
1524,683170,1.0,1,2.65,3,2.0,2026,3,17,52.0,250.0,4.860452033648367,480769.23076923075,0
1525,724810,2.0,1,2.8,3,2.0,2006,2,9,1.0,27.0,4.173156781848151,51000000.0,0
1526,556190,1.0,1,2.8,3,1.0,2019,5,10,37.0,166.0,5.368895228114959,675675.6756756756,0
1527,666990,2.0,1,2.0,4,2.0,2025,4,5,6.0,211.0,6.556226182825354,2833333.3333333335,0
1528,634420,1.0,2,2.0,3,2.0,2021,14,24,95.0,104.0,4.70634199224889,578947.3684210526,0
1529,693100,2.0,1,2.7,3,2.0,2025,4,9,9.0,275.0,7.954253876258889,2111111.111111111,0
1530,946830,2.0,1,2.6,1,2.0,2008,10,10,7.0,124.0,3.9403821876319203,6000000.0,0
1531,685720,2.0,1,2.7,4,2.0,2024,2,4,9.0,59.0,8.047341892689806,3055555.5555555555,0
1532,872360,2.0,1,2.74,3,2.0,2023,6,17,73.0,197.0,3.2226600234182294,780821.9178082192,0
1533,867690,2.0,2,2.7,4,2.0,2022,11,17,68.0,82.0,1.6113160127101172,1119558.8235294118,0
1534,588950,1.0,1,2.75,5,1.0,2022,8,9,37.0,333.0,6.682051650011176,554054.0540540541,0
1535,690650,1.0,1,2.8,3,2.0,2018,5,18,44.0,65.0,0.6906534695266793,931818.1818181818,0
1536,647590,1.0,1,2.0,4,2.0,2025,4,20,8.0,50.0,5.715229343500475,3368750.0,0
1537,639630,1.0,1,2.0,4,1.0,2023,5,9,50.0,71.0,3.863439024985813,830000.0,0
1538,618040,1.0,1,2.0,3,2.0,2025,16,16,38.0,102.0,5.6985004389242455,736842.1052631579,0
1539,549620,1.0,1,2.7,3,4.0,2009,10,10,76.0,101.0,0.9395402014052393,480263.15789473685,0
1540,590330,1.0,1,2.7,3,1.0,2023,8,9,38.0,180.0,6.21880419962952,605263.1578947369,0
1541,758900,1.0,1,2.7,4,2.0,2021,6,22,70.0,26.0,4.077412826583978,785714.2857142857,0
1542,607630,2.0,1,2.8,1,2.0,2006,9,9,2.0,119.0,4.140630772411558,16999999.5,0
1543,626290,2.0,1,2.7,1,2.0,2021,3,3,4.0,101.0,5.097956523113975,6500000.0,0
1544,600590,1.0,1,2.0,3,1.0,2026,11,12,61.0,282.0,5.497906968886923,434426.2295081967,0
1545,495970,2.0,1,2.8,1,2.0,2008,1,6,2.0,252.0,13.0527296412352,17000000.0,0
1546,808080,2.0,1,2.4,4,3.0,1977,1,5,33.0,17.0,5.1210121800178285,863636.3636363636,0
1547,808080,2.0,1,2.7,4,3.0,1975,5,5,6.0,73.0,4.99305633621802,4616666.666666667,0
1548,737320,2.0,1,2.7,3,2.0,2022,4,13,90.0,306.0,7.735335174418923,733333.3333333334,0
1549,624030,1.0,1,2.7,4,2.0,2021,6,10,5.0,8.0,4.440811569448996,6100000.0,0
1550,938520,2.0,1,2.9,4,2.0,2025,14,17,5.0,158.0,2.891555226008317,7700000.0,0
1551,851840,1.0,2,2.0,3,2.0,2025,8,20,97.0,176.0,4.38351316584051,927835.0515463918,0
1552,737400,2.0,1,2.5,3,1.0,1963,2,4,58.0,39.0,2.5050399858675925,663793.1034482758,0
1553,414590,10.0,1,2.5,3,3.0,1987,5,9,4.0,785.0,0.8798197801607065,8750000.0,0
1554,872360,2.0,1,2.74,3,2.0,2023,6,17,73.0,199.0,3.2226600234182294,780821.9178082192,0
1555,867690,2.0,2,2.7,4,2.0,2022,11,17,68.0,82.0,1.6113160127101172,1119558.8235294118,0
1556,588950,1.0,1,2.75,5,1.0,2022,8,9,37.0,335.0,6.682051650011176,554054.0540540541,0
1557,518460,9.0,1,2.0,3,1.0,2021,4,5,85.0,0.0,3.1880549233910673,523529.4117647059,0
1558,690650,1.0,1,2.8,3,2.0,2018,5,18,44.0,65.0,0.6906534695266793,931818.1818181818,0
1559,647590,1.0,1,2.0,4,2.0,2025,4,20,8.0,50.0,5.715229343500475,3368750.0,0
1560,639630,1.0,1,2.0,4,1.0,2023,5,9,50.0,72.0,3.863439024985813,830000.0,0
1561,618040,1.0,1,2.0,3,2.0,2025,16,16,38.0,102.0,5.6985004389242455,736842.1052631579,0
1562,549620,1.0,1,2.7,3,4.0,2009,10,10,76.0,101.0,0.9395402014052393,480263.15789473685,0
1563,590330,1.0,1,2.7,3,1.0,2023,8,9,38.0,180.0,6.21880419962952,605263.1578947369,0
1564,758900,1.0,1,2.7,4,2.0,2021,6,22,70.0,27.0,4.077412826583978,785714.2857142857,0
1565,607630,2.0,1,2.8,1,2.0,2006,9,9,2.0,119.0,4.140630772411558,16999999.5,0
1566,626290,2.0,1,2.7,1,2.0,2021,3,3,4.0,101.0,5.097956523113975,6500000.0,0
1567,600590,1.0,1,2.0,3,1.0,2026,11,12,61.0,282.0,5.497906968886923,434426.2295081967,0
1568,495970,2.0,1,2.8,1,2.0,2008,1,6,2.0,252.0,13.0527296412352,17000000.0,0
1569,808080,2.0,1,2.4,4,3.0,1977,1,5,33.0,17.0,5.1210121800178285,863636.3636363636,0
1570,808080,2.0,1,2.7,4,3.0,1975,5,5,6.0,73.0,4.99305633621802,4616666.666666667,0
1571,737320,2.0,1,2.7,3,2.0,2022,4,13,90.0,306.0,7.735335174418923,733333.3333333334,0
1572,624030,1.0,1,2.7,4,2.0,2021,6,10,5.0,8.0,4.440811569448996,6100000.0,0
1573,938520,2.0,1,2.9,4,2.0,2025,14,17,5.0,158.0,2.891555226008317,7700000.0,0
1574,851840,1.0,2,2.0,3,2.0,2025,8,20,97.0,176.0,4.38351316584051,927835.0515463918,0
1575,737400,2.0,1,2.5,3,1.0,1963,2,4,58.0,39.0,2.5050399858675925,663793.1034482758,0
1576,414590,10.0,1,2.5,3,3.0,1987,5,9,4.0,785.0,0.8798197801607065,8000000.0,0
1577,571790,2.0,1,2.84,2,4.0,1986,5,9,69.0,509.0,3.7857783373060254,572463.768115942,0
1578,345710,15.0,1,2.7,4,3.0,1978,4,5,35.0,731.0,2.8644175022405287,351428.5714285714,0
1579,446950,1.0,2,2.0,3,2.0,2008,3,15,3.0,165.0,4.152686699986115,38333333.333333336,0
1580,423460,9.0,1,2.5,4,3.0,1981,4,5,36.0,316.0,3.8248832502682903,405555.55555555556,0
1581,591320,1.0,1,2.7,4,1.0,2024,2,9,31.0,277.0,6.4379951687304935,580645.1612903225,0
1582,330720,7.0,1,2.0,1,1.0,1968,2,5,31.0,3408.0,1.2719587658866358,317741.93548387097,0
1583,971310,2.0,1,2.9,4,2.0,2021,8,10,6.0,2467.0,0.5278722018019588,5250000.0,0
1584,864170,2.0,1,2.0,3,2.0,2025,2,12,46.0,414.0,1.411240760489047,673913.0434782609,0
1585,939650,2.0,1,2.0,1,2.0,2007,7,10,7.0,1419.0,7.006557094974487,4857142.857142857,0
1586,677720,1.0,1,2.0,3,2.0,2025,16,16,8.0,8.0,4.177418534298594,3062500.0,0
1587,844590,2.0,1,2.8,3,2.0,2025,1,6,39.0,215.0,12.415817750606802,871794.8717948718,0
1588,660870,1.0,2,2.0,4,1.0,2023,4,9,87.0,244.0,7.826511725536019,655172.4137931034,0
1589,551830,1.0,1,2.7,4,1.0,2021,4,7,2.0,26.0,6.130610939721637,10950000.0,0
1590,906220,2.0,2,2.0,4,2.0,2022,11,18,104.0,275.0,0.9356555196660185,817307.6923076923,0
1591,646950,2.0,1,2.85,3,2.0,2026,6,7,8.0,114.0,2.686498398751964,5125000.0,0
1592,373390,12.0,2,2.7,4,1.0,2014,4,9,126.0,6761.0,1.1551591114578241,380952.38095238095,0
1593,685720,2.0,1,2.7,4,2.0,2022,2,9,32.0,133.0,8.240752556256213,687500.0,0
1594,671700,2.0,1,2.0,3,4.0,2022,3,9,4.0,48.0,15.484987200481786,6250000.0,0
1595,660980,2.0,1,2.0,3,2.0,2025,4,12,2.0,241.0,6.213552040371044,14000000.0,0
1596,879740,2.0,1,2.85,3,2.0,2024,4,6,72.0,265.0,11.16281116583945,701388.8888888889,0
1597,690320,2.0,1,2.0,1,1.0,2007,2,5,89.0,46.0,3.540084933962788,651685.3932584269,0
1598,702480,1.0,1,2.0,3,2.0,2019,5,19,45.0,3887.0,2.426577862571018,655555.5555555555,0
1599,588950,1.0,1,2.7,3,1.0,2022,9,10,50.0,355.0,5.368895228114959,550000.0,0
1600,672770,1.0,1,2.0,3,1.0,2026,4,12,34.0,46.0,3.396151290648945,882352.9411764706,0
1601,992820,2.0,1,3.3,4,2.0,2019,7,8,60.0,286.0,7.162800887629207,1000000.0,0
1602,670390,2.0,1,2.0,3,2.0,2024,4,5,43.0,169.0,6.6029934025922605,732558.1395348837,0
1603,669840,2.0,1,3.3,3,2.0,2021,3,3,5.0,85.0,3.905008691147962,4400000.0,0
1604,594630,2.0,1,2.6,1,1.0,1991,5,5,4.0,42.0,10.140551552617683,12250000.0,0
1605,799460,1.0,2,2.0,3,1.0,2022,1,10,5.0,190.0,1.6235514409949232,15000000.0,0
1606,487430,1.0,2,2.7,3,2.0,1998,20,25,90.0,232.0,5.580673276496216,400000.0,0
1607,794840,2.0,1,2.7,3,2.0,2019,5,12,1.0,181.0,3.6576021729361328,49000000.0,0
1608,669420,2.0,1,2.0,3,2.0,2026,6,9,5.0,326.0,8.457061149086588,4400000.0,0
1609,646950,2.0,1,2.7,4,2.0,2021,3,10,2.0,188.0,7.532978750899089,14000000.0,0
1610,600590,1.0,1,2.0,3,1.0,2026,7,8,39.0,101.0,4.845470315962193,538461.5384615385,0
1611,638170,2.0,1,2.7,4,2.0,2022,1,8,6.0,183.0,11.684693678962974,7666666.5,0
1612,641720,1.0,1,2.0,3,2.0,2024,10,15,52.0,59.0,3.3100362356159443,817307.6923076923,0
1613,627740,2.0,1,2.0,3,2.0,2017,5,14,47.0,99.0,5.089430960665373,542553.1914893617,0
1614,743600,1.0,1,2.0,3,2.0,2020,12,17,57.0,151.0,2.7480338338009145,736842.1052631579,0
1615,928990,1.0,1,2.7,3,2.0,2027,8,9,21.0,73.0,4.6016735298433185,2095238.0952380951,0
1616,546850,1.0,1,2.7,3,1.0,2024,9,12,57.0,184.0,6.841659340742876,596491.2280701754,0
1617,646950,2.0,1,2.85,3,2.0,2026,6,7,8.0,114.0,2.686498398751964,5125000.0,0
1618,629570,1.0,1,2.0,3,2.0,2022,1,15,72.0,266.0,6.259178980268932,534722.2222222222,0
1619,685720,2.0,1,2.7,4,2.0,2022,6,10,31.0,200.0,8.37019964014701,725806.4516129033,0
1620,690130,2.0,1,2.7,4,2.0,2020,7,9,83.0,230.0,10.334456698552586,614457.8313253012,0
1621,592480,1.0,1,2.7,1,2.0,2015,7,12,7.0,57.0,3.8969294705107997,3071428.5714285714,0
1622,755470,2.0,2,2.8,1,2.0,2017,11,17,118.0,19.0,3.442214549969711,694915.2542372881,0
1623,745000,2.0,1,2.8,3,2.0,2012,8,22,80.0,122.0,0.7310841884468777,787500.0,0
1624,731230,2.0,2,2.0,1,2.0,2012,6,13,90.0,242.0,0.6729832222627065,738888.8888888889,0
1625,557000,2.0,1,2.0,4,1.0,2025,4,5,112.0,274.0,6.557297970116909,580357.1428571428,0
1626,688890,2.0,1,2.7,3,2.0,2024,6,9,64.0,126.0,8.377205645795202,640625.0,0
1627,740910,1.0,1,2.0,3,2.0,2025,8,12,4.0,141.0,2.812673009531708,9125000.0,0
1628,970720,2.0,2,2.0,2,2.0,2017,1,21,2.0,311.0,1.762675809851746,39999999.5,0
1629,860170,1.0,2,2.0,4,2.0,2023,9,9,2.0,208.0,4.8202434679595445,41500000.0,0
1630,556740,1.0,1,2.85,3,2.0,2024,9,10,69.0,70.0,8.34182074173518,268115.94202898553,0
1631,516200,2.0,1,2.7,3,1.0,2024,4,4,4.0,28.0,9.839605717609043,5750000.0,0
1632,867690,2.0,1,2.7,3,2.0,2022,7,10,56.0,117.0,12.349851343474693,625000.0,0
1633,701440,2.0,1,2.0,4,3.0,1972,7,9,75.0,19.0,5.300195229027209,1080000.0,0
1634,521010,2.0,1,2.8,3,2.0,2015,1,7,30.0,43.0,8.866548252879145,633000.0,0
1635,629940,1.0,1,2.0,3,2.0,2026,5,10,48.0,6.0,4.469395626235462,520833.3333333333,0
1636,743600,1.0,1,2.7,3,2.0,2020,3,9,3.0,31.0,2.0214002477820547,11000000.0,0
1637,427680,1.0,1,2.7,1,4.0,1991,2,5,60.0,32.0,8.069006477612772,400000.0,0
1638,792980,2.0,1,2.0,4,2.0,2010,4,6,40.0,231.0,3.42238252570065,825000.0,0
1639,632980,2.0,1,2.0,3,3.0,2006,5,5,7.0,49.0,7.8443724123103244,3785714.285714286,0
1640,797790,2.0,1,2.0,4,2.0,2025,4,9,39.0,198.0,1.9285765591871258,1179487.1794871795,0
1641,631660,2.0,1,2.9,4,2.0,2024,4,6,40.0,107.0,4.738360701574096,825000.0,0
1642,805430,1.0,2,2.0,4,2.0,2025,3,12,6.0,152.0,2.1494147346402133,12750000.0,0
1643,566810,2.0,1,2.6,3,3.0,1990,5,5,6.0,211.0,4.30992409710028,6750000.0,0
1644,799460,1.0,1,2.0,3,1.0,2022,5,10,94.0,178.0,1.6295563041581347,803191.4893617021,0
1645,493480,2.0,1,2.0,4,2.0,2021,2,8,57.0,217.0,6.1094526518477785,491228.0701754386,0
1646,734490,1.0,1,2.0,4,1.0,2024,6,9,41.0,169.0,4.886023081581861,756097.5609756098,0
1647,655280,2.0,1,2.8,3,2.0,2017,5,10,40.0,283.0,7.887455158218946,762500.0,0
1648,639630,1.0,1,2.5,1,1.0,2023,11,11,36.0,266.0,1.9857379773286146,658333.3333333334,0
1649,456120,1.0,1,2.7,1,1.0,2005,8,9,4.0,243.0,4.876054091765931,9000000.0,0
1650,907060,1.0,2,2.0,3,2.0,2021,2,14,132.0,151.0,2.9255958058695257,1045454.5454545454,0
1651,685720,2.0,1,2.7,1,2.0,2022,6,6,42.0,210.0,7.9509028827414685,785714.2857142857,0
1652,777910,2.0,1,2.0,3,2.0,2025,12,13,5.0,88.0,3.994451623309446,7200000.0,0
1653,462730,1.0,2,2.7,3,1.0,2011,5,12,112.0,152.0,5.441133375389655,482142.85714285716,0
1654,854630,2.0,2,2.0,3,2.0,2025,10,16,109.0,253.0,1.8503348021050559,651376.1467889908,0
1655,801130,1.0,2,2.0,3,2.0,2024,12,24,83.0,243.0,0.3315634524526905,1108433.7349397591,0
1656,660990,2.0,1,2.8,1,2.0,2014,7,16,64.0,276.0,6.993227808898808,453125.0,0
1657,877760,2.0,1,2.0,1,2.0,2012,19,19,70.0,185.0,5.6529317364436595,842857.1428571428,0
1658,778740,1.0,1,2.0,3,2.0,2023,6,17,46.0,179.0,2.607540858854917,858695.6521739131,0
1659,864170,2.0,1,2.0,3,2.0,2025,4,13,1.0,1819.0,1.2377660276833817,30000000.0,0
1660,708580,1.0,1,2.0,4,2.0,2021,1,9,61.0,60.0,2.946092705468403,719672.131147541,0
1661,533320,2.0,1,2.8,3,2.0,2012,9,9,88.0,121.0,7.340966719716578,443181.8181818182,0
1662,880850,2.0,1,2.8,3,2.0,2023,4,12,60.0,114.0,2.6674257598181867,950000.0,0
1663,688890,2.0,1,2.0,3,2.0,2023,3,5,71.0,222.0,8.438262566453414,852112.676056338,0
1664,222370,9.0,1,2.5,3,3.0,1966,3,5,8.0,839.0,11.533698268369207,1275000.0,0
1665,613630,1.0,1,2.0,3,2.0,2017,13,16,42.0,207.0,3.455281561671845,595238.0952380953,0
1666,854300,2.0,1,2.7,4,2.0,2013,2,6,2.0,179.0,3.319663535334133,28250000.0,0
1667,855070,2.0,1,2.0,3,2.0,2018,2,12,50.0,282.0,7.331200279359428,1279960.0,0
1668,601630,2.0,1,2.8,1,2.0,2014,4,5,45.0,341.0,11.33884851697194,711111.1111111111,0
1669,532380,2.0,1,2.0,1,2.0,2014,3,9,4.0,57.0,5.889165473476082,9125000.0,0
1670,631660,2.0,1,2.7,1,2.0,2024,6,12,55.0,75.0,5.326338778221954,636363.6363636364,0
1671,766110,2.0,1,2.0,1,3.0,1995,5,5,55.0,288.0,1.6734219859838373,1000000.0,0
1672,594510,2.0,1,2.0,3,2.0,2006,6,9,74.0,16.0,3.170401279803054,581081.0810810811,0
1673,673600,2.0,1,2.8,3,3.0,1977,1,9,4.0,204.0,4.983750291575002,14875000.0,0
1674,711900,2.0,1,2.7,1,2.0,2018,8,9,5.0,216.0,7.768530127390245,4800000.0,0
1675,650650,2.0,1,2.77,1,2.0,2020,2,12,8.0,209.0,5.569179968384312,5124999.875,0
1676,639630,1.0,1,2.0,4,1.0,2023,2,9,59.0,219.0,7.385363300762204,601694.9152542372,0
1677,797240,1.0,1,2.0,4,2.0,2025,7,14,48.0,51.0,5.227061866248817,906250.0,0
1678,499840,2.0,1,2.8,5,2.0,2007,2,6,59.0,244.0,15.982626393700675,525423.7288135593,0
1679,507900,1.0,1,2.7,1,2.0,2007,7,10,55.0,281.0,5.243826923578333,581818.1818181818,0
1680,650040,1.0,1,2.0,4,1.0,2025,2,9,2.0,85.0,5.340826657066213,15150000.0,0
1681,646950,2.0,1,2.69,4,2.0,2022,9,9,60.0,263.0,7.671945714051202,566666.6666666666,0
1682,646950,2.0,1,2.8,1,2.0,2022,1,12,57.0,144.0,6.5325040483144505,684210.5263157894,0
1683,716230,2.0,1,2.7,4,3.0,1961,3,4,45.0,144.0,2.073661546134554,733333.3333333334,0
1684,880850,2.0,1,2.7,4,2.0,2023,13,17,6.0,243.0,2.8854109104771806,8500000.0,0
1685,747720,1.0,1,2.0,3,2.0,2026,3,9,59.0,260.0,6.23445774940676,686440.6779661017,0
1686,942880,2.0,1,2.0,3,2.0,2024,1,12,63.0,290.0,4.8668868012431075,936507.9365079365,0
1687,702940,2.0,1,2.7,1,2.0,2019,12,12,34.0,76.0,4.634708583297064,670588.2352941176,0
1688,701410,1.0,1,2.0,3,4.0,2025,5,14,3.0,286.0,1.3811099248747185,20233333.333333332,0
1689,740910,1.0,1,2.0,4,2.0,2025,11,12,45.0,32.0,6.348201013524184,642222.2222222222,0
1690,828250,2.0,1,2.0,4,2.0,2023,17,18,90.0,239.0,1.5897874815350335,811111.1111111111,0
1691,666990,2.0,1,2.0,3,2.0,2025,7,12,35.0,20.0,5.017196969320959,542857.1428571428,0
1692,602320,2.0,1,2.0,2,3.0,1968,2,4,9.0,121.0,3.2062338577061866,3611111.111111111,0
1693,529450,1.0,1,2.0,3,2.0,2018,9,25,54.0,712.0,4.501287551009535,425925.9259259259,0
1694,903580,2.0,2,2.0,4,2.0,2020,18,19,122.0,7730.0,5.53046643027642,1803278.68852459,0
1695,549620,1.0,1,2.0,3,4.0,2009,10,10,51.0,516.0,1.4266574971798067,705882.3529411765,0
1696,416510,13.0,2,2.0,3,2.0,2015,9,11,160.0,34.0,2.055817388220955,431250.0,0
1697,624030,1.0,1,2.0,4,2.0,2021,16,16,75.0,104.0,4.116232141315232,593333.3333333334,0
1698,404990,10.0,1,2.5,4,1.0,1977,7,9,2.0,2358.0,1.9053983549204294,13750000.0,0
1699,468640,3.0,2,2.7,1,1.0,2016,7,9,106.0,1882.0,1.8618434553343828,504716.9811320755,0
1700,344920,6.0,1,2.0,3,1.0,2009,6,6,1.0,2554.0,4.009299963035046,16000000.0,0
1701,568710,1.0,2,2.0,1,1.0,2008,9,9,142.0,13099.0,0.44768433347949965,492957.73943661974,0
1702,569250,13.0,1,3.2,5,2.0,2024,6,9,58.0,2266.0,2.625869050143266,379310.3448275862,0
1703,891950,2.0,2,2.0,4,2.0,2024,2,12,9.0,993.0,5.05840802582065,9111111.111111112,0
1704,636320,1.0,1,2.0,4,2.0,2023,15,17,71.0,1093.0,6.685033620102771,640845.0704225352,0
1705,427360,14.0,1,2.5,1,3.0,1982,6,9,54.0,9148.0,1.7507881248223938,425925.9259259259,0
1706,805430,1.0,2,2.0,4,2.0,2025,8,9,85.0,1024.0,2.593663569075937,782352.9411764706,0
1707,476050,1.0,1,2.0,1,4.0,2005,5,16,87.0,418.0,3.2978205231437077,517241.3793103448,0
1708,677720,1.0,1,2.0,4,2.0,2025,7,9,35.0,1101.0,2.702806521467839,940000.0,0
1709,736510,2.0,1,2.7,3,2.0,2022,7,10,6.0,101.0,0.5267237988801918,6000000.0,0
1710,650040,1.0,1,2.0,4,1.0,2025,2,9,2.0,85.0,5.340826657066213,15150000.0,0
1711,646950,2.0,1,2.69,4,2.0,2022,9,9,60.0,264.0,7.671945714051202,566666.6666666666,0
1712,646950,2.0,1,2.8,1,2.0,2022,1,12,57.0,144.0,6.5325040483144505,684210.5263157894,0
1713,716230,2.0,1,2.7,4,3.0,1961,3,4,45.0,145.0,2.073661546134554,733333.3333333334,0
1714,880850,2.0,1,2.7,4,2.0,2023,13,17,6.0,243.0,2.8854109104771806,8500000.0,0
1715,460500,1.0,1,2.8,1,2.0,2006,3,5,65.0,39.0,8.14488267819518,384615.3846153846,0
1716,449100,1.0,1,2.0,3,4.0,1986,4,5,60.0,164.0,4.795172055856544,425000.0,0
1717,794840,2.0,1,2.7,3,2.0,2019,5,12,1.0,182.0,3.6576021729361328,49000000.0,0
1718,528090,14.0,1,2.0,3,1.0,2020,8,9,6.0,44.0,2.59237687523022,3500000.0,0
1719,561550,2.0,1,2.0,4,2.0,2014,1,4,67.0,78.0,5.726843267763544,462686.5671641791,0
1720,797790,2.0,1,2.7,3,2.0,2025,8,14,1.0,194.0,2.711406679450828,27000000.0,0
1721,903580,2.0,1,3.3,1,2.0,2020,3,3,70.0,89.0,8.84270543222715,1014285.7142857143,0
1722,624420,2.0,1,2.8,4,2.0,2017,8,9,4.0,262.0,11.091694147728306,9875000.0,0
1723,612110,2.0,1,2.7,3,3.0,1980,3,5,4.0,257.0,1.6814632711755249,9375000.0,0
1724,807150,2.0,1,2.7,4,1.0,1962,4,4,6.0,99.0,2.5597958359884947,5000000.0,0
1725,479180,1.0,1,2.5,3,1.0,1980,1,2,1.0,181.0,8.498732480539699,21000000.0,0
1726,683170,1.0,1,2.0,3,2.0,2026,2,9,71.0,142.0,5.1469509809552445,285915.4929577465,0
1727,886290,2.0,2,2.8,3,2.0,2025,2,13,80.0,116.0,4.0608692862045235,700000.0,0
1728,740910,1.0,1,2.0,3,2.0,2025,10,17,48.0,128.0,4.696630537068892,531250.0,0
1729,577850,1.0,1,2.0,3,2.0,2021,2,16,36.0,89.0,4.344653461828924,763888.8888888889,0
1730,944140,2.0,1,2.95,4,2.0,2015,11,15,4.0,102.0,4.294909850769185,17500000.0,0
1731,638170,2.0,2,2.8,4,2.0,2023,4,7,6.0,269.0,12.88975543846614,8666666.666666666,0
1732,631660,2.0,1,2.85,3,2.0,2024,6,6,56.0,277.0,4.820767175695318,821428.5714285715,0
1733,843960,2.0,2,2.7,4,2.0,2023,8,17,75.0,278.0,3.287331907936772,873333.3333333334,0
1734,666800,2.0,1,2.8,4,2.0,2024,9,12,54.0,169.0,2.4745881238812837,722222.2222222222,0
1735,725440,2.0,1,2.0,3,2.0,2012,5,14,76.0,59.0,3.2513850152389496,750000.0,0
1736,621210,1.0,1,2.65,4,3.0,2026,4,12,28.0,91.0,4.032463033590171,785714.2857142857,0
1737,627220,2.0,1,2.0,3,2.0,2023,5,5,60.0,96.0,6.761375592531728,375000.0,0
1738,514410,1.0,1,2.0,3,2.0,2013,11,13,101.0,209.0,4.331808342025011,495049.50495049503,0
1739,610750,1.0,1,3.2,3,4.0,2022,4,7,65.0,102.0,4.030388800600337,853846.1538461539,0
1740,854130,2.0,1,2.0,3,2.0,2024,11,13,4.0,306.0,1.4145660400419617,8350000.0,0
1741,981490,2.0,1,2.7,4,2.0,2023,7,13,57.0,291.0,1.8742378710866914,929824.5614035088,0
1742,467510,1.0,1,2.7,1,1.0,2008,1,9,6.0,72.0,4.585157595919665,7333333.333333333,0
1743,562230,1.0,1,2.7,4,1.0,2022,8,10,41.0,108.0,8.37258992275809,578048.7804878049,0
1744,706360,2.0,1,2.7,4,2.0,2023,7,13,2.0,52.0,7.696167174056383,19500000.0,0
1745,802020,1.0,1,2.7,4,2.0,2026,3,9,66.0,86.0,5.845007021550136,568181.8181818182,0
1746,802020,1.0,1,2.0,3,2.0,2026,11,17,3.0,103.0,2.9183629853207784,15333333.0,0
1747,631280,2.0,1,2.0,3,2.0,2025,5,12,4.0,263.0,5.0128735267066356,9500000.0,0
1748,555020,2.0,1,2.8,3,2.0,2013,3,9,4.0,33.0,5.986987700320205,7375000.0,0
1749,965310,2.0,1,2.8,1,2.0,1978,6,6,69.0,30.0,6.243606332169367,818840.5797101449,0
1750,904500,2.0,1,2.0,4,2.0,2020,1,10,74.0,53.0,0.4686820840578221,837837.8378378379,0
1751,587760,1.0,1,2.7,1,2.0,2024,14,23,38.0,22.0,6.238172105965074,513157.63157894736,0
1752,864170,2.0,1,2.0,4,2.0,2025,5,9,50.0,0.0,3.0528143389612783,1220000.0,0
1753,833540,2.0,1,2.7,2,2.0,1972,1,9,72.0,82.0,5.831520389701309,1097222.2222222222,0
1754,731230,2.0,1,2.8,3,2.0,2012,9,18,2.0,249.0,0.06404764643619668,20000000.0,0
1755,369790,8.0,1,2.8,4,3.0,1967,5,5,8.0,8717.0,5.720552442192557,2875000.0,0
1756,693450,2.0,2,2.8,3,2.0,2025,11,13,2.0,64.0,3.994451623309446,37550000.0,0
1757,955360,1.0,2,2.0,3,2.0,2026,11,17,71.0,157.0,3.1430975895503632,1209859.1549295774,0
1758,859890,2.0,1,2.7,1,1.0,1979,2,5,4.0,157.0,5.981838161039634,24000000.0,0
1759,738140,1.0,1,2.0,3,2.0,2024,7,9,73.0,105.0,5.057945841788013,534246.5753424658,0
1760,610460,2.0,1,2.7,3,2.0,2014,11,13,7.0,148.0,4.650805249798027,3428571.4285714286,0
1761,745050,1.0,2,2.0,4,1.0,2022,6,10,90.0,168.0,1.827820011003407,755555.5555555555,0
1762,638170,2.0,1,2.8,3,2.0,2022,7,9,70.0,153.0,14.522630075927813,685714.2857142857,0
1763,751810,1.0,2,2.0,3,2.0,2020,7,10,4.0,23.0,3.146181595314568,12475000.0,0
1764,880850,2.0,1,2.0,4,2.0,2023,6,12,7.0,79.0,3.9521010701850776,9985714.285714285,0
1765,926580,2.0,1,2.95,1,2.0,2015,13,15,6.0,37.0,4.499358747202976,10100000.0,0
1766,730900,2.0,1,2.0,3,2.0,2011,17,20,6.0,319.0,0.0565512919787828,8000000.0,0
1767,787170,1.0,2,2.7,3,2.0,2023,9,10,75.0,154.0,8.675331186682492,533333.3333333334,0
1768,684680,2.0,1,2.7,4,2.0,2023,8,10,64.0,0.0,10.644792467091111,671875.0,0
1769,872490,2.0,1,2.0,3,1.0,1977,5,5,51.0,93.0,5.22472778574574,882352.9411764706,0
1770,898600,2.0,1,2.0,3,2.0,2025,4,12,52.0,209.0,8.51764668134194,1057692.3076923077,0
1771,617400,2.0,1,2.9,3,4.0,2016,7,9,66.0,66.0,11.128446076671962,522727.2727272727,0
1772,874300,2.0,1,2.7,4,1.0,1970,4,4,8.0,167.0,2.443505072949673,8562500.0,0
1773,493480,2.0,1,2.8,1,2.0,2012,1,4,60.0,283.0,6.670936209986125,475000.0,0
1774,901160,2.0,2,2.85,1,2.0,2021,15,17,70.0,188.0,4.096661454626762,1157142.857142857,0
1775,901160,2.0,1,2.8,4,2.0,2021,3,9,5.0,103.0,7.75190812038332,17400000.0,0
1776,871530,2.0,1,2.8,4,2.0,2021,8,10,30.0,31.0,1.8398225922564495,900000.0,0
1777,784630,2.0,1,2.8,1,1.0,2021,2,3,46.0,186.0,6.78121096180744,760869.5652173914,0
1778,562990,2.0,1,2.8,3,2.0,2014,2,10,70.0,264.0,4.699520951080891,585714.2857142857,0
1779,543140,2.0,1,2.7,2,3.0,1989,5,5,5.0,292.0,7.661858738242945,5700000.0,0
1780,462730,1.0,1,2.8,2,1.0,2011,6,9,84.0,268.0,4.269012953004807,523809.5238095238,0
1781,645840,2.0,1,2.8,1,2.0,2007,4,5,8.0,77.0,7.901097469319139,3437500.0,0
1782,502040,1.0,1,2.7,3,1.0,2013,8,9,3.0,144.0,6.807503025169083,10166666.666666666,0
1783,687970,2.0,1,2.7,4,3.0,1978,3,5,1.0,223.0,1.2695206158002235,39500000.0,0
1784,758740,2.0,2,2.8,1,2.0,1988,5,9,7.0,202.0,2.733242497800078,11142857.142857144,0
1785,726980,1.0,1,2.7,3,2.0,2023,3,13,61.0,316.0,2.6702431104830215,622950.8196721311,0
1786,500670,2.0,1,2.7,1,2.0,2011,7,9,69.0,219.0,4.978733478742249,500000.0,0
1787,636540,2.0,1,2.7,1,2.0,2018,4,5,1.0,265.0,7.018977264166082,23800000.0,0
1788,694800,1.0,1,2.0,3,2.0,2020,2,9,8.0,147.0,5.746803650987368,3312500.0,0
1789,605610,1.0,2,3.2,3,1.0,2025,4,9,8.0,33.0,4.888413792961054,3725000.0,0
1790,646950,2.0,1,2.7,3,2.0,2021,5,9,52.0,200.0,8.148238101864584,615384.5961538461,0
1791,452910,1.0,1,2.0,4,1.0,2011,2,12,2.0,9.0,4.726089184646642,19950000.0,0
1792,631810,2.0,1,2.75,3,2.0,2017,8,9,8.0,187.0,11.186632177910857,5450000.0,0
1793,589800,1.0,1,2.0,3,2.0,2026,3,12,51.0,128.0,5.781143564248377,441176.4705882353,0
1794,481170,9.0,1,2.7,4,1.0,1988,1,5,52.0,593.0,5.167390406873607,605769.2307692308,0
1795,312510,7.0,1,2.8,4,3.0,1989,5,5,83.0,578.0,1.961268445748353,289156.6265060241,0
1796,771920,2.0,1,2.85,1,3.0,1980,4,5,1.0,969.0,2.6414254170122375,41000000.0,0
1797,747720,1.0,1,2.0,3,2.0,2026,16,18,44.0,421.0,1.344541840582449,1022727.2727272727,0
1798,289400,7.0,1,2.8,4,3.0,1980,2,5,32.0,640.0,6.586175424107685,312500.0,0
1799,627220,2.0,1,2.8,3,2.0,2023,2,5,50.0,103.0,6.606068785015978,720000.0,0
1800,713900,2.0,1,2.7,3,2.0,2019,5,6,76.0,249.0,7.565970051220574,480263.15789473685,0
1801,218490,17.0,1,2.5,3,3.0,1980,3,5,2.0,3571.0,6.220287568547297,3200000.0,0
1802,499840,2.0,1,2.75,5,2.0,2007,2,8,63.0,105.0,16.063983895780414,555555.5555555555,0
1803,975790,2.0,2,3.3,4,2.0,2018,2,7,5.0,216.0,6.275832963422303,16800000.0,0
1804,631280,2.0,1,2.7,3,2.0,2025,9,12,92.0,153.0,5.904387131323835,891304.3478260869,0
1805,670910,2.0,1,2.7,4,2.0,2024,8,9,46.0,195.0,14.500530650866697,760869.5652173914,0
1806,765620,1.0,2,2.0,3,4.0,2025,6,8,85.0,44.0,3.092794694206246,764705.8823529412,0
1807,893050,2.0,1,2.0,4,2.0,2024,9,20,72.0,204.0,0.9992119875254819,847222.2222222222,0
1808,672840,1.0,1,2.0,3,1.0,2025,4,10,42.0,140.0,2.314713151639506,654761.9047619047,0
1809,562230,1.0,1,2.7,4,1.0,2022,9,9,34.0,237.0,5.360828475090562,617647.0588235294,0
1810,949840,2.0,2,2.0,3,2.0,2026,9,16,3.0,203.0,2.2215074632063376,21666666.666666668,0
1811,846910,2.0,1,2.8,3,2.0,2024,10,13,70.0,315.0,1.45752701150976,627142.8571428572,0
1812,726750,2.0,1,2.8,4,2.0,2007,3,12,2.0,140.0,3.8950195756079107,21500000.0,0
1813,708200,2.0,1,2.7,3,2.0,2022,4,6,79.0,142.0,7.655766695439672,481012.6582278481,0
1814,816870,2.0,1,2.8,1,1.0,1988,5,5,1.0,315.0,4.636369421497536,41000000.0,0
1815,864170,2.0,1,2.0,4,2.0,2025,3,9,44.0,72.0,3.0687249278492086,1545454.5454545454,0
1816,827300,2.0,1,2.7,4,2.0,2021,2,10,57.0,30.0,1.9258305122616686,885964.9122807018,0
1817,409460,9.0,1,2.0,3,1.0,2026,2,6,38.0,31.0,3.940604405733815,552631.5789473684,0
1818,483020,1.0,1,2.7,1,2.0,2010,3,9,71.0,942.0,4.821929362334683,421126.76056338026,0
1819,496540,1.0,1,2.5,3,2.0,2011,5,5,37.0,1.0,6.676993764569855,513513.5135135135,0
1820,387190,10.0,1,2.0,4,2.0,2026,9,14,64.0,1.0,1.920745471031599,484375.0,0
1821,403160,9.0,1,2.0,3,1.0,2025,3,12,51.0,458.0,4.257013539131343,572549.0196078431,0
1822,791870,1.0,2,3.5,4,2.0,2015,28,31,203.0,265.0,3.2932483842549067,1130541.8719211824,0
1823,553080,1.0,1,2.7,3,1.0,2020,11,12,43.0,0.0,6.797430244949721,534883.7209302326,0
1824,574940,1.0,1,2.0,3,2.0,2018,13,16,44.0,12.0,4.262909609933096,590909.0909090909,0
1825,563950,1.0,1,2.0,4,2.0,2018,19,22,41.0,340.0,4.125775996071984,597560.9756097561,0
1826,472010,9.0,1,2.0,3,1.0,2025,5,8,40.0,542.0,2.9320622687043874,525000.0,0
1827,718680,1.0,1,2.7,3,2.0,2022,6,14,2.0,144.0,1.797956028047004,15000000.0,0
1828,521840,1.0,1,2.7,4,1.0,2013,9,10,7.0,168.0,3.7515662667169085,3785714.285714286,0
1829,650040,1.0,1,2.0,3,1.0,2025,8,9,7.0,89.0,4.368912026100377,4614285.714285715,0
1830,594630,2.0,2,2.8,3,1.0,1989,5,6,93.0,38.0,10.974551454010257,591397.8494623656,0
1831,641720,1.0,1,2.0,3,2.0,2024,12,14,18.0,164.0,3.8377957168516943,1594444.4444444445,0
1832,891950,2.0,2,2.0,4,2.0,2024,3,7,120.0,187.0,5.080978465166189,1233333.3333333333,0
1833,834410,2.0,1,2.8,2,3.0,1983,1,4,30.0,354.0,4.2462801578214036,663333.3333333334,0
1834,628770,1.0,1,2.7,3,3.0,2020,2,16,50.0,95.0,4.423800676651299,690000.0,0
1835,638170,2.0,1,2.85,3,2.0,2022,6,7,5.0,320.0,14.365264082092699,11600000.0,0
1836,741400,2.0,1,2.8,3,3.0,1989,5,5,8.0,179.0,3.9386021194867773,7500000.0,0
1837,682640,2.0,1,2.9,3,2.0,2021,3,10,48.0,323.0,10.613058969320981,635416.6666666666,0
1838,738140,1.0,1,2.7,4,2.0,2024,4,9,68.0,54.0,2.906493786194672,838235.2941176471,0
1839,880220,2.0,1,2.7,1,3.0,1972,3,5,5.0,24.0,3.040857979443197,5800000.0,0
1840,803340,1.0,1,2.7,1,2.0,2021,5,10,65.0,284.0,2.761998811783466,860000.0,0
1841,701440,2.0,1,2.5,3,3.0,1972,2,4,4.0,296.0,2.3097424763105248,11750000.0,0
1842,660980,2.0,1,2.7,4,2.0,2025,7,9,52.0,319.0,8.369660711681066,628846.1538461539,0
1843,628430,2.0,2,3.06,3,2.0,2024,4,4,6.0,152.0,14.842348350749228,9416666.666666666,0
1844,996630,2.0,1,2.8,4,2.0,2019,4,16,3.0,251.0,3.751932599216832,20000000.0,0
1845,611420,2.0,1,2.9,4,4.0,2007,1,9,58.0,118.0,4.218588449735421,620689.6551724138,0
1846,688890,2.0,1,2.7,3,2.0,2024,1,3,86.0,252.0,10.009199220915209,581395.3488372093,0
1847,794700,1.0,1,2.7,4,2.0,2024,6,9,66.0,108.0,5.71396778164704,622727.2727272727,0
1848,631660,2.0,1,2.0,3,2.0,2024,3,5,2.0,55.0,6.688317564270313,11750000.0,0
1849,584760,2.0,1,2.4,3,1.0,1972,2,2,6.0,26.0,2.656608183949914,3916666.6666666665,0
1850,553080,1.0,1,2.7,3,1.0,2020,11,12,43.0,0.0,6.797430244949721,534883.7209302326,0
1851,489300,2.0,1,2.8,1,1.0,1964,2,2,44.0,314.0,3.73065593547348,500000.0,0
1852,530810,2.0,1,2.8,1,1.0,1976,2,2,65.0,307.0,17.397917551815507,484615.3846153846,0
1853,843640,2.0,1,2.7,4,1.0,1993,4,5,67.0,51.0,2.378130482648271,940298.5074626865,0
1854,524120,1.0,1,2.7,3,1.0,2016,1,6,3.0,102.0,5.6369727788084205,9333333.333333334,0
1855,814340,1.0,2,3.3,3,2.0,2022,2,7,8.0,379.0,3.30583416659181,11437500.0,0
1856,636540,2.0,1,2.7,4,2.0,2018,1,9,2.0,78.0,4.730090856140148,14995000.0,0
1857,631660,2.0,1,2.0,4,2.0,2024,11,12,42.0,77.0,1.9758191633895434,976190.4761904762,0
1858,779030,2.0,1,2.0,4,3.0,1989,5,5,6.0,201.0,2.0649499050628113,9333333.333333334,0
1859,644820,1.0,2,3.2,1,1.0,2015,6,10,176.0,35.0,3.1843559602840767,474431.8181818182,0
1860,660980,2.0,1,2.0,3,2.0,2025,5,12,1.0,150.0,6.246909068174409,28750000.0,0
1861,683530,2.0,1,2.0,3,4.0,2019,5,5,8.0,256.0,12.867442800563971,3187500.0,0
1862,740910,1.0,1,2.0,4,2.0,2025,3,9,42.0,224.0,4.8386389295900605,750000.0,0
1863,518530,1.0,2,2.0,1,2.0,2011,6,8,115.0,185.0,5.88738176335,408695.652173913,0
1864,797240,1.0,1,2.0,3,2.0,2025,11,12,28.0,99.0,5.094197572150791,2267857.1428571427,0
1865,688890,2.0,2,3.3,5,2.0,2024,1,3,92.0,318.0,6.143563730230614,760869.5652173914,0
1866,885750,2.0,1,2.0,4,2.0,2025,9,9,5.0,140.0,4.837268178171376,19000000.0,0
1867,633280,2.0,1,2.0,3,2.0,2025,3,5,56.0,125.0,6.859346137283466,425000.0,0
1868,625710,1.0,1,2.8,3,3.0,2021,5,9,70.0,144.0,5.246688928925333,757142.8571428572,0
1869,629570,1.0,1,2.7,4,2.0,2022,5,18,56.0,120.0,8.236471563794726,580357.1428571428,0
1870,801130,1.0,1,2.9,3,2.0,2024,2,6,74.0,171.0,6.200283156532586,364864.86486486485,0
1871,635570,2.0,2,2.7,3,2.0,2021,5,9,90.0,174.0,10.722469757970837,622222.2222222222,0
1872,685720,2.0,1,2.0,3,2.0,2024,4,9,30.0,228.0,8.061382196762269,750000.0,0
1873,692030,1.0,1,2.0,3,1.0,2018,10,10,83.0,0.0,2.430265344828673,6024.096385542169,0
1874,321660,5.0,1,2.75,3,3.0,2008,1,6,55.0,0.0,1.0443855550267063,509090.9090909091,0
1875,457870,1.0,1,2.7,4,2.0,2006,17,17,104.0,259.0,4.664341239840207,458653.8461538461,0
1876,604620,1.0,1,2.7,4,2.0,2021,5,9,2.0,307.0,4.445538886986502,12950000.0,0
1877,687330,2.0,1,2.8,4,3.0,1978,4,5,3.0,291.0,7.2938918311057614,22666666.666666668,0
1878,670390,2.0,1,2.85,4,2.0,2024,5,12,49.0,283.0,5.547075030903852,612244.8979591837,0
1879,660980,2.0,1,2.0,3,2.0,2025,7,12,7.0,5.0,6.236485107919834,4142857.1428571427,0
1880,848380,1.0,2,2.0,4,2.0,2024,9,9,95.0,40.0,3.497339433192051,789463.1578947369,0
1881,989790,2.0,1,2.7,4,2.0,2025,8,12,33.0,126.0,2.720871125385516,1090909.0909090908,0
1882,666990,2.0,1,2.0,3,2.0,2025,8,12,6.0,188.0,4.960444738885906,3150000.0,0
1883,862930,2.0,1,2.7,4,3.0,1978,5,5,6.0,98.0,2.1056347946393585,4833333.333333333,0
1884,786360,2.0,1,2.8,2,2.0,2012,8,16,72.0,325.0,7.036325355795691,416666.6666666667,0
1885,684680,2.0,1,2.7,4,2.0,2022,7,7,70.0,306.0,11.86691138156202,657142.8571428572,0
1886,627040,1.0,1,2.7,4,2.0,2018,7,13,1.0,131.0,3.8567962753490486,25500000.0,0
1887,628640,2.0,1,2.85,3,2.0,2024,10,12,3.0,145.0,5.505669364410573,12500000.0,0
1888,771020,1.0,1,2.0,3,2.0,2022,16,18,64.0,31.0,3.162229110689771,695312.5,0
1889,572900,2.0,1,2.8,3,1.0,1981,3,3,3.0,309.0,10.057969209903613,11666666.666666666,0
1890,670160,1.0,1,2.7,3,2.0,2019,7,16,87.0,47.0,4.091256506747799,413793.1034482759,0
1891,602100,2.0,1,3.3,1,2.0,2013,1,9,46.0,97.0,4.951091731522308,565217.3913043478,0
1892,492110,1.0,1,2.7,3,2.0,2015,8,10,64.0,221.0,5.154118663763212,570312.5,0
1893,382810,1.0,1,2.0,4,1.0,1990,6,6,1.0,842.0,6.2582234158941015,27500000.0,0
1894,708580,1.0,1,2.7,3,2.0,2021,9,9,8.0,1014.0,9.369555616571475,2812500.0,0
1895,664710,1.0,1,2.85,4,2.0,2022,15,20,1.0,360.0,6.311786869810401,26000000.0,0
1896,802020,1.0,1,2.0,3,2.0,2026,13,17,39.0,1890.0,3.582171871304198,1017948.717948718,0
1897,457340,1.0,2,2.0,1,1.0,2013,7,16,92.0,1267.0,4.8863953814037755,434782.60869565216,0
1898,638370,1.0,1,2.7,3,3.0,2018,15,16,35.0,1032.0,4.367061407315051,605714.2857142857,0
1899,391260,8.0,1,2.0,4,3.0,1990,2,5,56.0,3415.0,5.083053909287267,473214.28571428574,0
1900,893050,2.0,1,2.0,3,2.0,2024,2,18,62.0,210.0,1.0912075711494666,951612.9032258064,0
1901,640440,2.0,1,2.8,4,2.0,2006,8,9,76.0,312.0,3.9580946375194683,648684.2105263158,0
1902,797240,1.0,1,2.0,3,2.0,2025,15,22,55.0,540.0,3.461488849799795,963636.3636363636,0
1903,393880,8.0,1,2.8,4,1.0,1980,1,5,60.0,11508.0,3.097052616083207,416666.6666666667,0
1904,536540,1.0,1,2.0,1,2.0,2016,10,10,72.0,3406.0,5.8069877997390345,361111.1111111111,0
1905,674110,2.0,2,2.0,1,2.0,2011,9,11,98.0,122.0,3.790224228692976,663265.306122449,0
1906,828250,2.0,2,2.8,4,2.0,2023,1,9,90.0,224.0,1.6968127269535276,688888.8888888889,0
1907,681700,1.0,1,2.8,4,1.0,2024,1,5,31.0,291.0,8.469563292848207,480645.1612903226,0
1908,655630,2.0,2,2.85,4,2.0,2016,9,16,135.0,81.0,7.35741170051573,337037.037037037,0
1909,518460,9.0,1,2.0,4,1.0,2023,4,5,85.0,766.0,1.4732181872359313,611764.7058823529,0
1910,593240,2.0,1,2.75,4,2.0,2022,12,12,8.0,233.0,5.265157639008517,5562500.0,0
1911,646950,2.0,1,2.7,3,2.0,2023,3,9,3.0,326.0,7.966104690794464,10166666.666666666,0
1912,650040,1.0,1,2.0,3,1.0,2025,12,12,55.0,240.0,6.752738102102132,436363.63636363635,0
1913,641880,1.0,1,2.0,3,1.0,2022,6,10,8.0,143.0,1.6235795717111667,6250000.0,0
1914,786360,2.0,1,2.9,1,2.0,2012,10,10,4.0,206.0,8.333670238503814,9875000.0,0
1915,634480,1.0,1,2.75,4,3.0,2020,14,22,4.0,118.0,1.6510678704358244,6625000.0,0
1916,460020,1.0,1,2.8,3,3.0,2020,3,12,4.0,253.0,5.753162410972617,7625000.0,0
1917,865090,2.0,1,2.8,3,2.0,2025,9,9,8.0,130.0,1.9763017758173294,6625000.0,0
1918,592230,2.0,1,2.8,3,2.0,2006,8,9,92.0,243.0,7.598025947793935,603260.8695652174,0
1919,631660,2.0,1,2.0,3,2.0,2024,3,5,47.0,148.0,6.859346137283466,500000.0,0
1920,685720,2.0,1,2.7,3,2.0,2022,6,12,39.0,213.0,7.581796300022536,820512.8205128205,0
1921,633510,2.0,1,2.75,3,2.0,2017,9,9,63.0,224.0,7.7816128908908055,587301.5873015873,0
1922,684680,2.0,1,2.7,4,2.0,2024,4,9,6.0,272.0,10.25859649291938,5750000.0,0
1923,661300,2.0,1,2.0,4,1.0,1974,5,5,55.0,87.0,2.858543936473098,700000.0,0
1924,740910,1.0,1,2.0,3,2.0,2025,10,18,6.0,10.0,4.858877164237199,6316666.666666667,0
1925,650040,1.0,1,2.7,3,1.0,2025,5,9,3.0,267.0,4.3681244073327905,9166666.666666666,0
1926,843960,2.0,1,2.7,4,2.0,2023,5,17,63.0,30.0,3.2113404089947166,901587.3015873015,0
1927,562170,2.0,2,2.0,1,2.0,2018,3,9,3.0,170.0,4.761169453509938,18333333.333333332,0
1928,736550,2.0,1,2.0,1,4.0,1974,2,5,3.0,155.0,4.017868886986294,16500000.0,0
1929,712400,1.0,1,2.0,3,2.0,2020,15,17,39.0,299.0,3.165173526301892,961538.4615384615,0
1930,593180,2.0,1,2.8,4,2.0,2012,5,5,2.0,95.0,5.831623600802419,12000000.0,0
1931,788150,2.0,1,2.85,4,4.0,2020,1,17,95.0,171.0,3.291354926658195,789473.6842105263,0
1932,813500,1.0,2,2.0,3,2.0,2026,5,16,57.0,449.0,2.3257654085975905,1842105.2631578948,0
1933,754600,1.0,2,2.0,3,1.0,2026,10,12,131.0,60.0,3.7840570908772713,503816.7938931298,0
1934,735240,2.0,1,2.8,3,3.0,1998,8,9,72.0,223.0,3.8827036251734204,680555.5555555555,0
1935,731230,2.0,1,2.0,3,2.0,2012,8,21,64.0,258.0,0.6769768692522404,585937.5,0
1936,597550,1.0,1,3.15,3,4.0,2025,14,18,8.0,186.0,3.0472176870201477,5250000.0,0
1937,638170,2.0,2,2.7,3,2.0,2022,6,7,90.0,308.0,11.823430650235805,655555.5555555555,0
1938,603910,1.0,1,2.0,1,1.0,2018,10,10,71.0,230.0,3.4489615249058563,422535.21126760566,0
1939,485120,1.0,1,2.0,3,2.0,2007,6,20,83.0,50.0,4.917411079153881,385542.1686746988,0
1940,685720,2.0,1,2.7,3,2.0,2022,5,10,31.0,216.0,8.55390489390184,693548.3870967742,0
1941,747410,2.0,2,2.0,4,2.0,2011,14,19,145.0,217.0,3.2569162175961806,831034.4827586206,0
1942,787170,1.0,1,3.1,4,2.0,2023,21,22,5.0,165.0,1.1600712699129627,21000000.0,0
1943,713900,2.0,1,2.0,4,2.0,2019,1,3,60.0,274.0,6.636237129175898,916666.6666666666,0
1944,844590,2.0,1,2.8,3,2.0,2025,1,6,39.0,216.0,12.415817750606802,871794.8717948718,0
1945,748470,2.0,1,2.9,4,2.0,2012,2,10,1.0,106.0,8.398807320617427,78000000.0,0
1946,517780,1.0,1,2.0,3,2.0,2014,1,9,90.0,1943.0,2.696686003856221,776666.6666666666,0
1947,792460,1.0,2,2.7,3,1.0,2019,7,8,100.0,3120.0,3.2484240731505962,525000.0,0
1948,813500,1.0,2,2.0,3,2.0,2026,5,16,57.0,449.0,2.3257654085975905,1842105.2631578948,0
1949,754600,1.0,2,2.0,3,1.0,2026,10,12,131.0,60.0,3.7840570908772713,503816.7938931298,0
1950,735240,2.0,1,2.8,3,3.0,1998,8,9,72.0,223.0,3.8827036251734204,680555.5555555555,0
1951,731230,2.0,1,2.0,3,2.0,2012,8,21,64.0,258.0,0.6769768692522404,585937.5,0
1952,597550,1.0,1,3.15,3,4.0,2025,14,18,8.0,186.0,3.0472176870201477,5250000.0,0
1953,638170,2.0,2,2.7,3,2.0,2022,6,7,90.0,308.0,11.823430650235805,655555.5555555555,0
1954,685720,2.0,1,2.7,4,2.0,2021,9,16,2.0,211.0,5.668621375900159,14750000.0,0
1955,660980,2.0,1,2.0,3,2.0,2025,6,12,9.0,73.0,6.260950947813883,3194444.4444444445,0
1956,688890,2.0,2,2.7,4,2.0,2023,10,12,2.0,119.0,7.491817356343157,32500000.0,0
1957,660870,1.0,2,2.7,1,1.0,2023,3,9,75.0,306.0,3.1341731797139607,493333.3333333333,0
1958,631280,2.0,1,2.85,4,2.0,2025,6,7,6.0,140.0,2.584631949603006,5833333.333333333,0
1959,800680,2.0,1,2.8,3,4.0,1960,1,2,47.0,60.0,6.175406950394764,1059574.4680851065,0
1960,730460,1.0,1,3.3,4,1.0,2022,7,8,54.0,74.0,3.2874263987804238,898148.1481481482,0
1961,664710,1.0,1,2.7,3,2.0,2022,7,16,86.0,186.0,5.239437312855159,196511.61627906977,0
1962,627980,2.0,1,2.8,3,2.0,2025,9,12,35.0,314.0,5.017196969320959,542857.1428571428,0
1963,594510,2.0,1,2.7,1,2.0,2006,9,9,74.0,73.0,3.0571919171339794,581081.0810810811,0
1964,786360,2.0,1,2.0,3,2.0,2012,1,16,110.0,41.0,7.045082693035802,445454.54545454547,0
1965,852420,2.0,1,2.0,3,4.0,2024,2,10,60.0,241.0,3.1025223229295644,1025000.0,0
1966,738140,1.0,1,2.7,1,2.0,2024,3,9,1.0,27.0,5.486412460940846,32000000.0,0
1967,805430,1.0,1,2.0,3,2.0,2025,2,16,5.0,97.0,4.484712694563298,8160000.0,0
1968,771020,1.0,2,2.0,3,2.0,2022,9,12,5.0,68.0,2.8455351001645535,10900000.0,0
1969,618040,1.0,1,2.0,3,2.0,2025,9,16,40.0,22.0,3.5995297452402006,885000.0,0
1970,624720,1.0,1,2.7,1,2.0,2014,10,12,75.0,277.0,1.0950017777799825,606666.6666666666,0
1971,525930,1.0,2,2.7,2,1.0,2000,3,9,110.0,226.0,3.998709401123018,505454.54545454547,0
1972,415220,1.0,1,2.0,1,3.0,1969,2,5,45.0,257.0,7.017678477489294,395555.55555555556,0
1973,708300,1.0,1,2.7,3,4.0,2026,5,9,4.0,144.0,5.453250592744269,5225000.0,0
1974,864170,2.0,1,2.0,4,2.0,2025,4,13,46.0,184.0,1.3206956679138344,750000.0,0
1975,616100,2.0,1,2.0,3,4.0,1968,4,4,58.0,30.0,2.7462519064447926,586206.8965517242,0
1976,597170,1.0,1,2.0,5,1.0,2026,3,12,39.0,100.0,5.8144680242562545,500000.0,0
1977,620900,2.0,1,2.8,3,2.0,2018,12,12,9.0,33.0,5.020583932965786,4555555.555555556,0
1978,669510,2.0,1,2.8,4,2.0,2022,8,9,45.0,312.0,8.194085163345116,622222.2222222222,0
1979,898850,2.0,1,2.7,1,1.0,1967,1,4,6.0,25.0,7.627462260952463,9666666.666666666,0
1980,906220,2.0,1,2.0,3,2.0,2022,5,19,75.0,289.0,1.0014131929650036,931066.6666666666,0
1981,730460,1.0,1,2.0,3,1.0,2022,6,9,58.0,193.0,2.5093119249954667,844827.5862068966,0
1982,501680,1.0,1,2.8,4,2.0,2012,5,9,21.0,119.0,6.016404927248775,614285.7142857143,0
1983,933280,1.0,2,2.0,3,2.0,2024,7,9,140.0,1128.0,1.2385234240418121,928571.4285714285,0
1984,448410,1.0,1,2.7,1,2.0,2009,2,13,4.0,229.0,5.185560648531221,10125000.0,0
1985,485120,1.0,1,2.7,1,2.0,2007,11,20,98.0,1.0,4.917411079153881,408163.2653061224,0
1986,377340,8.0,1,2.7,4,3.0,1976,5,5,7.0,23926.0,7.513890539138723,3000000.0,0
1987,518460,9.0,2,2.0,3,1.0,2023,10,10,5.0,1140.0,0.8119402945492397,7600000.0,0
1988,430560,15.0,1,2.8,3,2.0,2022,8,9,2.0,4947.0,9.651898658743173,11750000.0,0
1989,797240,1.0,1,3.2,3,2.0,2025,10,11,48.0,9424.0,2.7522167584921893,562500.0,0
1990,583850,1.0,1,2.74,4,1.0,2020,10,11,38.0,328.0,1.9857379773286146,618421.052631579,0
1991,699130,2.0,1,2.69,3,2.0,2020,4,9,40.0,171.0,7.602324435074359,712500.0,0
1992,370580,9.0,1,2.0,1,3.0,1985,7,9,52.0,2979.0,3.1333952101175613,380769.23076923075,0
1993,872300,2.0,1,2.0,3,2.0,2020,7,10,5.0,3190.0,5.059641661216314,12600000.0,0
1994,423190,5.0,1,2.7,3,1.0,2025,3,10,95.0,4058.0,5.265249192437064,268421.05263157893,0
1995,737560,1.0,1,2.7,3,2.0,2026,12,16,39.0,266.0,4.508995634680193,528205.1282051282,0
1996,846610,2.0,1,2.75,4,2.0,2019,1,10,50.0,48.0,2.695901969348282,840000.0,0
1997,646950,2.0,1,2.8,3,2.0,2024,5,9,8.0,142.0,8.012599966577243,4750000.0,0
1998,598090,2.0,1,2.7,4,1.0,1992,4,5,70.0,3611.0,12.58783446715872,600000.0,0
1999,631660,2.0,1,2.0,4,2.0,2024,7,12,44.0,106.0,1.7574865045387214,931818.1818181818,0
2000,628640,2.0,1,2.85,4,2.0,2024,2,6,59.0,313.0,4.738360701574096,677966.1016949152,0
2001,872300,2.0,1,2.85,3,2.0,2020,1,16,55.0,52.0,4.096661454626762,1072727.2727272727,0
2002,824400,2.0,1,2.0,3,1.0,1956,1,2,44.0,28.0,3.209247641917966,920454.5454545454,0
2003,668420,2.0,1,2.0,3,3.0,1986,1,5,33.0,308.0,8.764860005865259,636363.6363636364,0
2004,834750,1.0,2,2.7,3,2.0,2022,7,13,8.0,1147.0,6.354059120216156,5987500.0,0
2005,480780,8.0,1,2.9,1,2.0,2015,8,9,82.0,29.0,0.36947913601889404,341463.4146341463,0
2006,880850,2.0,1,2.7,3,2.0,2023,5,13,5.0,156.0,2.664801999034482,8300000.0,0
2007,578490,1.0,1,2.0,3,2.0,2022,2,13,9.0,57.0,5.094518349390333,3000000.0,0
2008,871530,2.0,1,2.8,1,2.0,2021,2,13,37.0,142.0,2.008782778272734,918918.9189189189,0
2009,472960,1.0,1,2.5,4,3.0,1985,9,9,53.0,95.0,5.220751004903288,450943.3962264151,0
2010,631660,2.0,1,2.0,3,2.0,2024,3,5,50.0,259.0,6.859346137283466,510000.0,0
2011,748470,2.0,2,2.8,4,2.0,2012,4,16,132.0,149.0,7.08243570630174,405303.0303030303,0
2012,755470,2.0,2,2.7,3,2.0,2017,16,17,84.0,117.0,3.047332949652241,892857.1428571428,0
2013,660430,2.0,1,2.75,4,1.0,1994,5,6,4.0,120.0,7.817755665235542,8925000.0,0
2014,747720,1.0,1,3.2,3,2.0,2026,6,12,45.0,86.0,4.362445928219029,722222.2222222222,0
2015,881110,2.0,2,2.0,5,2.0,2026,5,13,3.0,90.0,2.6554762930767004,18666666.666666668,0
2016,903200,2.0,1,2.7,3,4.0,2023,8,16,5.0,251.0,2.967536659795945,11060000.0,0
2017,846910,2.0,1,2.0,4,2.0,2024,3,12,7.0,265.0,1.4402914181854651,6428571.428571428,0
2018,740910,1.0,1,2.0,3,2.0,2025,13,16,1.0,242.0,4.350241546772765,35500000.0,0
2019,693100,2.0,1,2.7,3,2.0,2025,9,9,39.0,227.0,8.318794530789251,666666.6666666666,0
2020,580210,1.0,1,2.0,3,2.0,2025,8,17,5.0,311.0,4.738076499682424,4500000.0,0
2021,660980,2.0,1,2.0,4,2.0,2025,9,9,5.0,204.0,8.369660711681066,6780000.0,0
2022,646950,2.0,1,2.7,4,2.0,2022,1,10,2.0,231.0,8.390323362064258,15250000.0,0
2023,366960,15.0,1,2.0,1,1.0,2010,9,9,80.0,480.0,3.5052918148341794,325000.0,0
2024,646950,2.0,1,3.3,3,2.0,2024,2,4,1.0,194.0,6.143563730230614,80000000.0,0
2025,631660,2.0,1,2.0,3,2.0,2024,12,12,51.0,177.0,5.229322934763038,558823.5294117647,0
2026,805430,1.0,1,2.0,4,2.0,2025,9,16,80.0,105.0,4.122923023714076,745000.0,0
2027,485280,1.0,1,2.7,4,1.0,2010,4,10,41.0,262.0,4.124364022769985,570731.7073170731,0
2028,652600,1.0,1,2.0,4,2.0,2017,3,12,50.0,131.0,5.600216796549939,578000.0,0
2029,746010,1.0,1,2.0,4,1.0,2026,2,9,42.0,123.0,3.0056158828806585,880952.380952381,0
2030,672060,2.0,1,2.8,3,2.0,2026,4,9,5.0,97.0,5.479328897950317,5000000.0,0
2031,949840,2.0,1,2.0,3,2.0,2026,7,14,3.0,290.0,2.3406659565236922,16166666.666666666,0
2032,624890,1.0,1,2.7,4,2.0,2010,14,18,40.0,38.0,1.3528695838892226,625000.0,0
2033,861870,1.0,1,2.0,3,2.0,2026,7,9,94.0,75.0,4.496037853975485,462765.9574468085,0
2034,631280,2.0,2,2.7,4,2.0,2025,4,6,86.0,28.0,6.224816544544486,883720.9302325582,0
2035,660980,2.0,1,2.7,3,2.0,2025,9,9,22.0,300.0,8.378647902658004,1090909.0909090908,0
2036,843960,2.0,1,2.74,3,2.0,2023,1,16,5.0,142.0,3.291354926658195,12200000.0,0
2037,880850,2.0,1,2.7,3,2.0,2023,5,13,5.0,156.0,2.664801999034482,8300000.0,0
2038,578490,1.0,1,2.0,3,2.0,2022,2,13,9.0,57.0,5.094518349390333,3000000.0,0
2039,871530,2.0,1,2.8,1,2.0,2021,2,13,37.0,142.0,2.008782778272734,918918.9189189189,0
2040,472960,1.0,1,2.5,4,3.0,1985,9,9,53.0,95.0,5.220751004903288,450943.3962264151,0
2041,851840,1.0,1,2.9,3,2.0,2025,4,9,84.0,196.0,5.762459664742752,452380.95238095237,0
2042,831060,2.0,1,2.0,1,2.0,2015,9,15,4.0,277.0,0.7740441440890304,12500000.0,0
2043,631660,2.0,1,2.0,3,2.0,2024,2,5,47.0,94.0,6.859346137283466,500000.0,0
2044,569250,13.0,1,3.2,3,2.0,2025,1,9,45.0,651.0,2.137968732071672,566666.6666666666,0
2045,632570,2.0,1,2.85,5,2.0,2026,4,6,4.0,269.0,11.836598187695044,9500000.0,0
2046,618040,1.0,1,2.0,3,2.0,2025,6,12,38.0,194.0,5.716500246233691,628947.3684210526,0
2047,596570,1.0,1,2.0,3,1.0,2025,9,12,6.0,51.0,4.274422551861516,2773333.3333333335,0
2048,887550,2.0,1,2.8,4,1.0,1985,5,5,4.0,298.0,5.254537825946726,16500000.0,0
2049,646950,2.0,1,2.7,4,2.0,2022,2,6,8.0,216.0,7.997558482442386,3687500.0,0
2050,580210,1.0,1,2.65,4,2.0,2025,1,16,35.0,271.0,7.218088342572956,628571.4285714285,0
2051,788150,2.0,1,2.85,4,4.0,2020,1,17,95.0,177.0,3.291354926658195,789473.6842105263,0
2052,861550,2.0,1,2.0,3,2.0,2026,3,6,9.0,99.0,8.51675203997248,6555555.555555556,0
2053,880850,2.0,2,2.7,3,2.0,2023,13,18,55.0,31.0,2.786625295539052,845454.5454545454,0
2054,669510,2.0,1,2.8,3,2.0,2022,1,5,33.0,41.0,7.944594983140442,621212.1212121212,0
2055,699130,2.0,1,2.69,4,2.0,2020,4,9,1.0,54.0,7.820495404380815,27500000.0,0
2056,684680,2.0,1,2.9,3,2.0,2025,8,9,53.0,154.0,11.436422028777665,679245.283018868,0
2057,948780,2.0,2,2.8,3,1.0,1988,1,5,9.0,227.0,6.941318629501654,5688888.888888889,0
2058,761410,2.0,1,2.0,3,1.0,1961,2,4,2.0,85.0,2.787109082098722,22000000.0,0
2059,933800,1.0,2,2.0,4,2.0,2023,7,8,140.0,46.0,2.1544342155478176,1035714.2857142857,0
2060,726980,1.0,2,3.3,4,2.0,2023,2,20,19.0,150.0,1.8224115886736838,2894736.8421052634,0
2061,644210,2.0,1,2.5,1,3.0,1990,3,5,5.0,295.0,12.86980282333318,11400000.0,0
2062,686190,2.0,1,2.8,3,2.0,2018,4,5,6.0,109.0,12.736265619913857,4000000.0,0
2063,782190,2.0,1,2.8,1,3.0,1984,1,5,84.0,246.0,3.3396853947520078,869047.619047619,0
2064,923860,2.0,2,2.9,3,2.0,2018,10,10,82.0,130.0,4.52353004182516,1256097.5609756098,0
2065,738140,1.0,1,2.0,4,2.0,2024,8,17,53.0,217.0,1.4252341263939907,849056.6037735849,0
2066,732530,2.0,1,2.0,4,2.0,2008,7,10,80.0,195.0,6.966214190028265,925000.0,0
2067,638290,1.0,1,2.0,3,1.0,2024,12,12,47.0,294.0,5.615397675764535,585106.3829787234,0
2068,459420,1.0,1,2.7,4,1.0,2014,6,14,51.0,191.0,9.161042598193008,441176.4705882353,0
2069,646950,2.0,1,2.7,1,2.0,2022,1,10,2.0,95.0,7.482811321746058,21000000.0,0
2070,650650,2.0,1,2.0,3,2.0,2020,3,9,70.0,126.0,8.136954376061484,542857.1428571428,0
2071,516440,1.0,2,2.8,1,2.0,2014,9,10,107.0,41.0,6.419595798172131,331308.4112149533,0
2072,901160,2.0,2,2.8,4,2.0,2021,11,12,100.0,130.0,1.8167328100756384,990000.0,0
2073,753300,2.0,1,2.65,3,3.0,1968,2,4,33.0,2.0,1.354822698400254,909090.9090909091,0
2074,738870,2.0,1,2.8,1,2.0,2014,10,13,9.0,212.0,3.8979050903910357,5888888.888888889,0
2075,728220,2.0,1,2.0,3,3.0,1992,1,9,72.0,27.0,1.0724338282211887,743055.5555555555,0
2076,522370,13.0,1,2.8,4,2.0,2024,2,6,79.0,2408.0,2.2271796861364455,322784.8101265823,0
2077,481170,9.0,1,2.6,1,1.0,1993,3,5,69.0,3011.0,5.811737188427396,308695.652173913,0
2078,830270,1.0,2,2.7,3,2.0,2023,9,9,4.0,271.0,5.580373948490655,15500000.0,0
2079,638510,2.0,1,2.0,1,3.0,2021,4,5,80.0,89.0,8.629639342230256,450000.0,0
2080,643440,2.0,1,2.7,4,3.0,1968,5,5,47.0,23.0,6.472716256502493,744680.8510638297,0
2081,683170,1.0,1,3.2,3,2.0,2026,10,14,40.0,161.0,4.330914842006363,725000.0,0
2082,618040,1.0,1,3.15,3,2.0,2025,9,16,47.0,19.0,3.0472176870201477,827659.5744680851,0
2083,828250,2.0,1,2.8,1,2.0,2023,4,9,6.0,268.0,1.8047443692851497,8250000.0,0
2084,631660,2.0,1,2.75,3,2.0,2024,2,3,2.0,97.0,6.866426593726868,12250000.0,0
2085,628640,2.0,1,2.0,4,2.0,2024,1,6,67.0,141.0,4.6567533151818745,649253.7313432836,0
2086,534890,2.0,1,2.7,3,2.0,2024,5,9,3.0,65.0,14.137441298233792,10266666.666666666,0
2087,692030,1.0,2,2.9,3,1.0,2018,7,10,113.0,157.0,3.4489615249058563,636283.185840708,0
2088,630510,2.0,1,2.8,4,1.0,2017,5,10,74.0,74.0,5.317661852719865,783783.7837837838,0
2089,551830,1.0,1,2.0,3,2.0,2026,8,10,125.0,144.0,5.7702318475645304,528000.0,0
2090,669420,2.0,1,2.0,5,2.0,2026,7,9,63.0,10.0,8.04814290203791,809523.8095238095,0
2091,984550,2.0,1,2.0,4,2.0,2024,6,12,40.0,18.0,4.804171136137656,1125000.0,0
2092,891240,2.0,1,2.0,3,2.0,2026,3,6,11.0,261.0,12.445530737507756,2518181.8181818184,0
2093,523780,1.0,2,2.0,3,2.0,2015,9,9,144.0,123.0,4.741600577742537,506944.44444444444,0
2094,631810,2.0,1,2.7,1,2.0,2017,1,5,8.0,35.0,12.099183037409892,5562500.0,0
2095,693100,2.0,1,2.0,3,2.0,2025,7,9,4.0,121.0,7.9092115301061074,5250000.0,0
2096,646950,2.0,1,3.1,3,2.0,2022,3,3,70.0,18.0,7.345543998106907,764714.2857142857,0
2097,938330,2.0,2,2.85,1,2.0,2016,9,13,93.0,77.0,5.207973184947572,1021505.376344086,0
2098,367740,13.0,1,2.8,4,4.0,2024,4,6,103.0,55.0,2.2012467634274167,310679.6116504854,0
2099,370180,15.0,1,2.0,3,1.0,2024,2,5,53.0,392.0,2.3422933029921937,357528.30188679247,0
2100,879740,2.0,1,2.7,3,2.0,2024,5,6,5.0,2517.0,12.378540541635498,6900000.0,0
2101,470160,13.0,1,2.0,3,4.0,2024,1,5,105.0,1376.0,0.9737114818901461,309523.8095238095,0
2102,522370,13.0,1,2.8,4,2.0,2024,2,6,79.0,2408.0,2.2271796861364455,322784.8101265823,0
2103,481170,9.0,1,2.6,1,1.0,1993,3,5,69.0,3011.0,5.811737188427396,308695.652173913,0
2104,830270,1.0,2,2.7,3,2.0,2023,9,9,4.0,272.0,5.580373948490655,15500000.0,0
2105,631660,2.0,1,2.0,3,2.0,2024,3,5,47.0,149.0,6.859346137283466,500000.0,0
2106,631660,2.0,1,2.7,4,2.0,2024,6,7,49.0,97.0,4.861375819191044,673469.387755102,0
2107,778740,1.0,1,2.85,4,2.0,2023,5,9,50.0,281.0,5.982715172489856,610000.0,0
2108,833540,2.0,1,2.0,1,2.0,1986,5,9,3.0,197.0,1.391648742239894,17500000.0,0
2109,668080,1.0,1,2.7,3,1.0,2021,3,3,30.0,310.0,10.959209107692653,366666.6666666667,0
2110,639020,2.0,1,2.0,4,4.0,1986,4,4,51.0,235.0,6.563562033763387,752941.1764705882,0
2111,718880,2.0,1,2.8,1,3.0,1975,5,5,9.0,191.0,2.273782316277127,4722222.222222222,0
2112,634440,2.0,1,2.7,3,3.0,1972,1,4,8.0,69.0,3.967344902772853,5625000.0,0
2113,896170,2.0,1,2.74,3,1.0,1986,2,5,6.0,296.0,2.7790937956903137,10500000.0,0
2114,648980,2.0,1,3.3,4,4.0,2024,4,4,63.0,102.0,6.981167592154956,1182539.6825396826,0
2115,635260,1.0,1,2.7,4,1.0,2021,4,5,65.0,141.0,4.575223440360726,538461.5384615385,0
2116,709740,2.0,1,2.0,3,2.0,2026,7,12,57.0,45.0,6.85496478287643,900000.0,0
2117,667430,1.0,1,2.0,3,1.0,2024,10,12,95.0,147.0,5.147855356556629,542105.2631578947,0
2118,873900,2.0,1,3.2,4,2.0,2024,7,12,50.0,307.0,4.3925083699239895,1478000.0,0
2119,638080,2.0,1,2.0,3,2.0,2026,6,12,48.0,266.0,2.2018418498295427,645833.3333333334,0
2120,623880,1.0,1,2.5,4,4.0,2021,10,10,37.0,32.0,1.9164002822803412,567567.5675675676,0
2121,662660,1.0,1,2.7,3,1.0,2016,7,8,87.0,303.0,3.7695101345497735,712643.6781609196,0
2122,580340,1.0,1,2.7,3,1.0,2023,1,9,37.0,53.0,6.407001653706597,567567.5675675676,0
2123,864170,2.0,1,2.0,4,2.0,2025,8,9,50.0,262.0,3.0179800090193525,1120000.0,0
2124,676070,2.0,1,2.0,3,3.0,1992,5,5,6.0,213.0,4.314763741238807,7666666.666666667,0
2125,646950,2.0,1,2.7,3,2.0,2023,1,3,3.0,253.0,10.04531633777718,8166666.666666667,0
2126,663510,1.0,1,2.8,3,1.0,2017,2,13,3.0,242.0,3.6915386031349415,9666666.666666666,0
2127,865090,2.0,1,2.0,5,2.0,2025,12,17,1.0,284.0,2.622470640083376,40000000.0,0
2128,526550,2.0,1,2.55,4,2.0,2010,6,9,5.0,163.0,4.74814929392138,6799800.0,0
2129,281130,7.0,1,2.0,3,3.0,1976,2,4,62.0,327.0,4.361826321036465,241935.48387096773,0
2130,685720,2.0,1,2.8,4,2.0,2021,3,10,2.0,14.0,7.5415519907200235,16500000.0,0
2131,632310,2.0,1,2.0,3,2.0,2018,1,2,54.0,202.0,11.426126460940418,527777.7777777778,0
2132,901160,2.0,1,2.0,1,2.0,2021,11,14,64.0,271.0,5.487711924166999,1404687.5,0
2133,802350,2.0,1,2.0,4,2.0,2023,1,3,8.0,47.0,6.909945339704789,2875000.0,0
2134,775870,1.0,1,2.7,3,4.0,2025,4,5,2.0,217.0,6.274251955886979,12250000.0,0
2135,738140,1.0,1,3.2,3,2.0,2024,2,11,3.0,175.0,2.919309847633423,11433333.333333334,0
2136,666990,2.0,1,2.0,3,2.0,2025,4,5,49.0,304.0,6.867991216246414,446938.7755102041,0
2137,846910,2.0,1,2.88,3,2.0,2024,2,13,4.0,66.0,1.3598013896493608,11250000.0,0
2138,948190,2.0,2,2.0,3,1.0,2021,3,4,90.0,284.0,6.253416136144976,900000.0,0
2139,677720,1.0,1,2.65,4,2.0,2025,4,14,33.0,189.0,2.8319100191830824,815151.5151515151,0
2140,778740,1.0,1,2.85,4,2.0,2023,5,9,50.0,281.0,5.982715172489856,610000.0,0
2141,833540,2.0,1,2.0,1,2.0,1986,5,9,3.0,197.0,1.391648742239894,17500000.0,0
2142,712640,2.0,1,2.8,3,3.0,1990,2,5,43.0,127.0,3.916373119391417,686046.5116279069,0
2143,738170,1.0,1,3.3,3,1.0,2025,6,12,95.0,62.0,5.669361863579717,747368.4210526316,0
2144,633280,2.0,1,2.0,3,2.0,2025,11,12,45.0,74.0,1.6944552371882207,922222.2222222222,0
2145,667430,1.0,2,3.3,4,1.0,2024,4,8,97.0,63.0,4.632581752231259,664948.4536082475,0
2146,747410,2.0,1,2.8,1,2.0,2011,9,10,3.0,110.0,2.014633988490151,27433333.333333332,0
2147,903580,2.0,1,2.85,1,2.0,2020,4,16,96.0,327.0,1.6096622636747429,895833.3333333334,0
2148,685720,2.0,1,2.0,3,2.0,2023,4,5,45.0,268.0,8.02629948767186,666666.6666666666,0
2149,634520,2.0,1,2.0,4,3.0,1965,4,4,9.0,82.0,6.085054053467761,4333333.333333333,0
2150,467490,1.0,1,2.7,1,1.0,2004,4,5,50.0,318.0,6.534481229429884,500000.0,0
2151,493580,1.0,1,2.7,3,1.0,2015,9,17,29.0,55.0,10.016535520095603,465517.2413793103,0
2152,740910,1.0,1,2.0,3,2.0,2025,10,12,58.0,198.0,4.352427137200425,603448.275862069,0
2153,629570,1.0,2,2.7,1,2.0,2022,2,9,68.0,145.0,4.357547983248788,713235.2941176471,0
2154,626290,2.0,1,2.5,3,2.0,2021,3,6,6.0,183.0,11.423250081885458,4000000.0,0
2155,646950,2.0,1,2.0,3,2.0,2022,9,10,5.0,261.0,7.599678313866042,6600000.0,0
2156,885750,2.0,2,2.0,5,2.0,2025,3,3,100.0,119.0,8.821778120949098,610000.0,0
2157,307840,12.0,1,2.0,4,3.0,1988,5,5,9.0,0.0,1.3173026925169504,1055555.5555555555,0
2158,701740,2.0,1,2.8,1,1.0,1986,5,5,1.0,80.0,8.611770096718113,20000000.0,0
2159,625320,1.0,1,2.8,3,2.0,2017,5,6,2.0,232.0,3.229762662110507,21495000.0,0
2160,856630,2.0,1,2.7,1,2.0,2016,12,13,53.0,109.0,3.7742570507219457,867924.5283018867,0
2161,906220,2.0,2,2.0,4,2.0,2022,1,3,121.0,265.0,8.825158848598758,884297.520661157,0
2162,508040,1.0,1,2.5,3,1.0,1984,5,5,62.0,175.0,6.138358990384901,435483.87096774194,0
2163,797240,1.0,1,3.3,4,2.0,2025,9,9,55.0,296.0,2.8927397156123527,863636.3636363636,0
2164,637520,1.0,1,2.0,3,4.0,2025,7,9,28.0,38.0,2.343028293332414,892857.1428571428,0
2165,885750,2.0,2,2.0,4,2.0,2025,2,3,6.0,331.0,8.825558273399023,11666666.666666666,0
2166,911930,2.0,1,2.0,3,1.0,1969,1,4,43.0,232.0,2.595958882179161,883720.9302325582,0
2167,476660,1.0,1,2.8,1,2.0,2012,8,14,77.0,23.0,5.291538567963754,467532.4675324675,0
2168,769260,1.0,1,2.0,1,2.0,2022,12,16,5.0,165.0,5.421210474913963,6998000.0,0
2169,854130,2.0,1,2.0,4,2.0,2024,8,13,48.0,245.0,1.4932253590449285,833333.3333333334,0
2170,650040,1.0,1,2.0,3,1.0,2025,5,12,9.0,270.0,6.75229959683547,3222222.222222222,0
2171,646950,2.0,1,2.7,1,2.0,2022,5,10,1.0,58.0,8.304431918214531,36000000.0,0
2172,646950,2.0,1,2.0,4,2.0,2024,2,3,5.0,143.0,7.704757783627324,10100000.0,0
2173,573820,1.0,1,2.0,3,4.0,2025,15,16,35.0,307.0,7.218088342572956,562857.1428571428,0
2174,628300,2.0,1,2.0,4,2.0,2022,7,8,9.0,27.0,8.779934127342136,2611111.111111111,0
2175,631280,2.0,1,2.85,5,2.0,2025,4,7,5.0,244.0,2.6566574840445596,6300000.0,0
2176,890060,2.0,1,2.0,3,1.0,1986,3,5,52.0,21.0,2.9011881322168196,884615.3846153846,0
2177,762340,2.0,1,2.5,1,3.0,1974,4,5,45.0,35.0,4.430122027629711,788888.8888888889,0
2178,367920,10.0,1,2.0,1,2.0,1990,3,12,2.0,2445.0,0.39118255228851856,15000000.0,0
2179,587500,1.0,1,2.0,3,1.0,2024,6,12,34.0,204.0,5.690782273538212,691176.4705882353,0
2180,428090,14.0,1,2.5,3,3.0,1980,3,5,43.0,736.0,1.969205705343056,430232.5581395349,0
2181,708580,1.0,1,2.0,3,2.0,2021,7,11,45.0,2381.0,2.3140384220350145,775555.5555555555,0
2182,562600,1.0,1,2.0,1,2.0,2018,19,23,53.0,380.0,4.280877569465253,547169.8113207547,0
2183,885750,2.0,2,3.2,3,2.0,2025,1,3,69.0,880.0,8.738687227161327,797101.4492753623,0
2184,697970,1.0,1,2.7,1,2.0,2018,14,14,7.0,1386.0,1.2689898040741185,4914285.714285715,0
2185,718680,1.0,1,2.0,4,2.0,2022,14,14,65.0,694.0,3.106037258151417,700000.0,0
2186,467510,1.0,1,2.7,4,1.0,2008,6,10,85.0,377.0,4.585157595919665,588235.2941176471,0
2187,631660,2.0,1,2.7,4,2.0,2024,3,9,2.0,41.0,2.7703150853133427,18500000.0,0
2188,449770,1.0,1,2.85,4,1.0,2001,5,5,117.0,181.0,6.66870126225012,393162.3931623932,0
2189,694880,2.0,1,2.7,3,2.0,2026,7,9,5.0,300.0,7.9125843282446775,4560000.0,0
2190,499840,2.0,1,2.8,2,2.0,2007,5,6,64.0,146.0,16.08210872457271,453125.0,0
2191,949840,2.0,1,2.0,3,2.0,2026,7,14,3.0,291.0,2.3406659565236922,16166666.666666666,0
2192,814340,1.0,1,2.0,1,2.0,2022,2,14,90.0,266.0,0.4298011077642353,888888.8888888889,0
2193,903150,2.0,1,2.0,4,2.0,2023,3,12,70.0,187.0,3.7367186612317815,1014142.8571428572,0
2194,685720,2.0,1,2.62,3,2.0,2024,2,9,35.0,19.0,7.634192430536553,688571.4285714285,0
2195,790550,1.0,1,2.7,4,4.0,2022,8,15,34.0,647.0,1.7425892341557263,676470.5882352941,0
2196,788290,2.0,1,2.8,2,3.0,1988,6,8,1.0,255.0,4.04856405352084,62000000.0,0
2197,562170,2.0,2,2.8,4,2.0,2018,8,9,90.0,84.0,4.662319911415638,600000.0,0
2198,678320,2.0,1,2.8,3,3.0,1980,8,9,69.0,278.0,3.3942699724669447,695652.1739130435,0
2199,920320,1.0,2,2.0,4,2.0,2023,6,22,130.0,65.0,2.4265864784645848,765384.6153846154,0
2200,677720,1.0,1,2.0,3,2.0,2025,8,9,42.0,178.0,2.4318723232088773,666666.6428571428,0
2201,676110,1.0,1,2.0,4,1.0,2025,9,12,7.0,231.0,2.7752419673281454,6900000.0,0
2202,692100,2.0,1,2.9,3,2.0,2026,5,9,69.0,102.0,11.409048226448064,478260.8695652174,0
2203,805430,1.0,2,2.0,4,2.0,2025,8,20,102.0,266.0,3.29545448519647,872549.0196078431,0
2204,684370,1.0,1,2.0,3,1.0,2018,2,7,40.0,62.0,4.81374012298823,850000.0,0
2205,457200,8.0,1,2.8,1,2.0,1995,4,5,63.0,1829.0,3.457745755969898,476190.4761904762,0
2206,952450,2.0,1,2.8,3,2.0,2021,1,5,7.0,58.0,12.117140081955242,4857142.857142857,0
2207,543600,1.0,1,2.7,3,1.0,2023,12,12,47.0,180.0,6.816996274305897,585106.3617021276,0
2208,612000,2.0,1,2.0,3,2.0,1982,4,5,65.0,0.0,8.476405644400764,661538.4615384615,0
2209,660430,2.0,1,2.75,4,1.0,1994,5,6,4.0,121.0,7.817755665235542,8925000.0,0
2210,872300,2.0,1,2.0,4,2.0,2020,12,13,55.0,210.0,4.948436247713876,1309090.9090909092,0
2211,881380,2.0,1,2.0,3,2.0,2023,8,16,7.0,19.0,3.278382721137794,6000000.0,0
2212,631280,2.0,2,2.0,3,2.0,2025,3,7,4.0,149.0,5.245731578342972,19250000.0,0
2213,813780,2.0,1,2.7,1,3.0,1970,4,4,58.0,26.0,6.531356278772148,663793.1034482758,0
2214,732820,1.0,1,2.0,3,2.0,2023,20,20,5.0,210.0,4.506678947597589,6400000.0,0
2215,655950,1.0,1,2.0,3,1.0,2026,7,9,50.0,309.0,5.004720302115277,540000.0,0
2216,646950,2.0,1,2.7,1,2.0,2021,5,9,4.0,198.0,8.03449193855306,9125000.0,0
2217,726630,1.0,1,2.7,4,2.0,2022,7,16,35.0,54.0,6.145668979540938,785714.2857142857,0
2218,589800,1.0,1,2.0,3,2.0,2026,7,18,42.0,223.0,4.934216390820391,611904.7619047619,0
2219,803190,2.0,1,2.7,4,1.0,1984,5,5,56.0,24.0,6.859059555725507,991071.4285714285,0
2220,484480,1.0,1,2.0,3,4.0,1980,1,5,45.0,57.0,5.259960914339727,444444.44444444444,0
2221,685720,2.0,1,2.62,3,2.0,2024,2,9,35.0,19.0,7.634192430536553,688571.4285714285,0
2222,790550,1.0,1,2.7,4,4.0,2022,8,15,34.0,649.0,1.7425892341557263,676470.5882352941,0
2223,788290,2.0,1,2.8,2,3.0,1988,6,8,1.0,255.0,4.04856405352084,62000000.0,0
2224,562170,2.0,2,2.8,4,2.0,2018,8,9,90.0,85.0,4.662319911415638,600000.0,0
2225,678320,2.0,1,2.8,3,3.0,1980,8,9,69.0,279.0,3.3942699724669447,695652.1739130435,0
2226,920320,1.0,2,2.0,4,2.0,2023,6,22,130.0,66.0,2.4265864784645848,765384.6153846154,0
2227,677720,1.0,1,2.0,3,2.0,2025,8,9,42.0,178.0,2.4318723232088773,666666.6428571428,0
2228,676110,1.0,1,2.0,4,1.0,2025,9,12,7.0,231.0,2.7752419673281454,6900000.0,0
2229,692100,2.0,1,2.9,3,2.0,2026,5,9,69.0,102.0,11.409048226448064,478260.8695652174,0
2230,805430,1.0,1,2.0,4,2.0,2025,7,12,58.0,248.0,4.0729420893349,655172.4137931034,0
2231,718680,1.0,1,2.0,1,2.0,2022,12,12,44.0,200.0,2.7523272426711136,772727.2727272727,0
2232,623830,2.0,1,2.75,1,2.0,2016,1,9,7.0,79.0,5.9429424574271215,3857142.8571428573,0
2233,680580,2.0,1,2.8,4,2.0,2025,5,9,2.0,243.0,14.093605051969384,19000000.0,0
2234,610250,1.0,1,2.0,3,2.0,2024,1,10,43.0,101.0,5.116112817964112,604651.1627906977,0
2235,671980,2.0,1,2.8,1,3.0,1994,5,5,77.0,22.0,4.513664457700084,642857.1428571428,0
2236,873080,2.0,2,2.7,3,2.0,2009,5,9,105.0,130.0,5.058264726166171,904761.9047619047,0
2237,864170,2.0,1,2.0,4,2.0,2025,9,9,44.0,60.0,3.0365478393922847,1238636.3636363635,0
2238,668590,1.0,1,3.2,3,2.0,2024,11,11,74.0,268.0,2.919309847633423,310810.8108108108,0
2239,630550,2.0,2,2.7,1,2.0,2018,4,12,7.0,160.0,4.847280906395053,5500000.0,0
2240,997820,2.0,1,2.7,4,2.0,2023,10,10,32.0,328.0,0.5267237988801918,859375.0,0
2241,666990,2.0,1,2.8,4,2.0,2025,9,12,35.0,290.0,5.34898748303177,728571.4285714285,0
2242,713500,2.0,1,2.7,3,2.0,2026,1,9,44.0,23.0,11.687107530547689,522727.2727272727,0
2243,685280,2.0,1,2.0,2,4.0,2022,1,9,32.0,74.0,7.6910299681858625,687500.0,0
2244,646950,2.0,1,2.7,3,2.0,2022,8,10,53.0,16.0,8.307353245962533,566037.716981132,0
2245,802020,1.0,1,2.0,3,2.0,2026,5,9,2.0,166.0,5.120677326519819,23500000.0,0
2246,646950,2.0,1,2.7,1,2.0,2021,4,10,56.0,108.0,7.504985053303256,587500.0,0
2247,645840,2.0,1,2.8,4,2.0,2007,2,5,38.0,219.0,7.8443724123103244,697368.4210526316,0
2248,893050,2.0,1,2.0,3,2.0,2024,2,16,85.0,88.0,2.8715826631393244,864705.8823529412,0
2249,633280,2.0,1,2.0,3,2.0,2025,1,6,5.0,256.0,6.149818202328601,5780000.0,0
2250,478630,1.0,2,2.0,3,1.0,2008,3,4,138.0,25.0,3.6252973395665165,536224.6376811594,0
2251,685280,2.0,1,2.7,3,4.0,2023,9,10,8.0,65.0,6.480174086148313,2750000.0,0
2252,643500,1.0,1,2.0,3,1.0,2020,8,9,7.0,100.0,4.070047201405051,7285714.285714285,0
2253,798060,2.0,2,2.8,4,1.0,1971,1,4,105.0,37.0,3.3747172857377548,741904.7619047619,0
2254,680580,2.0,1,2.8,4,2.0,2025,5,9,2.0,244.0,14.093605051969384,19000000.0,0
2255,610250,1.0,1,2.0,3,2.0,2024,1,10,43.0,101.0,5.116112817964112,604651.1627906977,0
2256,671980,2.0,1,2.8,1,3.0,1994,5,5,77.0,22.0,4.513664457700084,642857.1428571428,0
2257,873080,2.0,2,2.7,3,2.0,2009,5,9,105.0,130.0,5.058264726166171,904761.9047619047,0
2258,864170,2.0,1,2.0,4,2.0,2025,9,9,44.0,60.0,3.0365478393922847,1238636.3636363635,0
2259,668590,1.0,1,3.2,3,2.0,2024,11,11,74.0,268.0,2.919309847633423,310810.8108108108,0
2260,659170,1.0,1,2.8,3,2.0,2016,5,15,42.0,253.0,1.7765770102443998,654761.9047619047,0
2261,581010,2.0,2,2.8,3,2.0,2017,7,12,6.0,231.0,4.87504281240196,6250000.0,0
2262,754330,2.0,1,2.0,3,4.0,2023,2,3,2.0,285.0,5.542101768457448,41750000.0,0
2263,631060,2.0,1,2.0,3,4.0,2024,5,6,55.0,317.0,4.698113789500991,736363.6363636364,0
2264,655500,2.0,1,2.0,3,2.0,2021,1,8,52.0,68.0,6.1094526518477785,730769.2307692308,0
2265,490340,1.0,2,2.8,3,1.0,2014,4,9,4.0,203.0,4.075516063968231,19500000.0,0
2266,446950,1.0,2,2.0,3,2.0,2008,3,15,3.0,166.0,4.152686699986115,38333333.333333336,0
2267,670390,2.0,1,2.7,3,2.0,2024,4,12,44.0,194.0,5.899868140919861,886363.6363636364,0
2268,828250,2.0,1,2.0,3,2.0,2023,2,15,77.0,127.0,7.644831886247402,922077.922077922,0
2269,646950,2.0,1,2.7,4,2.0,2023,3,10,71.0,95.0,8.001451413895682,477464.78873239434,0
2270,631660,2.0,1,2.7,4,2.0,2024,4,12,7.0,231.0,5.897731562631084,6428571.428571428,0
2271,684680,2.0,1,2.85,3,2.0,2025,2,6,92.0,86.0,11.836598187695044,314130.4347826087,0
2272,655950,1.0,1,2.0,3,1.0,2026,9,12,51.0,334.0,6.768900596806263,382352.9411764706,0
2273,627560,2.0,1,2.8,3,2.0,2026,1,5,28.0,217.0,6.9688105747730065,625000.0,0
2274,520380,2.0,1,2.0,1,2.0,2012,2,12,6.0,84.0,4.71261914031262,9666666.666666666,0
2275,949840,2.0,1,2.0,3,2.0,2026,2,16,3.0,269.0,2.387640984728622,16833333.333333332,0
2276,659920,1.0,1,2.8,1,2.0,2021,8,9,34.0,4.0,8.622473968759193,514705.8823529412,0
2277,543090,1.0,2,2.8,3,2.0,2009,3,12,144.0,1471.0,0.9263915556698414,451388.81944444444,0
2278,982360,2.0,1,2.8,1,1.0,1991,5,5,90.0,227.0,4.696611212717051,766666.6666666666,0
2279,580150,1.0,1,2.0,4,1.0,2021,3,9,39.0,3.0,3.8661275571745657,692051.282051282,0
2280,460990,9.0,1,2.7,3,4.0,1991,3,9,68.0,129.0,4.199085083096339,367647.0588235294,0
2281,399710,4.0,1,2.5,4,1.0,1964,5,5,43.0,913.0,0.48430895489347625,534883.7209302326,0
2282,611540,1.0,1,2.7,4,3.0,2018,14,17,6.0,43.0,4.586217270243687,5416666.666666667,0
2283,676110,1.0,1,2.0,3,1.0,2025,8,12,64.0,1270.0,2.811058374802434,773437.5,0
2284,391050,6.0,2,2.8,3,1.0,2025,4,9,125.0,8353.0,1.1029010524400813,304000.0,0
2285,513330,13.0,1,2.0,4,4.0,2024,6,6,45.0,2334.0,2.7298244192116896,333333.3333333333,0
2286,346250,7.0,1,2.0,3,1.0,1967,1,5,56.0,319.0,3.849274665445351,446428.5714285714,0
2287,982360,2.0,1,2.7,4,1.0,1986,4,5,4.0,793.0,4.3383175452481035,22250000.0,0
2288,644640,2.0,1,2.7,1,3.0,1972,4,4,7.0,153.0,4.073245484048114,3814285.714285714,0
2289,738170,1.0,1,2.0,5,1.0,2025,2,9,49.0,169.0,3.206412580061194,784693.8775510204,0
2290,631340,1.0,1,2.7,3,4.0,2026,4,12,6.0,265.0,10.211353705422882,2600000.0,0
2291,638080,2.0,1,2.0,3,2.0,2026,5,12,76.0,190.0,2.2018418498295427,546052.6315789474,0
2292,635210,2.0,1,2.0,3,4.0,2000,2,2,120.0,224.0,9.23216413559881,412500.0,0
2293,642070,1.0,1,2.7,5,2.0,2018,7,9,4.0,71.0,2.7419731433605445,13750000.0,0
2294,663510,1.0,1,2.8,3,1.0,2017,6,9,40.0,1094.0,2.8299622559087183,662500.0,0
2295,765780,1.0,2,2.0,3,2.0,2017,3,12,120.0,326.0,5.600216796549939,625000.0,0
2296,631280,2.0,1,2.7,3,2.0,2025,2,6,7.0,53.0,6.307779536306659,7285714.285714285,0
2297,737560,1.0,1,2.0,3,2.0,2026,13,14,64.0,138.0,5.325891410794489,351562.5,0
2298,740230,1.0,1,2.0,3,2.0,2024,16,22,32.0,160.0,2.6188556084570433,1000000.0,0
2299,600590,1.0,1,2.0,3,1.0,2026,9,12,40.0,37.0,3.7357767212994024,575000.0,0
2300,668590,1.0,1,3.2,3,2.0,2024,11,11,74.0,269.0,2.919309847633423,310810.8108108108,0
2301,712400,1.0,1,2.0,4,2.0,2020,2,10,38.0,414.0,4.245052098043523,702631.5789473684,0
2302,345270,6.0,1,2.5,3,1.0,2007,7,10,4.0,0.0,3.5876586027803787,4250000.0,0
2303,374400,9.0,1,2.7,4,3.0,1978,2,5,48.0,407.0,0.177686842891922,370833.3333333333,0
2304,458460,1.0,1,2.0,3,1.0,2012,2,12,35.0,5162.0,5.542265753679224,457142.85714285716,0
2305,759580,1.0,2,2.7,4,2.0,2021,7,9,88.0,296.0,2.2603885489079745,585227.2727272727,0
2306,955360,1.0,1,2.0,3,2.0,2026,3,9,48.0,307.0,5.325891410794489,1520833.3333333333,0
2307,562170,2.0,2,2.7,1,2.0,2018,5,9,87.0,293.0,4.738876399069463,609195.4022988506,0
2308,818400,2.0,2,2.0,3,2.0,2022,7,10,84.0,246.0,3.1025223229295644,869047.619047619,0
2309,677720,1.0,1,2.0,4,2.0,2025,11,19,30.0,15.0,2.236197255302275,1016666.6666666666,0
2310,636320,1.0,1,2.0,3,2.0,2023,11,17,71.0,288.0,6.7120072006266644,591549.2957746478,0
2311,693570,2.0,1,2.8,1,2.0,2015,2,9,2.0,235.0,2.2552382249289225,35000000.0,0
2312,802020,1.0,1,2.0,4,2.0,2026,9,9,32.0,229.0,7.867574312107713,875000.0,0
2313,798660,1.0,1,2.0,1,2.0,2020,3,22,103.0,207.0,4.194639105417056,776699.0291262136,0
2314,907060,1.0,2,2.0,4,2.0,2021,9,17,147.0,30.0,2.8453242405055437,972789.1156462585,0
2315,753190,2.0,1,2.8,1,1.0,1980,2,5,9.0,220.0,3.770838288298835,4411111.111111111,0
2316,574940,1.0,1,2.0,3,2.0,2018,7,23,4.0,76.0,4.285735453836839,4500000.0,0
2317,708200,2.0,1,2.7,3,2.0,2022,4,10,7.0,285.0,8.105605741311557,7428571.428571428,0
2318,708200,2.0,1,2.7,1,2.0,2022,5,5,77.0,172.0,8.75766762485062,376623.3766233766,0
2319,627520,1.0,2,2.0,3,1.0,2019,5,6,163.0,95.0,2.951526931720247,736196.3190184049,0
2320,963710,2.0,1,2.7,3,1.0,1990,1,6,70.0,79.0,6.573311136156534,842857.1428571428,0
2321,933280,1.0,2,2.0,4,2.0,2024,12,12,112.0,35.0,6.090593685154121,758928.5714285715,0
2322,656450,2.0,1,2.0,4,2.0,1987,6,9,120.0,191.0,0.7963381894978971,658333.3333333334,0
2323,635570,2.0,2,2.7,3,2.0,2021,5,9,90.0,181.0,10.722469757970837,622222.2222222222,0
2324,906220,2.0,2,2.7,3,2.0,2022,14,16,120.0,300.0,1.57085181065633,1075000.0,0
2325,631060,2.0,1,2.7,4,4.0,2024,4,12,64.0,158.0,5.932324775526761,882812.5,0
2326,772660,2.0,1,3.2,1,2.0,2013,14,16,54.0,106.0,4.356048774275552,740740.7407407408,0
2327,680050,2.0,1,2.0,1,3.0,1978,3,5,75.0,150.0,2.859221146090923,745333.3333333334,0
2328,557120,1.0,1,2.8,4,2.0,2008,25,40,85.0,193.0,0.37295902844286044,505882.35294117645,0
2329,662660,1.0,2,2.7,1,1.0,2016,5,17,96.0,49.0,3.2243931514594975,656250.0,0
2330,626290,2.0,1,2.7,1,2.0,2021,3,3,4.0,102.0,5.097956523113975,6500000.0,0
2331,686620,2.0,1,2.8,4,2.0,2017,1,5,2.0,120.0,12.32735888845226,13500000.0,0
2332,746010,1.0,1,2.0,3,1.0,2026,6,12,40.0,70.0,3.040701133818896,995000.0,0
2333,802020,1.0,1,2.0,3,2.0,2026,8,9,51.0,291.0,5.094197572150791,774509.8039215687,0
2334,724740,2.0,2,2.0,3,2.0,2026,2,12,92.0,225.0,8.04814290203791,847826.0869565217,0
2335,708200,2.0,2,2.7,3,2.0,2022,1,12,1.0,294.0,7.505465556262357,56500000.0,0
2336,633280,2.0,1,2.7,4,2.0,2025,8,12,3.0,259.0,5.873962672471241,15833333.333333334,0
2337,726200,2.0,1,2.0,3,4.0,2022,2,9,65.0,40.0,11.592764804713974,915384.6153846154,0
2338,656800,1.0,1,2.8,3,2.0,2016,14,20,8.0,296.0,1.7765770102443998,4712500.0,0
2339,635550,2.0,1,2.8,1,2.0,2008,4,9,8.0,112.0,6.208390745453709,3800000.0,0
2340,725440,2.0,1,2.0,3,2.0,2012,5,14,76.0,62.0,3.2513850152389496,750000.0,0
2341,843040,2.0,2,2.7,4,2.0,2006,13,13,127.0,311.0,0.8052935846269259,559055.1181102362,0
2342,871530,2.0,1,2.8,4,2.0,2022,2,10,33.0,50.0,1.8993045492168068,787878.7878787878,0
2343,663640,2.0,1,2.5,3,3.0,1996,5,5,50.0,0.0,4.930727043476441,790000.0,0
2344,633280,2.0,1,2.85,4,2.0,2025,6,12,50.0,228.0,5.652882819859151,700000.0,0
2345,570150,1.0,1,2.0,4,1.0,2023,12,12,33.0,51.0,8.378575934629826,757575.7575757576,0
2346,748470,2.0,2,2.8,1,2.0,2012,12,16,131.0,267.0,7.08243570630174,404580.1526717557,0
2347,626690,2.0,1,2.7,3,4.0,2023,2,5,7.0,33.0,6.608994862183662,3571428.5714285714,0
2348,731230,2.0,2,2.8,1,2.0,2012,6,12,2.0,319.0,0.8526012582297412,28800000.0,0
2349,551940,1.0,1,2.0,1,1.0,2023,3,5,39.0,214.0,10.203844789751583,641025.641025641,0
2350,694880,2.0,1,2.0,3,2.0,2026,5,12,38.0,257.0,8.04814290203791,907894.7368421053,0
2351,617910,2.0,1,2.9,3,2.0,2025,4,5,5.0,202.0,6.949453549604284,4920000.0,0
2352,631660,2.0,1,2.85,3,2.0,2024,5,6,45.0,0.0,4.829866003892049,644444.4444444445,0
2353,963710,2.0,1,2.7,3,1.0,1990,1,6,70.0,79.0,6.573311136156534,842857.1428571428,0
2354,833540,2.0,1,2.0,1,2.0,1986,5,9,3.0,197.0,1.391648742239894,17500000.0,0
2355,941270,2.0,1,2.7,3,2.0,2022,7,10,6.0,13.0,8.805474418654846,10666666.666666666,0
2356,508040,1.0,1,2.5,3,1.0,1984,5,5,62.0,176.0,6.138358990384901,435483.87096774194,0
2357,412890,16.0,1,2.0,3,1.0,1953,2,2,39.0,25.0,1.508663024310809,205128.20512820513,0
2358,399860,1.0,2,2.7,4,1.0,2016,10,11,140.0,319.0,5.862548387221864,328571.4285714286,0
2359,688610,1.0,2,2.0,3,1.0,2026,8,9,77.0,255.0,5.273897203345403,629870.1298701299,0
2360,694880,2.0,1,2.7,3,2.0,2026,6,9,6.0,84.0,7.955613513964321,3800000.0,0
2361,873900,2.0,1,2.0,4,2.0,2024,1,3,61.0,309.0,8.844067313215886,1098360.6557377048,0
2362,816870,2.0,1,2.8,1,1.0,1988,5,5,1.0,325.0,4.636369421497536,41000000.0,0
2363,597170,1.0,1,2.7,3,1.0,2026,12,12,39.0,52.0,6.831711605708575,323076.92307692306,0
2364,667810,2.0,1,2.0,3,2.0,2026,7,10,26.0,368.0,11.61844620541909,307692.3076923077,0
2365,747720,1.0,1,2.0,3,2.0,2026,8,17,46.0,222.0,4.183566434855389,880434.7826086957,0
2366,650040,1.0,1,2.0,4,1.0,2025,5,12,54.0,184.0,5.845088702811019,703703.7037037037,0
2367,755500,2.0,1,2.0,1,1.0,1991,1,5,1.0,173.0,2.4166443923768317,79500000.0,0
2368,802020,1.0,1,2.0,3,2.0,2026,7,9,27.0,20.0,5.273152083571674,1018518.5185185185,0
2369,803340,1.0,1,2.0,4,2.0,2021,6,9,65.0,301.0,5.246688928925333,846153.8461538461,0
2370,473700,2.0,1,2.85,1,2.0,2007,5,8,38.0,78.0,16.101467390596266,684210.5263157894,0
2371,867690,2.0,2,2.86,3,2.0,2022,11,16,8.0,230.0,1.669553830603382,8250000.0,0
2372,723420,2.0,1,2.8,1,3.0,1989,8,9,59.0,94.0,3.7983695109567734,694915.2542372881,0
2373,631660,2.0,1,2.85,3,2.0,2024,6,12,60.0,291.0,5.624405351474054,516666.6666666667,0
2374,646950,2.0,1,2.7,3,2.0,2024,8,10,52.0,107.0,8.150831724385002,644230.7692307692,0
2375,596300,8.0,1,2.0,4,1.0,2023,4,5,66.0,328.0,3.8431876939044773,454545.45454545453,0
2376,938930,2.0,2,2.0,1,2.0,2012,1,3,198.0,2942.0,10.496057514656352,625757.5757575758,0
2377,438900,9.0,1,2.5,4,1.0,1978,7,9,3.0,1658.0,2.3624274651119963,6000000.0,0
2378,597170,1.0,1,2.0,3,1.0,2026,9,12,5.0,273.0,5.789953198490943,4100000.0,0
2379,720210,1.0,1,2.7,1,2.0,2019,14,24,6.0,148.0,2.8689228915189675,5083333.333333333,0
2380,713920,2.0,1,2.7,3,2.0,2025,8,9,4.0,57.0,11.724031407956907,5000000.0,0
2381,846910,2.0,2,2.7,4,2.0,2024,14,15,105.0,303.0,3.291354926658195,776190.4761904762,0
2382,608630,1.0,1,2.0,3,1.0,2026,7,9,43.0,302.0,4.983181261963713,546511.6279069767,0
2383,659170,1.0,1,2.8,3,2.0,2016,5,15,42.0,255.0,1.7765770102443998,654761.9047619047,0
2384,676110,1.0,2,2.0,4,1.0,2025,7,9,90.0,243.0,2.9422609156116386,666666.6666666666,0
2385,813500,1.0,2,2.0,3,2.0,2026,2,16,56.0,78.0,2.7188389480234783,1071428.5714285714,0
2386,779030,2.0,1,2.5,1,3.0,1989,5,5,83.0,110.0,2.107715512235442,746987.951807229,0
2387,764120,2.0,2,2.7,4,2.0,2025,9,12,1.0,177.0,5.973300598576495,86000000.0,0
2388,717240,2.0,1,2.7,1,2.0,2020,12,14,5.0,166.0,5.648135462838516,11200000.0,0
2389,708200,2.0,1,2.7,4,2.0,2022,9,12,70.0,58.0,7.573143917469109,785714.2857142857,0
2390,864170,2.0,1,2.0,4,2.0,2025,5,13,45.0,297.0,1.3206956679138344,1022222.2222222222,0
2391,934380,2.0,1,2.0,1,2.0,2019,1,13,5.0,79.0,4.008473933374144,10799999.8,0
2392,628300,2.0,1,2.7,4,2.0,2022,7,9,40.0,242.0,8.156086640904926,625000.0,0
2393,507010,1.0,2,2.0,1,1.0,2016,4,12,112.0,76.0,4.128683878268144,669642.8571428572,0
2394,842350,2.0,1,2.0,3,2.0,2009,12,13,86.0,44.0,3.4000698956445823,860465.1162790698,0
2395,664070,2.0,1,2.7,3,3.0,1995,1,5,81.0,80.0,1.2628699861450579,740740.7407407408,0
2396,617400,2.0,1,2.9,3,4.0,2016,7,9,66.0,67.0,11.128446076671962,522727.2727272727,0
2397,638170,2.0,1,2.85,4,2.0,2023,4,4,70.0,91.0,14.811143232571496,621428.5714285715,0
2398,352800,9.0,1,2.0,3,3.0,1967,1,5,33.0,5959.0,7.988077153742848,257575.75757575757,0
2399,516660,1.0,1,2.0,3,2.0,2014,20,25,5.0,4746.0,4.501287551009535,4598000.0,0
2400,324550,15.0,1,2.0,3,3.0,1986,4,5,2.0,669.0,1.4444416665655027,10000000.0,0
2401,833540,2.0,1,2.8,4,2.0,1972,7,9,70.0,13278.0,5.830709751944331,714285.7142857143,0
2402,458460,1.0,1,2.5,3,1.0,2012,3,9,52.0,890.0,6.049799141460064,471153.8461538461,0
2403,318400,11.0,1,2.7,1,1.0,1970,4,4,5.0,3648.0,1.259172133560916,2800000.0,0
2404,596300,8.0,1,2.0,4,1.0,2023,4,5,66.0,328.0,3.8431876939044773,454545.45454545453,0
2405,938930,2.0,2,2.0,1,2.0,2012,1,3,198.0,2942.0,10.496057514656352,625757.5757575758,0
2406,438900,9.0,1,2.5,4,1.0,1978,7,9,3.0,1659.0,2.3624274651119963,6000000.0,0
2407,597170,1.0,1,2.0,3,1.0,2026,9,12,5.0,273.0,5.789953198490943,4100000.0,0
2408,720210,1.0,1,2.7,1,2.0,2019,14,24,6.0,148.0,2.8689228915189675,5083333.333333333,0
2409,713920,2.0,1,2.7,3,2.0,2025,8,9,4.0,57.0,11.724031407956907,5000000.0,0
2410,846910,2.0,2,2.7,4,2.0,2024,14,15,105.0,303.0,3.291354926658195,776190.4761904762,0
2411,485320,1.0,1,2.0,3,2.0,2010,6,13,85.0,5.0,5.185560648531221,423529.4117647059,0
2412,507010,1.0,2,2.0,1,1.0,2016,4,12,112.0,76.0,4.128683878268144,669642.8571428572,0
2413,842350,2.0,1,2.0,3,2.0,2009,12,13,86.0,44.0,3.4000698956445823,860465.1162790698,0
2414,486820,1.0,1,2.0,3,2.0,2007,6,9,39.0,28.0,7.334340425063729,448717.9487179487,0
2415,844590,2.0,1,2.8,3,2.0,2025,1,6,39.0,221.0,12.415817750606802,871794.8717948718,0
2416,813780,2.0,1,2.7,3,3.0,1970,1,4,56.0,207.0,6.574354269889672,910714.2857142857,0
2417,740910,1.0,1,2.0,4,2.0,2025,8,17,9.0,25.0,1.3798459837355181,4555555.555555556,0
2418,485960,1.0,1,2.8,3,2.0,2009,16,16,64.0,17.0,4.765209876227186,468750.0,0
2419,983290,2.0,1,2.0,3,2.0,2026,3,9,86.0,283.0,6.891153716462457,1453488.3720930233,0
2420,670390,2.0,1,2.0,4,2.0,2024,4,5,3.0,95.0,6.9688105747730065,9833333.333333334,0
2421,730900,2.0,1,2.0,3,2.0,2011,17,20,6.0,319.0,0.0565512919787828,8000000.0,0
2422,617400,2.0,1,2.9,3,4.0,2016,7,9,66.0,67.0,11.128446076671962,522727.2727272727,0
2423,638170,2.0,1,2.85,4,2.0,2023,4,4,70.0,91.0,14.811143232571496,621428.5714285715,0
2424,352800,9.0,1,2.0,3,3.0,1967,1,5,33.0,5959.0,7.988077153742848,257575.75757575757,0
2425,516660,1.0,1,2.0,3,2.0,2014,20,25,5.0,4747.0,4.501287551009535,4598000.0,0
2426,324550,15.0,1,2.0,3,3.0,1986,4,5,2.0,669.0,1.4444416665655027,10000000.0,0
2427,833540,2.0,1,2.8,4,2.0,1972,7,9,70.0,13278.0,5.830709751944331,714285.7142857143,0
2428,420340,1.0,1,2.0,3,4.0,1982,3,5,53.0,11.0,4.606628186482803,488679.24528301886,0
2429,685720,2.0,1,2.7,4,2.0,2022,1,10,9.0,294.0,8.679125881816313,2555555.5555555555,0
2430,631280,2.0,2,2.7,3,2.0,2025,11,12,7.0,126.0,5.904387131323835,7857142.857142857,0
2431,646950,2.0,1,2.7,4,2.0,2022,3,10,7.0,45.0,8.508444199832262,5000000.0,0
2432,771020,1.0,1,2.0,3,2.0,2022,3,9,106.0,97.0,1.98512776815712,962264.1509433963,0
2433,495970,2.0,1,2.7,1,4.0,2009,3,6,8.0,226.0,13.144604406243316,4125000.0,0
2434,827300,2.0,1,2.7,4,2.0,2021,7,13,6.0,241.0,3.98941315224646,15000000.0,0
2435,657130,2.0,1,2.7,1,3.0,1985,5,5,45.0,152.0,9.983854893546914,688666.6666666666,0
2436,550440,2.0,1,2.0,4,2.0,2012,1,5,2.0,326.0,5.831623600802419,16500000.0,0
2437,901160,2.0,2,2.85,4,2.0,2021,10,16,3.0,150.0,4.096661454626762,28333333.333333332,0
2438,663240,2.0,2,2.8,4,2.0,2018,4,10,100.0,218.0,3.5105986588614027,670000.0,0
2439,809390,2.0,1,2.7,3,3.0,1984,5,5,1.0,19.0,1.5384244451085982,45000000.0,0
2440,684680,2.0,1,2.7,4,2.0,2025,2,9,57.0,237.0,11.829688938755876,736666.6666666666,0
2441,771920,2.0,1,2.5,3,3.0,1980,1,5,4.0,198.0,2.519874443457286,10125000.0,0
2442,631660,2.0,1,2.7,1,2.0,2024,6,12,55.0,79.0,5.326338778221954,636363.6363636364,0
2443,672770,1.0,1,3.3,3,1.0,2026,9,9,42.0,143.0,5.250961255013602,738095.2380952381,0
2444,761110,1.0,1,2.0,3,1.0,2024,1,9,60.0,65.0,3.8407314507451136,680000.0,0
2445,645180,2.0,1,2.0,3,3.0,1974,1,5,62.0,215.0,2.7697845612363485,604838.7096774194,0
2446,798660,1.0,1,2.0,1,2.0,2020,6,12,1.0,35.0,0.18334052505337886,87990000.0,0
2447,459190,16.0,2,2.0,3,2.0,2027,10,12,26.0,0.0,1.760183080131503,1458346.1538461538,0
2448,668080,1.0,1,2.0,3,1.0,2021,5,10,4.0,31.0,3.193565496500043,6625000.0,0
2449,604660,2.0,1,2.7,2,3.0,1983,5,5,2.0,217.0,6.563911570430828,12250000.0,0
2450,950940,2.0,1,2.0,4,2.0,2021,9,13,5.0,179.0,1.9627337354537593,9800000.0,0
2451,769460,1.0,1,3.3,3,1.0,2025,10,12,123.0,45.0,5.669361863579717,746341.4634146341,0
2452,663510,1.0,1,2.8,3,1.0,2017,2,13,3.0,245.0,3.6915386031349415,9666666.666666666,0
2453,941270,2.0,2,2.7,3,2.0,2022,2,10,97.0,261.0,8.240752556256213,597938.1443298969,0
2454,721750,1.0,1,2.7,4,1.0,2021,7,7,50.0,176.0,6.478244975642303,558000.0,0
2455,906220,2.0,2,2.0,4,2.0,2022,11,18,104.0,279.0,0.9356555196660185,817307.6923076923,0
2456,627040,1.0,1,2.0,3,2.0,2018,3,9,48.0,330.0,1.6319904836254466,729166.6666666666,0
2457,694880,2.0,1,2.0,3,2.0,2026,7,9,37.0,291.0,7.961593031156469,537837.8378378379,0
2458,578490,1.0,1,2.7,4,2.0,2022,9,13,37.0,62.0,6.182448825606334,594324.3243243244,0
2459,560780,1.0,1,2.0,4,2.0,2025,14,18,42.0,66.0,4.878233261411301,666666.6666666666,0
2460,568030,1.0,1,2.7,1,1.0,2021,6,12,41.0,75.0,3.9443640620155063,607317.0731707317,0
2461,650040,1.0,1,2.0,4,1.0,2025,7,8,39.0,100.0,3.215506866551629,794871.7948717949,0
2462,731230,2.0,1,2.8,1,2.0,2012,10,15,1.0,263.0,0.6250948650183624,40000000.0,0
2463,577850,1.0,1,2.0,3,2.0,2021,2,16,36.0,96.0,4.344653461828924,763888.8888888889,0
2464,655950,1.0,1,3.3,5,1.0,2026,4,6,35.0,199.0,6.058701901205857,1171428.5714285714,0
2465,686670,2.0,1,2.58,1,1.0,1994,4,9,50.0,245.0,4.332197178687089,810000.0,0
2466,503240,1.0,1,2.7,3,2.0,2011,8,14,6.0,250.0,5.169546188181869,3500000.0,0
2467,994150,2.0,1,2.8,3,2.0,2022,9,16,95.0,96.0,6.293829158906176,736842.1052631579,0
2468,961670,2.0,1,2.0,4,2.0,2024,6,6,66.0,43.0,11.137160615832547,939393.9393939395,0
2469,797790,2.0,2,2.0,3,2.0,2025,3,9,7.0,167.0,1.2614721310884396,6000000.0,0
2470,758900,1.0,1,2.7,4,2.0,2021,6,22,70.0,35.0,4.077412826583978,785714.2857142857,0
2471,521010,2.0,1,2.8,3,2.0,2014,1,7,42.0,221.0,7.58930452345341,511904.7619047619,0
2472,660980,2.0,1,2.0,3,2.0,2025,3,12,1.0,182.0,6.271187739105269,28750000.0,0
2473,646950,2.0,2,3.3,3,2.0,2026,1,6,65.0,75.0,6.1609122172464845,800000.0,0
2474,786360,2.0,1,2.8,1,2.0,2012,10,14,1.0,136.0,6.984986263773194,45500000.0,0
2475,737560,1.0,1,2.85,3,2.0,2026,9,9,39.0,205.0,7.220273217769755,474358.9743589744,0
2476,743600,1.0,1,2.7,3,2.0,2020,6,11,5.0,145.0,2.018280447151227,6000000.0,0
2477,646950,2.0,1,2.7,4,2.0,2022,5,6,9.0,242.0,7.565970051220574,3555555.4444444445,0
2478,901160,2.0,2,2.85,1,2.0,2021,15,17,70.0,191.0,4.096661454626762,1157142.857142857,0
2479,660870,1.0,2,2.0,4,1.0,2023,4,10,6.0,132.0,3.7470946785076884,11666666.666666666,0
2480,891080,2.0,1,2.0,3,2.0,2025,1,9,43.0,139.0,3.0571320182468624,965116.2790697674,0
2481,646950,2.0,1,2.8,1,2.0,2022,1,12,57.0,144.0,6.5325040483144505,684210.5263157894,0
2482,676110,1.0,2,2.0,4,1.0,2025,6,9,88.0,124.0,3.0424375232763086,698863.6363636364,0
2483,562230,1.0,1,3.15,4,1.0,2022,2,12,33.0,268.0,4.223776199852638,681818.1818181818,0
2484,835330,2.0,2,2.0,1,2.0,2008,19,30,160.0,161.0,6.006269057980246,781250.0,0
2485,580210,1.0,1,2.0,3,2.0,2025,2,12,3.0,155.0,4.858877164237199,7833333.333333333,0
2486,589560,1.0,1,2.0,4,1.0,2023,3,12,37.0,129.0,5.035409069182451,783783.7837837838,0
2487,848380,1.0,2,2.0,3,2.0,2024,11,12,90.0,151.0,3.4832868329298385,798888.8888888889,0
2488,938520,2.0,1,2.7,4,2.0,2025,3,17,5.0,239.0,2.9915499873183875,9300000.0,0
2489,666990,2.0,1,2.7,3,2.0,2025,3,6,38.0,139.0,6.1609122172464845,868421.052631579,0
2490,488200,1.0,1,2.7,3,1.0,2008,1,9,57.0,136.0,7.143191782578785,507017.5438596491,0
2491,886290,2.0,2,2.0,5,2.0,2025,8,9,87.0,116.0,3.9277731831885916,1000000.0,0
2492,865090,2.0,2,3.2,3,2.0,2025,2,3,8.0,320.0,8.738687227161327,6750000.0,0
2493,406080,4.0,1,2.0,1,3.0,1986,4,5,3.0,1072.0,3.2361594028155887,10000000.0,0
2494,898600,2.0,1,2.7,4,2.0,2025,3,6,49.0,440.0,12.433096533084797,948979.5918367347,0
2495,544900,5.0,1,2.0,3,2.0,2025,7,9,64.0,26.0,0.40478258743773765,937500.0,0
2496,879740,2.0,1,3.2,4,2.0,2024,6,6,7.0,291.0,11.202801754957287,7000000.0,0
2497,488880,1.0,1,2.7,1,1.0,2006,9,9,46.0,547.0,4.981271305438579,504347.82608695654,0
2498,613630,1.0,1,2.7,3,2.0,2017,6,12,46.0,430.0,4.446489023039088,478260.8695652174,0
2499,633280,2.0,1,2.85,4,2.0,2025,10,12,60.0,337.0,5.566041385658705,583333.3333333334,0
2500,500670,2.0,1,2.8,4,2.0,2010,5,9,7.0,218.0,4.23583173424986,5000000.0,0
2501,537220,1.0,2,2.0,4,2.0,2022,11,18,2.0,184.0,4.144393225581027,26995000.0,0
2502,880850,2.0,1,2.7,3,2.0,2023,14,15,50.0,44.0,3.0185384288352135,1000000.0,0
2503,880850,2.0,1,2.8,4,2.0,2023,6,9,1.0,165.0,1.7096695895524865,52000000.0,0
2504,701440,2.0,1,2.5,3,3.0,1972,2,4,4.0,296.0,2.3097424763105248,11750000.0,0
2505,721690,2.0,1,2.7,3,2.0,2022,4,11,4.0,182.0,3.6419709234148017,11250000.0,0
2506,678950,2.0,1,2.0,3,3.0,1978,2,5,1.0,205.0,1.4431355304108309,48000000.0,0
2507,997820,2.0,1,2.7,1,2.0,2022,15,15,8.0,195.0,3.1959432392515743,5187500.0,0
2508,524120,1.0,1,2.7,3,1.0,2016,12,12,63.0,632.0,7.780755851426615,365079.3650793651,0
2509,891950,2.0,1,2.0,4,2.0,2024,8,12,73.0,31.0,4.77838799542709,1013698.6301369863,0
2510,411150,9.0,1,2.0,3,1.0,1967,5,5,64.0,1406.0,3.50420977836377,304687.5,0
2511,492610,1.0,1,2.7,3,1.0,2011,12,15,7.0,1050.0,4.817872326583869,2742857.1428571427,0
2512,575420,1.0,2,2.0,3,1.0,2017,2,12,5.0,10273.0,3.832466757560205,10000000.0,0
2513,740910,1.0,1,2.0,4,2.0,2025,4,9,7.0,1744.0,4.122923023714076,4785714.285714285,0
2514,406080,4.0,1,2.0,1,3.0,1986,4,5,3.0,1072.0,3.2361594028155887,10000000.0,0
2515,898600,2.0,1,2.7,4,2.0,2025,3,6,49.0,440.0,12.433096533084797,948979.5918367347,0
2516,544900,5.0,1,2.0,3,2.0,2025,7,9,64.0,26.0,0.40478258743773765,937500.0,0
2517,879740,2.0,1,3.2,4,2.0,2024,6,6,7.0,291.0,11.202801754957287,7000000.0,0
2518,488880,1.0,1,2.7,1,1.0,2006,9,9,46.0,547.0,4.981271305438579,504347.82608695654,0
2519,613630,1.0,1,2.7,3,2.0,2017,6,12,46.0,431.0,4.446489023039088,478260.8695652174,0
2520,915320,2.0,1,2.0,4,1.0,1986,2,5,31.0,9.0,5.512729358189456,919354.8387096775,0
2521,670160,1.0,1,2.0,3,4.0,2020,3,5,3.0,880.0,4.314070604856467,10330000.0,0
2522,679590,1.0,1,2.0,3,2.0,2017,9,12,55.0,5.0,3.142762405843611,490909.0909090909,0
2523,747720,1.0,1,2.0,3,2.0,2026,12,12,53.0,118.0,3.830196668711787,556603.7735849057,0
2524,936490,2.0,1,2.7,3,2.0,2020,9,13,48.0,106.0,1.9627337354537593,947916.6666666666,0
2525,740910,1.0,1,2.0,4,2.0,2025,5,9,37.0,298.0,2.9142640004760216,851351.3513513514,0
2526,880850,2.0,1,2.7,3,2.0,2023,5,16,9.0,160.0,2.962209019186837,5000000.0,0
2527,633280,2.0,1,2.85,3,2.0,2025,6,6,8.0,19.0,4.57796377215904,5125000.0,0
2528,873900,2.0,1,2.0,4,2.0,2024,3,3,52.0,101.0,8.312419339620158,1076923.076923077,0
2529,652600,1.0,2,2.0,3,2.0,2017,7,12,115.0,313.0,5.624523711031269,520869.5652173913,0
2530,694800,1.0,1,2.0,3,2.0,2020,14,16,65.0,62.0,3.1015141555695465,736923.0769230769,0
2531,627740,2.0,1,2.75,1,2.0,2017,3,5,4.0,175.0,7.628545137127963,5975000.0,0
2532,327560,13.0,1,2.0,1,1.0,2018,4,6,45.0,641.0,2.7694282289314085,222222.22222222222,0
2533,524120,1.0,1,2.7,3,1.0,2016,12,12,63.0,632.0,7.780755851426615,365079.3650793651,0
2534,891950,2.0,1,2.0,4,2.0,2024,8,12,73.0,31.0,4.77838799542709,1013698.6301369863,0
2535,411150,9.0,1,2.0,3,1.0,1967,5,5,64.0,1406.0,3.50420977836377,304687.5,0
2536,655500,2.0,1,2.0,3,2.0,2022,10,13,45.0,1064.0,6.484664518338038,944444.4444444445,0
2537,487410,1.0,1,2.5,1,1.0,2011,9,10,54.0,5.0,7.038367666782764,437037.037037037,0
2538,933800,1.0,1,2.0,4,2.0,2023,2,25,6.0,74.0,0.5965710670695307,38333333.333333336,0
2539,786360,2.0,1,2.9,1,2.0,2012,10,10,4.0,210.0,8.333670238503814,9875000.0,0
2540,746010,1.0,1,3.3,3,1.0,2026,2,7,71.0,143.0,3.040701133818896,753521.1267605633,0
2541,512760,2.0,2,2.8,4,2.0,2013,7,16,3.0,219.0,7.02050569424287,23666666.666666668,0
2542,638290,1.0,1,2.0,4,1.0,2024,2,9,58.0,209.0,3.3822759017184896,793103.448275862,0
2543,826100,2.0,1,2.75,1,3.0,1986,1,9,40.0,47.0,3.1357179132494117,1024999.975,0
2544,632600,2.0,1,2.9,3,4.0,2025,2,3,31.0,108.0,7.115448692549649,725806.4516129033,0
2545,865090,2.0,1,2.0,3,2.0,2025,11,12,9.0,214.0,1.6992503069808702,5555555.555555556,0
2546,633280,2.0,1,2.8,3,2.0,2025,5,6,54.0,274.0,6.095764054222847,694444.4444444445,0
2547,626290,2.0,1,2.0,3,2.0,2021,4,5,49.0,147.0,5.652536784216404,571428.5714285715,0
2548,788290,2.0,1,2.8,4,3.0,1988,3,9,71.0,251.0,4.974675651151679,1028169.014084507,0
2549,625320,1.0,1,2.8,3,2.0,2017,3,13,80.0,302.0,4.047670331664975,512500.0,0
2550,827550,2.0,1,2.85,4,2.0,2024,1,6,44.0,12.0,11.202801754957287,1000000.0,0
2551,628050,2.0,2,2.7,4,2.0,2022,4,7,75.0,172.0,4.882006092859377,526666.6666666666,0
2552,579720,2.0,1,2.0,1,2.0,1998,4,12,55.0,178.0,3.9410876137627695,645454.5454545454,0
2553,747720,1.0,1,2.0,3,2.0,2026,14,14,24.0,159.0,4.123126327203367,1291666.6666666667,0
2554,758900,1.0,1,2.0,3,2.0,2021,4,12,63.0,58.0,5.246688928925333,728571.4285714285,0
2555,745050,1.0,2,2.0,4,1.0,2022,6,10,90.0,171.0,1.827820011003407,755555.5555555555,0
2556,628000,2.0,1,2.75,3,4.0,1960,1,1,57.0,310.0,7.955609033581982,526315.7894736842,0
2557,662660,1.0,2,2.7,1,1.0,2016,5,17,96.0,51.0,3.2243931514594975,656250.0,0
2558,339580,7.0,1,2.0,1,4.0,1989,2,5,73.0,62.0,2.519810489769367,315068.4931506849,0
2559,755500,2.0,1,2.7,1,1.0,1991,5,5,68.0,13.0,2.4151407705867514,904411.7647058824,0
2560,650040,1.0,1,2.0,3,1.0,2025,12,12,43.0,212.0,6.722428003848491,439534.88372093026,0
2561,543600,1.0,1,2.0,4,1.0,2023,3,7,69.0,28.0,7.241271251651161,536231.8840579711,0
2562,644210,2.0,1,2.5,1,3.0,1990,3,5,5.0,299.0,12.86980282333318,11400000.0,0
2563,687330,2.0,1,2.8,4,3.0,1978,4,5,3.0,293.0,7.2938918311057614,22666666.666666668,0
2564,490340,1.0,2,2.98,1,1.0,2014,7,7,6.0,292.0,4.556489638072555,11650000.0,0
2565,802020,1.0,1,2.0,3,2.0,2026,6,7,5.0,233.0,6.266270586347076,7000000.0,0
2566,564030,1.0,1,2.0,3,1.0,2020,3,9,35.0,341.0,5.241060622559368,828571.4285714285,0
2567,541420,2.0,1,2.8,4,2.0,2025,6,9,5.0,212.0,14.107194493032454,4540000.0,0
2568,600590,1.0,1,2.0,3,1.0,2026,12,12,5.0,110.0,6.768900596806263,3530000.0,0
2569,630170,2.0,1,2.85,3,4.0,2025,6,7,5.0,113.0,2.6708027058705532,6600000.0,0
2570,684680,2.0,1,2.0,3,2.0,2025,3,7,50.0,326.0,11.61844620541909,450000.0,0
2571,745000,2.0,2,2.0,3,2.0,2012,10,12,5.0,61.0,0.7623601902433956,29000000.0,0
2572,283660,,1,2.0,1,4.0,2008,1,5,47.0,1.0,6.860639749983837,287234.0425531915,0
2573,556030,5.0,1,2.0,4,2.0,2023,3,5,60.0,2469.0,1.9252536836385654,475000.0,0
2574,872360,2.0,1,2.74,3,2.0,2023,6,17,73.0,205.0,3.2226600234182294,780821.9178082192,0
2575,728560,2.0,1,2.0,1,2.0,2008,7,17,5.0,153.0,2.954405725941752,9500000.0,0
2576,579840,1.0,1,2.65,4,1.0,2021,4,9,41.0,336.0,5.135993508476139,621951.2195121951,0
2577,667150,1.0,1,2.0,4,2.0,2023,2,18,42.0,1.0,2.460665128642099,685714.2857142857,0
2578,294380,5.0,1,2.0,4,3.0,1984,4,5,49.0,1593.0,5.933186579404219,295918.36734693876,0
2579,973040,2.0,1,2.7,1,2.0,2016,1,5,27.0,177.0,8.310402086247556,1277777.7777777778,0
2580,718680,1.0,1,2.0,3,2.0,2022,5,15,67.0,209.0,3.8661275571745657,671641.7910447761,0
2581,685720,2.0,1,2.7,4,2.0,2022,6,10,31.0,203.0,8.37019964014701,725806.4516129033,0
2582,794320,2.0,1,2.0,3,2.0,2026,4,9,30.0,18.0,10.688456617999147,650000.0,0
2583,635260,1.0,1,2.7,1,1.0,2021,9,9,40.0,26.0,5.623673693788578,587500.0,0
2584,746470,1.0,1,2.0,3,2.0,2027,11,17,41.0,135.0,4.41802356880392,558536.5853658536,0
2585,460020,1.0,1,2.8,3,3.0,2020,3,12,4.0,255.0,5.753162410972617,7625000.0,0
2586,830270,1.0,2,2.0,3,2.0,2023,6,8,89.0,22.0,2.1496348993515437,898876.404494382,0
2587,631660,2.0,1,2.0,4,2.0,2024,11,12,60.0,42.0,5.91631397849377,750000.0,0
2588,610500,2.0,1,2.0,3,1.0,1967,1,2,7.0,108.0,15.34857502361006,4071428.5714285714,0
2589,648980,2.0,1,2.9,4,4.0,2024,2,3,4.0,42.0,8.639288613596024,14250000.0,0
2590,684370,1.0,1,2.7,3,1.0,2018,4,5,65.0,307.0,3.227188535216326,576923.0769230769,0
2591,646950,2.0,1,2.7,1,2.0,2022,8,10,61.0,155.0,8.781576954934165,581967.2131147541,0
2592,769260,1.0,1,2.0,3,2.0,2022,14,14,48.0,201.0,3.7078742197937715,893750.0,0
2593,649300,2.0,1,2.8,1,3.0,1985,1,5,62.0,273.0,8.63552423609867,677419.3548387097,0
2594,685720,2.0,1,3.2,4,2.0,2023,3,3,5.0,22.0,6.963634114741628,9100000.0,0
2595,818400,2.0,1,2.0,3,2.0,2022,3,10,70.0,279.0,3.0775529525874377,914285.7142857143,0
2596,568770,1.0,1,2.0,3,2.0,2026,9,9,87.0,388.0,5.7565372832752235,324800.0,0
2597,903580,2.0,2,2.0,4,2.0,2020,9,19,87.0,1243.0,5.3703820188516875,1643678.1609195403,0
2598,196400,17.0,1,2.5,3,3.0,1972,1,5,1.0,4377.0,1.0986101520195541,9000000.0,0
2599,970720,2.0,1,2.7,4,2.0,2017,11,12,65.0,1943.0,1.7676267202482703,1000000.0,0
2600,433370,1.0,1,2.5,3,4.0,2000,1,5,7.0,199.0,4.723883655531,4714285.714285715,0
2601,318370,15.0,1,2.5,2,3.0,1974,4,5,62.0,2873.0,2.559999772185528,201612.90322580645,0
2602,287200,17.0,1,2.0,3,4.0,1995,4,6,63.0,3630.0,0.8479093688840439,301587.3015873016,0
2603,513330,13.0,1,2.0,3,4.0,2021,3,10,46.0,1906.0,2.469814359014497,304347.82608695654,0
2604,655500,2.0,1,2.7,3,2.0,2022,11,13,58.0,1337.0,7.735335174418923,810344.8275862068,0
2605,428210,1.0,1,2.7,1,3.0,1994,6,6,9.0,213.0,6.573772146417526,3944444.4444444445,0
2606,797790,2.0,1,2.7,3,2.0,2025,8,14,1.0,195.0,2.711406679450828,27000000.0,0
2607,831060,2.0,1,2.8,4,2.0,2015,14,15,75.0,167.0,4.566178143996675,946666.6666666666,0
2608,612920,1.0,1,2.7,3,3.0,2021,8,12,37.0,150.0,6.839521964796528,675675.6756756756,0
2609,855630,2.0,1,2.0,1,3.0,1979,1,5,8.0,135.0,3.8446470796379035,3250000.0,0
2610,493480,2.0,1,2.0,4,2.0,2021,2,8,57.0,222.0,6.1094526518477785,491228.0701754386,0
2611,889350,2.0,1,2.8,4,2.0,2006,6,10,7.0,141.0,4.215676778513874,6071428.571428572,0
2612,544020,1.0,1,2.0,3,2.0,2011,7,22,36.0,284.0,3.285205675818811,583333.3333333334,0
2613,726980,1.0,1,2.0,4,2.0,2023,12,18,42.0,78.0,2.533338785736736,761904.7619047619,0
2614,475040,1.0,2,3.2,4,1.0,2017,20,20,111.0,53.0,4.137841009632381,765765.7657657658,0
2615,676110,1.0,1,2.0,3,1.0,2025,11,12,39.0,228.0,4.874294086233896,1087876.923076923,0
2616,571710,1.0,1,2.7,4,2.0,2011,3,14,58.0,21.0,1.2958219191738254,543103.448275862,0
2617,787170,1.0,2,2.0,4,2.0,2023,11,16,85.0,106.0,2.9103668546244705,794117.6470588235,0
2618,779030,2.0,1,2.8,3,3.0,1989,6,9,2.0,135.0,5.560534203536062,35900000.0,0
2619,787270,2.0,1,2.0,4,1.0,1987,1,5,65.0,246.0,6.749011035358877,1046153.8461538461,0
2620,523100,1.0,2,2.8,1,1.0,2011,3,10,4.0,326.0,10.795982016263995,11250000.0,0
2621,638170,2.0,2,2.7,4,2.0,2022,2,7,7.0,159.0,11.816467916450254,8142857.142857143,0
2622,764120,2.0,2,2.0,2,4.0,2026,4,6,107.0,51.0,5.743264910986056,700934.5794392524,0
2623,655640,1.0,1,2.8,3,1.0,2022,3,7,95.0,350.0,8.580267724453648,332631.5789473684,0
2624,938700,2.0,1,2.75,3,2.0,2022,6,13,1.0,91.0,6.484664518338038,41000000.0,0
2625,507140,1.0,2,2.7,1,2.0,2013,6,17,9.0,206.0,5.060897860122014,3500000.0,0
2626,667260,2.0,1,2.85,3,2.0,2025,1,6,8.0,134.0,11.836598187695044,2437500.0,0
2627,617910,2.0,1,2.0,3,2.0,2024,1,6,70.0,63.0,6.9688105747730065,535714.2857142857,0
2628,694800,1.0,1,2.0,3,2.0,2020,6,18,65.0,268.0,2.852849760171484,700000.0,0
2629,891950,2.0,1,2.75,4,2.0,2024,12,12,76.0,219.0,2.84455885929067,789473.6842105263,0
2630,627740,2.0,1,2.0,3,2.0,2017,10,13,5.0,0.0,4.828382676684657,4700000.0,0
2631,927640,1.0,1,2.0,3,2.0,2026,9,9,48.0,89.0,5.446446905461582,1333333.3333333333,0
2632,600590,1.0,1,2.0,3,1.0,2026,3,12,48.0,538.0,5.497906968886923,552083.3333333334,0
2633,813500,1.0,1,2.0,3,2.0,2026,11,12,3.0,395.0,5.103325700561134,17833333.333333332,0
2634,813500,1.0,1,2.0,3,2.0,2026,14,20,98.0,1575.0,4.367330132656922,867346.9387755102,0
2635,591210,1.0,1,2.0,3,4.0,2024,20,24,29.0,743.0,6.395189229983345,465517.2413793103,0
2636,728220,2.0,1,2.0,1,3.0,1966,2,4,46.0,334.0,6.163499627659987,760869.5652173914,0
2637,848380,1.0,2,3.3,4,2.0,2024,9,9,103.0,230.0,4.896684873335772,1135922.3300970874,0
2638,961640,2.0,2,2.0,4,2.0,2025,7,8,82.0,239.0,8.564752559247216,1036585.3658536585,0
2639,627520,1.0,2,2.0,4,1.0,2019,11,16,93.0,258.0,2.876865220836662,705376.3440860215,0
2640,685720,2.0,1,2.8,4,2.0,2022,2,9,7.0,306.0,7.487613361695994,4785714.285714285,0
2641,559490,1.0,1,2.7,3,1.0,2025,2,5,2.0,67.0,7.4919325251351685,9200000.0,0
2642,684680,2.0,1,2.85,3,2.0,2023,3,5,67.0,39.0,12.43800749062355,537313.432835821,0
2643,738870,2.0,1,2.8,1,2.0,2014,10,13,9.0,214.0,3.8979050903910357,5888888.888888889,0
2644,761110,1.0,2,2.0,4,1.0,2024,2,10,105.0,294.0,3.193565496500043,728571.4285714285,0
2645,555740,1.0,2,3.2,3,2.0,2010,3,10,144.0,197.0,1.4369525940053716,527777.7777777778,0
2646,769260,1.0,1,2.0,1,2.0,2022,17,20,53.0,185.0,1.2935800516365221,1056603.7735849055,0
2647,627520,1.0,2,2.0,3,1.0,2019,5,8,101.0,73.0,2.8158013665257475,688118.8118811881,0
2648,885750,2.0,2,2.0,3,2.0,2025,1,3,93.0,75.0,20.690175805366597,504301.0752688172,0
2649,903150,2.0,1,2.0,4,2.0,2023,8,20,76.0,321.0,5.368101048555511,1184210.5263157894,0
2650,684680,2.0,1,2.85,3,2.0,2025,5,9,24.0,133.0,14.437176504792134,979166.6666666666,0
2651,879740,2.0,1,2.0,4,2.0,2024,6,6,5.0,16.0,11.19927127501807,8800000.0,0
2652,694800,1.0,1,2.7,1,2.0,2020,3,8,51.0,147.0,1.8153906378818288,647058.8235294118,0
2653,653470,2.0,1,2.7,4,3.0,1966,4,4,2.0,95.0,4.020613830094051,14250000.0,0
2654,629880,1.0,1,2.0,3,4.0,2024,4,9,43.0,945.0,2.6423453167175253,860465.1162790698,0
2655,627520,1.0,2,2.0,4,1.0,2019,11,16,93.0,258.0,2.876865220836662,705376.3440860215,0
2656,685720,2.0,1,2.8,4,2.0,2022,2,9,7.0,306.0,7.487613361695994,4785714.285714285,0
2657,559490,1.0,1,2.7,3,1.0,2025,2,5,2.0,70.0,7.4919325251351685,9200000.0,0
2658,684680,2.0,1,2.85,3,2.0,2023,3,5,67.0,39.0,12.43800749062355,537313.432835821,0
2659,738870,2.0,1,2.8,1,2.0,2014,10,13,9.0,214.0,3.8979050903910357,5888888.888888889,0
2660,761110,1.0,2,2.0,4,1.0,2024,2,10,105.0,294.0,3.193565496500043,728571.4285714285,0
2661,555740,1.0,2,3.2,3,2.0,2010,3,10,144.0,197.0,1.4369525940053716,527777.7777777778,0
2662,769260,1.0,1,2.0,1,2.0,2022,17,20,53.0,185.0,1.2935800516365221,1056603.7735849055,0
2663,627520,1.0,2,2.0,3,1.0,2019,5,8,101.0,73.0,2.8158013665257475,688118.8118811881,0
2664,402860,1.0,1,2.0,1,1.0,1990,2,5,9.0,6265.0,6.517786181739396,2555555.5555555555,0
2665,552160,2.0,1,2.0,3,1.0,1965,1,3,42.0,241.0,14.536081125317816,642857.1428571428,0
2666,889350,2.0,1,2.8,4,2.0,2006,6,10,7.0,143.0,4.215676778513874,6071428.571428572,0
2667,563300,1.0,2,2.7,1,1.0,2016,9,9,95.0,246.0,3.8088688991983095,410526.3157894737,0
2668,718680,1.0,2,2.0,4,2.0,2022,2,9,3.0,255.0,1.98512776815712,20800000.0,0
2669,498800,1.0,1,2.7,1,2.0,2010,13,15,49.0,21.0,5.198533321543013,520408.1632653061,0
2670,628640,2.0,1,2.85,4,2.0,2024,2,6,59.0,317.0,4.738360701574096,677966.1016949152,0
2671,516370,2.0,1,2.8,4,3.0,1982,9,9,9.0,18.0,3.3354934713894147,5555555.555555556,0
2672,636320,1.0,1,2.85,3,2.0,2023,7,14,60.0,279.0,6.394779295062779,498333.3333333333,0
2673,684680,2.0,1,2.0,4,2.0,2023,4,5,55.0,203.0,12.145576633107076,709089.0909090909,0
2674,672060,2.0,1,2.7,3,2.0,2026,2,6,38.0,129.0,6.231746309045683,905263.1578947369,0
2675,552120,2.0,1,2.8,3,2.0,2017,7,9,82.0,89.0,5.814514876802696,493902.43902439025,0
2676,498520,1.0,1,2.0,1,4.0,1976,4,5,2.0,177.0,4.278048484287886,11750000.0,0
2677,667260,2.0,1,2.85,3,2.0,2025,1,9,5.0,91.0,14.328756401163236,6000000.0,0
2678,672060,2.0,1,2.75,5,2.0,2026,3,7,46.0,157.0,4.389092086724616,539130.4347826086,0
2679,880850,2.0,1,2.8,3,2.0,2023,7,12,6.0,225.0,3.858683694131359,13666666.666666666,0
2680,580640,1.0,2,2.7,4,2.0,2024,9,22,111.0,80.0,5.076017774835187,441441.4414414414,0
2681,786360,2.0,1,2.9,4,2.0,2012,8,10,51.0,77.0,8.394926643139964,813725.4901960784,0
2682,878390,2.0,1,2.9,3,2.0,2021,4,12,54.0,225.0,4.633911318971028,962962.9629629629,0
2683,981490,2.0,1,2.0,4,2.0,2023,1,13,8.0,170.0,1.9393644817431466,5437500.0,0
2684,588680,1.0,1,2.0,4,1.0,2025,7,12,8.0,22.0,5.738509480914573,3562500.0,0
2685,663930,2.0,1,2.0,3,3.0,1989,5,5,86.0,319.0,3.960773084395431,720930.2325581395,0
2686,523660,1.0,2,2.0,3,2.0,2018,2,9,120.0,311.0,5.192746347349068,566666.6666666666,0
2687,559890,2.0,1,2.8,1,1.0,1992,5,5,6.0,279.0,16.338236799845745,5333333.333333333,0
2688,871530,2.0,1,2.8,4,2.0,2022,10,10,31.0,208.0,1.8372117548657292,870967.7419354839,0
2689,671700,2.0,1,2.0,3,4.0,2022,3,9,4.0,49.0,15.484987200481786,6250000.0,0
2690,740910,1.0,1,2.0,3,2.0,2025,5,12,4.0,113.0,3.4170242692552795,10500000.0,0
2691,638080,2.0,1,3.3,4,2.0,2026,6,6,45.0,103.0,5.9077533340713,1055555.5555555555,0
2692,492610,1.0,1,2.7,3,1.0,2011,4,10,9.0,19.0,4.817872326583869,4221111.111111111,0
2693,586460,1.0,1,2.7,3,1.0,2022,6,9,37.0,197.0,6.850577628476475,581081.0810810811,0
2694,702940,2.0,1,2.64,1,2.0,2019,3,12,2.0,223.0,4.610586447851085,12750000.0,0
2695,639630,1.0,1,2.0,4,1.0,2023,8,10,50.0,196.0,3.3148517663518016,750000.0,0
2696,685720,2.0,1,2.7,1,2.0,2021,1,16,38.0,320.0,5.6649155081803215,736842.1052631579,0
2697,633280,2.0,1,2.85,5,2.0,2025,8,12,6.0,57.0,5.557731861342859,4250000.0,0
2698,907060,1.0,2,2.0,3,2.0,2021,2,14,132.0,155.0,2.9255958058695257,1045454.5454545454,0
2699,649270,1.0,1,2.8,4,2.0,2020,8,9,44.0,107.0,5.749083937187869,534090.9090909091,0
2700,563300,1.0,2,2.7,1,1.0,2016,9,9,95.0,247.0,3.8088688991983095,410526.3157894737,0
2701,718680,1.0,2,2.0,4,2.0,2022,2,9,3.0,255.0,1.98512776815712,20800000.0,0
2702,498800,1.0,1,2.7,1,2.0,2010,13,15,49.0,21.0,5.198533321543013,520408.1632653061,0
2703,845470,1.0,1,2.0,3,2.0,2019,4,16,155.0,2992.0,1.9976848205546462,1038709.6774193548,0
2704,401780,15.0,1,2.0,4,1.0,2018,9,9,1.0,138.0,2.927780541677669,31000000.0,0
2705,641880,1.0,1,2.0,3,1.0,2022,11,12,41.0,805.0,4.116009120474646,719512.1951219512,0
2706,575420,1.0,1,2.7,4,1.0,2017,5,5,58.0,173.0,5.429738823256322,474137.9310344828,0
2707,336340,7.0,1,2.0,3,1.0,1980,1,5,60.0,274.0,2.846217205688059,416666.6666666667,0
2708,740910,1.0,1,2.0,3,2.0,2025,7,9,41.0,3977.0,8.062431389956437,582926.8292682926,0
2709,481170,9.0,1,2.5,3,1.0,1987,7,9,63.0,16367.0,2.604833356444894,380952.38095238095,0
2710,738480,2.0,1,2.8,4,3.0,1986,4,9,60.0,491.0,2.3913774936874237,966500.0,0
2711,734490,1.0,1,2.0,3,1.0,2024,5,7,40.0,338.0,3.413783719144865,895000.0,0
2712,533320,2.0,1,2.8,3,2.0,2012,9,9,88.0,122.0,7.340966719716578,443181.8181818182,0
2713,690650,1.0,1,2.7,3,2.0,2018,3,9,1.0,178.0,4.553391927054566,21000000.0,0
2714,797240,1.0,1,2.7,3,2.0,2025,5,9,22.0,66.0,5.10490460562074,1659090.9090909092,0
2715,737320,2.0,1,2.0,3,2.0,2026,4,13,8.0,234.0,6.912133815793807,7500000.0,0
2716,738140,1.0,1,2.0,3,2.0,2024,7,17,58.0,285.0,3.5777111800236043,732758.6206896552,0
2717,941270,2.0,2,2.0,5,2.0,2025,1,3,4.0,108.0,7.6287065477778455,20250000.0,0
2718,719350,1.0,2,2.0,1,2.0,2019,8,12,4.0,59.0,1.6851173050793478,21500000.0,0
2719,530430,1.0,1,2.7,3,2.0,2015,3,9,54.0,459.0,5.154118663763212,592592.5925925926,0
2720,942950,2.0,1,2.0,3,3.0,1987,3,9,36.0,78.0,5.548236478068173,1097222.2222222222,0
2721,638290,1.0,1,2.0,4,1.0,2024,6,9,50.0,113.0,3.8026861637170315,770000.0,0
2722,811790,2.0,2,2.0,4,2.0,2006,5,11,130.0,713.0,5.159932802172533,784615.3846153846,0
2723,601630,2.0,1,2.8,1,2.0,2014,4,5,45.0,345.0,11.33884851697194,711111.1111111111,0
2724,738140,1.0,1,2.0,3,2.0,2024,9,15,43.0,87.0,3.551756835068855,779069.7674418605,0
2725,632310,2.0,1,2.0,3,2.0,2018,1,2,54.0,202.0,11.426126460940418,527777.7777777778,0
2726,552120,2.0,1,2.8,1,2.0,2017,4,5,78.0,291.0,7.561498664324987,551282.0512820513,0
2727,708200,2.0,2,2.7,4,2.0,2022,5,10,4.0,67.0,8.752932637523362,12500000.0,0
2728,550700,1.0,1,2.7,3,2.0,2016,16,17,43.0,5.0,6.878200766709534,579069.7674418605,0
2729,608290,1.0,1,2.0,3,1.0,2025,3,9,5.0,71.0,4.997977371174027,7100000.0,0
2730,646950,2.0,1,2.0,1,2.0,2023,5,10,68.0,295.0,7.926854505375484,470588.23529411765,0
2731,581600,1.0,1,2.0,3,4.0,2021,6,9,6.0,335.0,7.167438871430023,3816666.6666666665,0
2732,663240,2.0,1,2.0,3,2.0,1993,11,12,2.0,117.0,3.7497516708635548,24250000.0,0
2733,989790,2.0,1,2.9,3,2.0,2025,15,17,30.0,274.0,2.9915499873183875,950000.0,0
2734,435180,1.0,1,2.0,1,1.0,1995,2,6,4.0,149.0,6.092663362715567,7862500.0,0
2735,701190,2.0,1,2.8,4,1.0,1989,2,5,60.0,99.0,2.726425525987264,666666.6666666666,0
2736,772930,2.0,1,2.8,1,2.0,2017,6,10,63.0,204.0,1.8080454963686527,793650.7936507936,0
2737,780740,2.0,1,2.0,3,4.0,2018,10,10,60.0,101.0,3.389554475886324,833333.3333333334,0
2738,861550,2.0,1,2.0,3,2.0,2026,4,9,52.0,211.0,3.170614820848775,980769.2307692308,0
2739,638080,2.0,1,2.0,5,2.0,2026,2,6,6.0,152.0,6.153970813428916,7500000.0,0
2740,521500,2.0,1,2.0,3,4.0,2013,5,9,4.0,190.0,4.554512168482846,12000000.0,0
2741,867690,2.0,1,2.0,3,2.0,2022,16,18,6.0,187.0,0.9670697334834472,8583333.333333334,0
2742,944140,2.0,2,2.8,1,2.0,2015,12,12,7.0,28.0,4.536240888033841,11857142.857142856,0
2743,571310,2.0,1,2.7,1,1.0,1998,5,5,65.0,278.0,15.707025197031736,576923.0769230769,0
2744,628640,2.0,1,2.0,3,2.0,2024,12,12,70.0,182.0,5.7593061977958175,898412.6857142857,0
2745,659520,2.0,1,2.0,1,3.0,1973,3,4,1.0,64.0,2.8568029329972138,33000000.0,0
2746,292670,6.0,1,2.5,3,3.0,1979,3,6,6.0,2.0,1.8682117118802934,3250000.0,0
2747,595950,1.0,1,2.8,4,1.0,2024,2,9,53.0,1568.0,9.163591322136615,461215.92452830187,0
2748,479450,1.0,1,2.7,1,1.0,2004,3,9,81.0,240.0,4.249269388742796,419753.0740740741,0
2749,784630,2.0,1,2.8,1,1.0,2021,2,3,46.0,189.0,6.78121096180744,760869.5652173914,0
2750,472690,1.0,1,2.7,3,2.0,2016,8,21,83.0,16.0,4.830640163922561,578313.2530120482,0
2751,510360,1.0,1,2.5,1,2.0,2011,2,5,20.0,84.0,6.676993764569855,720000.0,0
2752,677720,1.0,1,2.0,3,2.0,2025,13,15,5.0,151.0,6.348201013524184,5580000.0,0
2753,849470,2.0,1,2.8,1,1.0,1976,5,5,9.0,279.0,2.345124274327404,4888888.888888889,0
2754,642830,2.0,1,2.6,4,3.0,1991,5,5,1.0,202.0,7.6751111749412155,46000000.0,0
2755,690760,2.0,1,2.5,1,3.0,1987,5,5,3.0,205.0,1.2179947636093469,10333333.333333334,0
2756,759400,1.0,2,2.0,3,4.0,2024,9,12,9.0,91.0,4.375567148059707,12777777.777777778,0
2757,672060,2.0,1,2.0,5,2.0,2026,4,12,6.0,157.0,2.2018418498295427,4300000.0,0
2758,672060,2.0,1,2.75,3,2.0,2026,2,7,46.0,262.0,4.389092086724616,539130.4347826086,0
2759,589560,1.0,1,2.0,4,1.0,2023,7,10,36.0,65.0,2.864907430479021,888888.8888888889,0
2760,694880,2.0,1,2.7,3,2.0,2026,5,9,4.0,230.0,7.8962565852118,5625000.0,0
2761,488880,1.0,1,2.7,1,1.0,2006,3,9,72.0,19.0,4.142499366655078,547916.6666666666,0
2762,669510,2.0,1,2.7,1,2.0,2022,2,6,6.0,218.0,2.9106297884272396,4583333.333333333,0
2763,898600,2.0,1,2.0,3,2.0,2025,4,12,52.0,210.0,8.51764668134194,1057692.3076923077,0
2764,785040,1.0,1,2.0,3,4.0,2021,2,12,6.0,211.0,3.072710085188763,8933333.333333334,0
2765,662660,1.0,2,2.0,1,1.0,2016,5,7,7.0,1.0,3.146783982171976,10000000.0,0
2766,485280,1.0,1,2.7,1,1.0,2010,5,9,7.0,116.0,4.921801998237782,4142857.1428571427,0
2767,771920,2.0,1,2.5,3,3.0,1980,1,5,4.0,198.0,2.519874443457286,10125000.0,0
2768,854130,2.0,1,2.0,4,2.0,2024,8,13,48.0,246.0,1.4932253590449285,833333.3333333334,0
2769,708200,2.0,1,2.85,4,2.0,2022,10,12,73.0,103.0,6.519759046888142,657534.2465753425,0
2770,662650,1.0,1,2.0,3,2.0,2026,4,17,7.0,79.0,3.3395210202446237,6571428.571428572,0
2771,631660,2.0,1,2.75,3,2.0,2024,2,3,2.0,98.0,6.866426593726868,12250000.0,0
2772,617260,2.0,1,2.7,4,2.0,2012,6,9,51.0,60.0,4.930241422646636,529215.6862745098,0
2773,551200,2.0,1,2.8,3,2.0,2017,5,5,59.0,134.0,8.792070966673306,508474.57627118647,0
2774,730460,1.0,1,2.0,1,1.0,2022,4,10,4.0,175.0,2.9727717987764444,11250000.0,0
2775,778740,1.0,1,2.0,3,2.0,2023,6,12,72.0,177.0,4.375567148059707,1125000.0,0
2776,880850,2.0,1,2.7,4,2.0,2023,10,11,57.0,69.0,2.786625295539052,964912.2807017544,0
2777,771360,2.0,1,2.8,4,3.0,1986,9,9,77.0,107.0,1.6620203604342638,811688.3116883116,0
2778,813500,1.0,1,2.0,3,2.0,2026,4,9,103.0,40.0,2.5828070711737485,737864.0776699029,0
2779,805430,1.0,1,2.0,3,2.0,2025,5,9,87.0,124.0,4.599564852976964,522988.5057471264,0
2780,591420,1.0,1,2.0,3,1.0,2025,5,9,36.0,118.0,5.256955205153486,819444.4444444445,0
2781,548360,1.0,1,2.7,3,1.0,2018,4,6,58.0,129.0,8.41658988541273,482586.1896551724,0
2782,650040,1.0,1,2.0,4,1.0,2025,9,12,4.0,279.0,5.773302692815452,10999975.0,0
2783,666990,2.0,1,2.85,3,2.0,2025,6,6,5.0,273.0,4.6708237473228476,5600000.0,0
2784,797240,1.0,1,2.0,3,2.0,2025,5,14,94.0,229.0,4.87470356902375,446808.5106382979,0
2785,650040,1.0,1,2.0,3,1.0,2025,7,12,1.0,58.0,5.032133630030549,28200000.0,0
2786,499840,2.0,1,2.75,5,2.0,2007,2,8,63.0,107.0,16.063983895780414,555555.5555555555,0
2787,638080,2.0,1,2.0,3,2.0,2026,3,12,5.0,298.0,2.2018418498295427,6100000.0,0
2788,694800,1.0,2,2.0,1,2.0,2020,10,12,73.0,302.0,3.05099914251934,616438.3561643836,0
2789,648980,2.0,1,3.3,4,4.0,2024,4,4,63.0,102.0,6.981167592154956,1182539.6825396826,0
2790,805430,1.0,1,2.0,3,2.0,2025,3,12,91.0,124.0,7.465092246963626,604395.6043956043,0
2791,669420,2.0,1,3.3,3,2.0,2026,4,5,8.0,144.0,6.433274177461227,6750000.0,0
2792,666990,2.0,1,2.7,5,2.0,2025,4,6,94.0,190.0,6.1609122172464845,351063.829787234,0
2793,676110,1.0,2,2.0,3,1.0,2025,2,9,5.0,48.0,3.2520367617189376,10600000.0,0
2794,874300,2.0,1,2.7,4,1.0,1973,1,4,80.0,110.0,4.420618604047616,875000.0,0
2795,482910,1.0,1,2.7,3,4.0,2012,9,14,43.0,70.0,5.024904463680715,546511.3953488372,0
2796,638080,2.0,1,2.85,3,2.0,2026,6,12,6.0,176.0,5.557731861342859,4083333.3333333335,0
2797,738170,1.0,1,2.7,4,1.0,2025,2,5,35.0,258.0,6.220464158341285,685714.2857142857,0
2798,465870,1.0,2,2.0,2,1.0,2008,7,7,2.0,85.0,3.6252973395665165,30750000.0,0
2799,927640,1.0,2,2.0,3,2.0,2026,5,9,137.0,178.0,2.405426249154747,861313.8686131387,0
2800,645250,1.0,2,2.0,1,1.0,2021,6,9,2.0,276.0,3.8481520668427955,25500000.0,0
2801,627220,2.0,1,2.0,4,2.0,2023,2,5,62.0,149.0,6.6688322097376105,570967.7419354839,0
2802,711370,1.0,1,2.0,3,2.0,2017,5,9,2.0,32.0,4.640341379213602,31500000.0,0
2803,708200,2.0,1,2.85,4,2.0,2022,10,12,73.0,105.0,6.519759046888142,657534.2465753425,0
2804,662650,1.0,1,2.0,3,2.0,2026,4,17,7.0,79.0,3.3395210202446237,6571428.571428572,0
2805,650040,1.0,1,2.0,3,1.0,2025,7,12,1.0,62.0,5.032133630030549,28200000.0,0
2806,499840,2.0,1,2.75,5,2.0,2007,2,8,63.0,107.0,16.063983895780414,555555.5555555555,0
2807,638080,2.0,1,2.0,3,2.0,2026,3,12,5.0,298.0,2.2018418498295427,6100000.0,0
2808,419700,6.0,1,2.8,4,1.0,2019,1,5,124.0,2339.0,3.049719121437795,358870.96774193546,0
2809,694800,1.0,2,2.0,1,2.0,2020,10,12,73.0,302.0,3.05099914251934,616438.3561643836,0
2810,648980,2.0,1,3.3,4,4.0,2024,4,4,63.0,102.0,6.981167592154956,1182539.6825396826,0
2811,805430,1.0,1,2.0,3,2.0,2025,3,12,91.0,124.0,7.465092246963626,604395.6043956043,0
2812,669420,2.0,1,3.3,3,2.0,2026,4,5,8.0,144.0,6.433274177461227,6750000.0,0
2813,666990,2.0,1,2.7,5,2.0,2025,4,6,94.0,190.0,6.1609122172464845,351063.829787234,0
2814,676110,1.0,2,2.0,3,1.0,2025,2,9,5.0,48.0,3.2520367617189376,10600000.0,0
2815,874300,2.0,1,2.7,4,1.0,1973,1,4,80.0,110.0,4.420618604047616,875000.0,0
2816,482910,1.0,1,2.7,3,4.0,2012,9,14,43.0,70.0,5.024904463680715,546511.3953488372,0
2817,638080,2.0,1,2.85,3,2.0,2026,6,12,6.0,176.0,5.557731861342859,4083333.3333333335,0
2818,738170,1.0,1,2.7,4,1.0,2025,2,5,35.0,258.0,6.220464158341285,685714.2857142857,0
2819,465870,1.0,2,2.0,2,1.0,2008,7,7,2.0,85.0,3.6252973395665165,30750000.0,0
2820,927640,1.0,2,2.0,3,2.0,2026,5,9,137.0,178.0,2.405426249154747,861313.8686131387,0
2821,645250,1.0,2,2.0,1,1.0,2021,6,9,2.0,276.0,3.8481520668427955,25500000.0,0
2822,627220,2.0,1,2.0,4,2.0,2023,2,5,62.0,149.0,6.6688322097376105,570967.7419354839,0
2823,711370,1.0,1,2.0,3,2.0,2017,5,9,2.0,32.0,4.640341379213602,31500000.0,0
2824,708200,2.0,1,2.85,4,2.0,2022,10,12,73.0,105.0,6.519759046888142,657534.2465753425,0
2825,879740,2.0,1,2.85,3,2.0,2024,4,6,70.0,15.0,11.202801754957287,1071428.5714285714,0
2826,724740,2.0,1,3.25,5,2.0,2026,2,5,48.0,42.0,6.432216087171322,1770833.3333333333,0
2827,498290,1.0,1,2.2,3,1.0,2016,5,5,24.0,303.0,10.138187706005315,416666.6666666667,0
2828,638290,1.0,1,2.0,4,1.0,2024,5,5,5.0,150.0,5.94253951562312,4160000.0,0
2829,751490,1.0,2,2.0,1,4.0,2019,17,19,8.0,9.0,3.438850781004771,7575000.0,0
2830,655950,1.0,1,2.0,3,1.0,2026,6,9,65.0,88.0,4.89939162693211,369230.76923076925,0
2831,776030,2.0,1,2.0,4,3.0,1980,5,5,8.0,4975.0,4.531774914858044,6500000.0,0
2832,941700,2.0,2,2.0,4,2.0,2021,6,13,102.0,128.0,3.9553371972335016,1421568.6274509805,0
2833,688890,2.0,1,2.9,4,2.0,2023,2,3,97.0,821.0,6.399050164343398,896907.2164948453,0
2834,748470,2.0,1,2.8,1,2.0,2012,15,16,98.0,274.0,7.069254381894912,352040.8163265306,0
2835,577780,1.0,1,2.7,1,1.0,2022,5,9,39.0,10.0,5.368895228114959,641025.641025641,0
2836,591420,1.0,1,2.0,3,1.0,2025,2,12,9.0,59.0,3.385948205485017,2888888.888888889,0
2837,979370,2.0,1,2.8,1,2.0,2023,12,16,60.0,196.0,6.318829072367021,941666.6666666666,0
2838,861550,2.0,1,2.8,3,2.0,2026,3,3,86.0,72.0,7.859543440606684,697674.4186046511,0
2839,677720,1.0,1,2.0,4,2.0,2025,3,12,40.0,1348.0,4.350241546772765,737500.0,0
2840,582420,2.0,1,2.7,4,1.0,1979,1,3,58.0,15.0,12.789091348262936,560344.8275862068,0
2841,549940,1.0,2,2.8,4,4.0,2009,3,14,101.0,191.0,0.13435887977699174,533663.3663366337,0
2842,655950,1.0,1,2.0,3,1.0,2026,6,12,44.0,275.0,4.256493839991021,536318.1818181818,0
2843,636890,2.0,1,2.5,3,4.0,1968,1,4,4.0,146.0,2.2661366495689865,7375000.0,0
2844,882030,2.0,2,2.0,3,4.0,2026,5,6,1.0,233.0,15.74600615261665,37700000.0,0
2845,845720,2.0,1,2.0,4,2.0,2025,5,9,90.0,45.0,3.041569787103627,955555.5555555555,0
2846,625640,2.0,1,2.7,1,1.0,1999,1,5,80.0,73.0,7.734113999526079,837500.0,0
2847,831750,2.0,1,2.8,3,1.0,1980,5,5,54.0,110.0,5.89138009174161,1203703.7037037036,0
2848,595830,2.0,1,2.7,4,3.0,2011,5,5,5.0,55.0,5.737328055271059,6320000.0,0
2849,646950,2.0,1,2.7,3,2.0,2023,3,3,4.0,231.0,10.083038569020882,7875000.0,0
2850,687240,1.0,1,2.8,3,4.0,2022,7,9,40.0,21.0,5.195857392862587,572500.0,0
2851,596570,1.0,1,2.0,3,1.0,2025,6,9,41.0,23.0,7.775723951408982,573170.731707317,0
2852,693100,2.0,1,2.0,3,2.0,2025,4,9,4.0,859.0,8.347818336329311,6000000.0,0
2853,880850,2.0,1,2.8,4,2.0,2023,6,9,1.0,165.0,1.7096695895524865,52000000.0,0
2854,449770,1.0,1,2.85,4,1.0,2001,5,5,117.0,182.0,6.66870126225012,393162.3931623932,0
2855,242400,,1,2.0,1,4.0,1983,2,5,78.0,82.0,2.919317278437955,250000.0,0
2856,354420,15.0,1,2.0,3,1.0,2007,4,5,6.0,5.0,3.503400488666286,8333333.333333333,0
2857,784630,2.0,1,2.8,1,1.0,2021,2,3,46.0,189.0,6.78121096180744,760869.5652173914,0
2858,668080,1.0,1,2.0,4,1.0,2021,5,10,37.0,38.0,2.02611390075261,1013513.5135135135,0
2859,664070,2.0,1,2.7,3,3.0,1995,1,5,81.0,86.0,1.2628699861450579,740740.7407407408,0
2860,586460,1.0,1,2.0,1,1.0,2022,5,9,37.0,271.0,2.458842934534365,878378.3783783783,0
2861,737560,1.0,1,2.65,3,2.0,2026,4,9,8.0,210.0,5.945281988537409,3500000.0,0
2862,893050,2.0,2,2.0,3,2.0,2024,1,20,2.0,30.0,0.9992119875254819,27750000.0,0
2863,666840,2.0,2,3.1,4,2.0,2010,10,11,110.0,181.0,3.776505117051122,618181.8181818182,0
2864,888660,2.0,1,2.8,3,4.0,2017,7,9,6.0,79.0,2.6858493671504853,18333333.333333332,0
2865,612110,2.0,1,2.0,4,3.0,1980,1,5,9.0,261.0,1.6070439305906306,4444444.444444444,0
2866,684680,2.0,1,2.75,4,2.0,2023,9,9,7.0,129.0,12.373484420110422,5071428.571428572,0
2867,865090,2.0,2,2.0,4,2.0,2025,4,14,82.0,194.0,4.219330607654757,1487804.8780487804,0
2868,572900,2.0,1,2.8,3,1.0,1981,3,3,3.0,312.0,10.057969209903613,11666666.666666666,0
2869,869470,2.0,1,2.7,1,2.0,1970,3,9,66.0,235.0,6.493497658302867,1045454.5454545454,0
2870,891950,2.0,2,3.3,3,2.0,2024,17,17,95.0,294.0,0.9228302344341467,1368421.0526315789,0
2871,720000,2.0,2,2.45,3,4.0,2020,1,5,4.0,45.0,8.815334558602741,11125000.0,0
2872,903580,2.0,1,2.8,1,2.0,2020,4,12,82.0,28.0,7.335257543065439,878048.7804878049,0
2873,636540,2.0,1,2.7,3,2.0,2018,3,5,45.0,0.0,6.9587393557519,544444.4444444445,0
2874,747410,2.0,1,2.8,1,2.0,2011,9,10,3.0,110.0,2.014633988490151,27433333.333333332,0
2875,635570,2.0,1,2.0,3,2.0,2021,2,3,94.0,63.0,14.336814050843142,691489.3617021276,0
2876,865090,2.0,1,3.3,4,2.0,2025,1,19,52.0,71.0,5.3703820188516875,1721153.8461538462,0
2877,632280,1.0,1,2.0,4,1.0,2020,8,9,39.0,1.0,3.3476579045064394,807692.3076923077,0
2878,616540,2.0,1,2.7,4,3.0,1966,2,4,59.0,101.0,1.9173954545502712,711864.406779661,0
2879,638170,2.0,1,2.7,3,2.0,2023,6,10,4.0,105.0,10.790907926959532,11625000.0,0
2880,655950,1.0,1,2.0,3,1.0,2026,6,12,8.0,283.0,4.066433025226337,3437500.0,0
2881,512760,2.0,2,2.9,3,2.0,2010,10,10,4.0,132.0,8.505942263699602,15250000.0,0
2882,543780,1.0,1,2.7,3,1.0,2016,1,5,1.0,105.0,4.254934066348117,20400000.0,0
2883,830820,2.0,1,2.7,1,2.0,1988,12,12,60.0,185.0,1.2554045765770465,750000.0,0
2884,865090,2.0,1,2.0,3,2.0,2025,5,9,54.0,76.0,1.5256414343620337,1129629.6296296297,0
2885,903150,2.0,1,2.7,4,2.0,2023,10,16,75.0,64.0,3.0531298563312097,866666.6666666666,0
2886,575060,1.0,1,2.0,3,4.0,2024,15,16,37.0,237.0,6.333897087322483,616216.2162162162,0
2887,962000,2.0,1,2.8,3,2.0,2020,5,12,83.0,60.0,6.289349876906784,831325.3012048192,0
2888,646950,2.0,1,2.0,3,2.0,2023,3,10,47.0,90.0,8.400936980369796,585106.3829787234,0
2889,726980,1.0,1,2.7,3,2.0,2023,12,13,67.0,180.0,2.6702431104830215,500000.0,0
2890,242400,,1,2.0,1,4.0,1983,2,5,78.0,82.0,2.919317278437955,237179.4871794872,0
2891,354420,15.0,1,2.0,3,1.0,2007,4,5,6.0,7.0,3.503400488666286,8333333.333333333,0
2892,488730,1.0,1,2.7,3,2.0,2007,3,12,5.0,217.0,7.137359961546561,5700000.0,0
2893,776750,1.0,2,2.7,3,4.0,2026,4,12,59.0,102.0,5.037412753123012,830508.4745762711,0
2894,865090,2.0,1,2.8,4,2.0,2025,7,9,6.0,179.0,12.591868788400982,6250000.0,0
2895,693450,2.0,2,2.8,3,2.0,2025,11,13,2.0,68.0,3.994451623309446,37550000.0,0
2896,638080,2.0,1,2.0,3,2.0,2026,3,6,47.0,135.0,5.69011282596251,787234.0425531915,0
2897,774990,2.0,1,2.0,3,2.0,2026,6,9,61.0,281.0,3.2031344572685034,950819.6721311476,0
2898,651320,1.0,2,2.0,1,4.0,2016,2,8,8.0,156.0,3.9518344581498845,5625000.0,0
2899,501990,2.0,1,2.0,3,2.0,2025,3,6,3.0,164.0,8.212683585209877,8000000.0,0
2900,926580,2.0,1,2.95,1,2.0,2015,9,18,8.0,139.0,4.294909850769185,8125000.0,0
2901,628300,2.0,1,2.0,4,2.0,2022,5,8,8.0,32.0,8.603736309862212,3050000.0,0
2902,982360,2.0,1,2.8,1,1.0,1991,5,5,90.0,228.0,4.696611212717051,766666.6666666666,0
2903,748470,2.0,2,2.9,4,2.0,2013,5,10,6.0,189.0,8.438796342226338,13333333.333333334,0
2904,786360,2.0,1,2.9,1,2.0,2012,9,10,48.0,272.0,8.537853542492533,760416.6666666666,0
2905,650650,2.0,1,2.7,3,2.0,2020,10,10,9.0,69.0,7.817806813398757,3944444.4444444445,0
2906,718680,1.0,1,2.7,1,2.0,2022,10,14,50.0,36.0,1.797956028047004,660000.0,0
2907,989790,2.0,1,2.9,4,2.0,2025,14,17,30.0,170.0,2.7395111981411495,950000.0,0
2908,906220,2.0,1,2.0,1,2.0,2022,2,3,8.0,84.0,8.545056115304797,10625000.0,0
2909,846910,2.0,1,2.8,3,2.0,2024,10,13,70.0,319.0,1.45752701150976,627142.8571428572,0
2910,803340,1.0,1,2.0,4,2.0,2021,6,9,65.0,302.0,5.246688928925333,846153.8461538461,0
2911,884280,2.0,1,2.0,3,2.0,2024,1,13,7.0,289.0,1.5079178612600481,5500000.0,0
2912,624030,1.0,1,2.8,3,2.0,2021,10,15,50.0,259.0,8.458514676922452,530000.0,0
2913,385780,1.0,1,2.7,4,3.0,1972,5,5,9.0,216.0,4.08645459880107,2777777.777777778,0
2914,609020,2.0,1,2.75,3,2.0,2022,10,12,2.0,240.0,5.132684639014829,17750000.0,0
2915,534890,2.0,2,2.8,4,2.0,2024,1,9,2.0,240.0,13.985700051672673,19250000.0,0
2916,642070,1.0,1,2.0,3,2.0,2018,5,18,44.0,0.0,1.372492811575534,1045454.5454545454,0
2917,693450,2.0,2,2.8,3,2.0,2025,11,13,2.0,68.0,3.994451623309446,37550000.0,0
2918,638080,2.0,1,2.0,3,2.0,2026,3,6,47.0,135.0,5.69011282596251,787234.0425531915,0
2919,774990,2.0,1,2.0,3,2.0,2026,6,9,61.0,281.0,3.2031344572685034,950819.6721311476,0
2920,651320,1.0,2,2.0,1,4.0,2016,2,8,8.0,156.0,3.9518344581498845,5625000.0,0
2921,501990,2.0,1,2.0,3,2.0,2025,3,6,3.0,164.0,8.212683585209877,8000000.0,0
2922,926580,2.0,1,2.95,1,2.0,2015,9,18,8.0,139.0,4.294909850769185,8125000.0,0
2923,559990,8.0,1,2.0,3,4.0,2025,1,9,5.0,3073.0,6.833134701597969,4200000.0,0
2924,650040,1.0,1,2.0,3,1.0,2025,8,12,50.0,6022.0,2.7718114262342577,796000.0,0
2925,476050,1.0,1,2.0,1,4.0,2005,5,16,87.0,426.0,3.2978205231437077,517241.3793103448,0
2926,513930,4.0,1,2.7,4,2.0,2020,3,10,42.0,6407.0,2.9219629293785037,559523.8095238095,0
2927,605610,1.0,1,2.0,3,1.0,2025,10,12,38.0,790.0,3.3753748851265137,881578.947368421,0
2928,382900,15.0,2,2.7,1,1.0,2012,2,5,90.0,961.0,0.7692383089373694,333333.3333333333,0
2929,371740,7.0,1,2.8,4,1.0,1987,5,5,40.0,6625.0,1.2291284981661434,300000.0,0
2930,857790,2.0,2,2.0,3,2.0,2025,14,16,110.0,366.0,1.9055170437596203,836363.6363636364,0
2931,679310,2.0,1,2.7,1,2.0,2020,2,9,42.0,267.0,10.0979842224502,690476.1904761905,0
2932,457750,14.0,1,2.5,3,3.0,1988,3,10,4.0,934.0,4.633664012450141,4250000.0,0
2933,740910,1.0,1,2.0,3,2.0,2025,7,9,41.0,3980.0,8.062431389956437,582926.8292682926,0
2934,642070,1.0,1,2.0,3,2.0,2018,5,12,55.0,84.0,2.2905836593229005,581818.1818181818,0
2935,748470,2.0,2,2.8,4,2.0,2012,4,16,132.0,151.0,7.08243570630174,405303.0303030303,0
2936,631660,2.0,1,2.0,3,2.0,2024,2,5,47.0,101.0,6.859346137283466,500000.0,0
2937,589800,1.0,1,2.65,4,2.0,2026,9,12,35.0,251.0,6.746218079744984,628571.4285714285,0
2938,864170,2.0,1,2.0,3,2.0,2025,3,9,50.0,5530.0,3.0528143389612783,1040000.0,0
2939,830270,1.0,2,2.0,3,2.0,2023,3,23,96.0,308.0,4.454555385963799,1244791.6666666667,0
2940,563930,1.0,1,2.7,3,1.0,2026,4,12,3.0,283.0,6.895887823239945,6933333.333333333,0
2941,758900,1.0,1,2.0,3,2.0,2021,5,8,45.0,104.0,4.920836626027782,911111.1111111111,0
2942,892660,2.0,1,2.0,1,2.0,2021,2,10,4.0,101.0,7.8140391150100506,8250000.0,0
2943,638660,2.0,1,2.7,1,1.0,1989,5,5,35.0,69.0,14.849979323433343,500000.0,0
2944,871840,2.0,2,2.0,3,4.0,2020,2,3,70.0,296.0,7.097961525549777,957142.8571428572,0
2945,854300,2.0,1,2.7,4,2.0,2013,2,6,2.0,183.0,3.319663535334133,28250000.0,0
2946,745860,1.0,2,2.0,3,1.0,2021,12,12,124.0,126.0,2.9738589553305794,749596.7741935484,0
2947,685720,2.0,1,2.7,3,2.0,2022,6,12,39.0,218.0,7.581796300022536,820512.8205128205,0
2948,667430,1.0,1,2.0,3,1.0,2024,10,12,95.0,151.0,5.147855356556629,542105.2631578947,0
2949,646950,2.0,1,2.7,3,2.0,2023,3,9,3.0,329.0,7.966104690794464,10166666.666666666,0
2950,684520,2.0,1,2.0,4,4.0,2024,1,5,6.0,89.0,12.240022337262637,6666666.666666667,0
2951,805430,1.0,2,2.0,3,2.0,2025,3,12,89.0,149.0,1.3593577677822104,865168.5393258428,0
2952,666990,2.0,1,2.85,3,2.0,2025,8,12,4.0,285.0,5.326338778221954,5360000.0,0
2953,745000,2.0,2,2.8,1,2.0,2012,20,21,95.0,50.0,0.6243078836905032,589473.6842105263,0
2954,669420,2.0,1,2.7,3,2.0,2026,3,9,40.0,179.0,7.94484973690646,550000.0,0
2955,540380,2.0,1,2.3,2,3.0,1976,4,4,4.0,14.0,14.039554751429797,6375000.0,0
2956,890060,2.0,1,2.8,3,1.0,1986,5,5,7.0,55.0,2.9011881322168196,6142857.142857143,0
2957,880850,2.0,1,2.7,3,2.0,2023,14,16,42.0,196.0,2.9937686654278135,1261904.761904762,0
2958,835790,2.0,1,2.8,1,3.0,1982,1,5,6.0,186.0,1.9831145546008566,2083333.3333333333,0
2959,741680,2.0,1,2.0,4,3.0,1970,3,4,45.0,68.0,6.213490023511171,755555.5555555555,0
2960,685720,2.0,1,2.7,4,2.0,2022,6,10,31.0,204.0,8.37019964014701,725806.4516129033,0
2961,580540,1.0,1,2.7,3,2.0,2014,2,9,5.0,203.0,3.71308131051006,4740000.0,0
2962,538710,8.0,1,2.8,3,2.0,2025,2,9,43.0,110.0,3.7164531204991023,569767.4418604651,0
2963,673490,1.0,1,2.0,4,1.0,2023,4,10,42.0,15.0,2.3221071560253037,833333.3333333334,0
2964,622020,2.0,1,2.0,4,2.0,2023,2,5,36.0,28.0,6.781005020980116,750000.0,0
2965,766090,2.0,1,2.0,1,2.0,2019,10,12,98.0,135.0,4.109369967687948,897959.1836734693,0
2966,896170,2.0,1,2.74,3,1.0,1986,2,5,6.0,296.0,2.7790937956903137,10500000.0,0
2967,873900,2.0,1,2.0,5,2.0,2024,3,33,63.0,308.0,5.879691222618004,1285714.2857142857,0
2968,671940,2.0,1,2.7,4,4.0,2026,3,9,56.0,275.0,10.714029107652639,571428.5714285715,0
2969,666840,2.0,2,3.1,4,2.0,2010,9,11,1.0,217.0,3.81791246929855,75000000.0,0
2970,865090,2.0,1,3.3,4,2.0,2025,1,19,52.0,76.0,5.3703820188516875,1721153.8461538462,0
2971,677720,1.0,1,2.0,4,2.0,2025,11,19,30.0,15.0,2.236197255302275,1016666.6666666666,0
2972,801010,2.0,1,2.7,1,1.0,1978,4,4,9.0,145.0,3.396928336026602,3333333.3333333335,0
2973,860170,1.0,1,2.0,3,2.0,2023,6,9,120.0,283.0,4.8202434679595445,791666.6666666666,0
2974,907060,1.0,2,2.0,4,2.0,2021,9,17,147.0,33.0,2.8453242405055437,972789.1156462585,0
2975,803340,1.0,2,2.0,3,2.0,2021,12,13,100.0,142.0,3.20542037840146,950000.0,0
2976,747410,2.0,2,2.8,2,2.0,2011,12,20,5.0,282.0,0.13226425491046037,14900000.0,0
2977,646950,2.0,1,2.0,3,2.0,2021,9,10,5.0,29.0,7.743776218470633,8100000.0,0
2978,903150,2.0,2,2.0,4,2.0,2023,4,16,110.0,64.0,1.6407125260822266,763636.3636363636,0
2979,685720,2.0,1,2.7,4,2.0,2024,2,4,9.0,62.0,8.047341892689806,3055555.5555555555,0
2980,472690,1.0,1,2.7,1,2.0,2016,4,21,3.0,243.0,4.846067764859892,16000000.0,0
2981,669420,2.0,1,2.0,3,2.0,2026,6,9,5.0,337.0,8.457061149086588,4400000.0,0
2982,964560,2.0,1,2.8,4,4.0,2025,1,10,2.0,177.0,1.7451426519713538,20000000.0,0
2983,859840,1.0,2,2.0,3,2.0,2019,10,13,112.0,348.0,1.6922524627805327,669642.8571428572,0
2984,628640,2.0,1,2.7,3,2.0,2024,1,6,2.0,159.0,4.870277575518701,20000000.0,0
2985,569360,1.0,2,2.0,1,4.0,2007,7,13,207.0,30.0,1.0281585266544204,816425.1207729469,0
2986,983500,2.0,1,2.0,3,4.0,2008,1,5,95.0,128.0,6.78543046368516,1368421.0526315789,0
2987,441740,1.0,2,2.0,1,1.0,2006,9,9,106.0,210.0,6.250753709498832,400943.3962264151,0
2988,745000,2.0,1,2.8,3,2.0,2012,8,22,80.0,126.0,0.7310841884468777,787500.0,0
2989,507010,1.0,2,2.0,1,1.0,2016,4,12,112.0,82.0,4.128683878268144,669642.8571428572,0
2990,885750,2.0,2,2.0,3,2.0,2025,18,20,7.0,43.0,1.0273346620509904,10000000.0,0
2991,881110,2.0,1,2.0,3,2.0,2026,14,15,57.0,95.0,2.772565134948953,1000000.0,0
2992,646950,2.0,1,2.8,3,2.0,2024,1,10,61.0,241.0,8.118266923629621,524590.1639344263,0
2993,643500,1.0,1,2.0,3,1.0,2020,8,10,92.0,136.0,3.457025669915164,760869.5652173914,0
2994,893050,2.0,1,3.3,3,2.0,2024,2,3,6.0,84.0,8.517608239738811,13333333.333333334,0
2995,369830,4.0,1,2.5,4,3.0,2006,4,5,84.0,60.0,12.996282287939907,357142.85714285716,0
2996,580540,1.0,1,2.7,3,2.0,2014,2,9,5.0,203.0,3.71308131051006,4740000.0,0
2997,538710,8.0,1,2.8,3,2.0,2025,2,9,43.0,111.0,3.7164531204991023,525581.3953488372,0
2998,673490,1.0,1,2.0,4,1.0,2023,4,10,42.0,15.0,2.3221071560253037,833333.3333333334,0
2999,622020,2.0,1,2.0,4,2.0,2023,2,5,36.0,28.0,6.781005020980116,750000.0,0
3000,766090,2.0,1,2.0,1,2.0,2019,10,12,98.0,135.0,4.109369967687948,897959.1836734693,0
3001,725440,2.0,1,2.0,3,2.0,2012,5,14,76.0,62.0,3.2513850152389496,750000.0,0
3002,650650,2.0,1,2.7,4,2.0,2020,2,6,59.0,298.0,7.575422440824765,627118.6440677966,0
3003,650040,1.0,1,2.0,3,1.0,2025,12,12,43.0,214.0,6.722428003848491,439534.88372093026,0
3004,676110,1.0,1,2.0,3,1.0,2025,4,9,88.0,131.0,3.0485930671609762,727272.7272727273,0
3005,310790,6.0,1,2.5,1,3.0,1975,4,5,31.0,1116.0,2.8972099303397862,332258.06451612903,0
3006,775870,1.0,1,2.0,3,4.0,2025,5,14,12.0,60.0,4.954315117329065,4291666.666666667,0
3007,745000,2.0,2,2.8,4,2.0,2012,5,18,2.0,224.0,0.30121421504723267,39500000.0,0
3008,683170,1.0,1,2.0,3,2.0,2026,8,12,36.0,270.0,4.064407664734419,722222.2222222222,0
3009,708200,2.0,1,2.7,4,2.0,2022,4,9,60.0,176.0,7.820495404380815,683333.3333333334,0
3010,631280,2.0,2,2.7,4,2.0,2025,11,12,94.0,183.0,5.820120858593318,968085.1063829787,0
3011,859840,1.0,2,2.0,3,2.0,2019,10,13,112.0,348.0,1.6922524627805327,669642.8571428572,0
3012,628640,2.0,1,2.7,3,2.0,2024,1,6,2.0,160.0,4.870277575518701,20000000.0,0
3013,569360,1.0,2,2.0,1,4.0,2007,7,13,207.0,30.0,1.0281585266544204,816425.1207729469,0
3014,983500,2.0,1,2.0,3,4.0,2008,1,5,95.0,128.0,6.78543046368516,1368421.0526315789,0
3015,441740,1.0,2,2.0,1,1.0,2006,9,9,106.0,210.0,6.250753709498832,400943.3962264151,0
3016,745000,2.0,1,2.8,3,2.0,2012,8,22,80.0,126.0,0.7310841884468777,787500.0,0
3017,507010,1.0,2,2.0,1,1.0,2016,4,12,112.0,82.0,4.128683878268144,669642.8571428572,0
3018,885750,2.0,2,2.0,3,2.0,2025,18,20,7.0,43.0,1.0273346620509904,10000000.0,0
3019,881110,2.0,1,2.0,3,2.0,2026,14,15,57.0,95.0,2.772565134948953,1000000.0,0
3020,646950,2.0,1,2.8,3,2.0,2024,1,10,61.0,241.0,8.118266923629621,524590.1639344263,0
3021,643500,1.0,1,2.0,3,1.0,2020,8,10,92.0,136.0,3.457025669915164,760869.5652173914,0
3022,893050,2.0,1,3.3,3,2.0,2024,2,3,6.0,84.0,8.517608239738811,13333333.333333334,0
3023,435130,1.0,1,2.0,3,3.0,2026,2,9,87.0,351.0,5.7565372832752235,424414.9425287356,0
3024,920870,2.0,1,2.7,4,2.0,2014,14,17,7.0,170.0,1.666404710523084,12142857.142857144,0
3025,517780,1.0,1,2.7,3,2.0,2014,5,10,56.0,27.0,6.510142724310419,455357.14285714284,0
3026,797240,1.0,1,2.0,4,2.0,2025,10,17,58.0,219.0,2.7159231873304814,982758.6206896552,0
3027,740910,1.0,1,2.0,4,2.0,2025,5,12,44.0,1363.0,4.122923023714076,761363.6363636364,0
3028,345410,13.0,1,2.8,3,1.0,2018,1,3,55.0,348.0,3.21238870686638,305454.54545454547,0
3029,706130,2.0,1,2.6,3,3.0,1976,3,5,63.0,108.0,3.7253118836344945,857142.8571428572,0
3030,535010,1.0,1,2.0,4,2.0,2007,5,9,8.0,490.0,0.16889598409146775,7500000.0,0
3031,641880,1.0,1,2.0,3,1.0,2022,2,9,43.0,112.0,2.399176746221527,783720.9302325582,0
3032,668590,1.0,1,2.0,4,2.0,2024,7,9,6.0,1028.0,6.850186907400673,3333333.3333333335,0
3033,842350,2.0,2,2.0,1,2.0,2009,4,16,6.0,426.0,1.1394680204146,11833333.166666666,0
3034,670910,2.0,1,2.8,3,2.0,2024,2,5,5.0,442.0,12.278211260056093,7000000.0,0
3035,521630,1.0,2,3.2,3,1.0,2010,4,5,190.0,2498.0,2.8048317379201024,605263.1578947369,0
3036,931890,2.0,1,2.5,2,1.0,1959,4,4,2.0,12360.0,5.629721452089426,23500000.0,0
3037,634420,1.0,1,2.8,3,2.0,2021,18,21,94.0,21.0,2.8903813439385933,723404.2553191489,0
3038,740910,1.0,1,2.0,3,2.0,2025,11,14,43.0,3420.0,4.551846880820805,672093.023255814,0
3039,677720,1.0,1,2.7,3,2.0,2025,13,16,7.0,126.0,5.248784394859572,2828571.285714286,0
3040,954100,2.0,1,2.7,4,2.0,2014,17,18,42.0,174.0,1.6312046050473097,785714.2857142857,0
3041,454640,13.0,2,2.8,3,2.0,2021,9,9,6.0,1537.0,24.11934795249753,15000000.0,0
3042,543780,1.0,1,2.7,3,1.0,2016,3,8,39.0,150.0,5.385911373718777,551282.0512820513,0
3043,548050,2.0,1,2.7,3,2.0,2010,4,6,36.0,588.0,12.886338279643443,527777.7777777778,0
3044,732820,1.0,1,2.65,3,2.0,2023,1,12,4.0,18.0,5.271178432460657,6125000.0,0
3045,713750,2.0,1,2.8,4,3.0,1975,1,5,7.0,117.0,5.066926826675499,7000000.0,0
3046,745860,1.0,2,2.0,3,1.0,2021,12,12,124.0,126.0,2.9738589553305794,749596.7741935484,0
3047,655630,2.0,2,2.85,4,2.0,2016,9,16,135.0,81.0,7.35741170051573,337037.037037037,0
3048,630170,1.0,1,2.0,3,4.0,2023,12,12,40.0,147.0,1.13654729812478,775000.0,0
3049,590070,2.0,2,2.7,3,2.0,2016,11,12,7.0,31.0,4.967629424189961,5071428.571428572,0
3050,562230,1.0,1,3.3,4,1.0,2022,8,11,33.0,192.0,4.216474741763913,693939.3939393939,0
3051,846910,2.0,1,2.0,4,2.0,2024,2,13,7.0,136.0,1.4932253590449285,8857142.857142856,0
3052,646950,2.0,1,2.0,4,2.0,2022,1,10,63.0,186.0,8.27428822765846,714285.7142857143,0
3053,688610,1.0,2,2.0,3,1.0,2026,10,12,3.0,320.0,3.7357767212994024,18333333.333333332,0
3054,661300,2.0,1,2.0,4,1.0,1974,5,5,55.0,87.0,2.858543936473098,700000.0,0
3055,669420,2.0,1,2.0,3,2.0,2026,6,9,7.0,156.0,8.490466038154475,5400000.0,0
3056,903150,2.0,1,2.0,3,2.0,2023,3,20,80.0,29.0,5.2650785204834385,1225000.0,0
3057,543600,1.0,1,2.7,3,1.0,2023,12,12,47.0,186.0,6.816996274305897,585106.3617021276,0
3058,880850,2.0,1,2.0,4,2.0,2023,16,18,52.0,83.0,1.5817277599821467,1153846.1538461538,0
3059,694800,1.0,1,2.0,3,2.0,2020,2,9,8.0,149.0,5.746803650987368,3312500.0,0
3060,595240,2.0,1,2.8,3,4.0,2012,1,5,40.0,149.0,5.820044782040618,625000.0,0
3061,461560,14.0,1,2.7,4,1.0,2014,6,9,5.0,1173.0,2.756923865812194,4700000.0,0
3062,720210,1.0,1,2.0,1,2.0,2019,12,21,50.0,5353.0,2.7828264380105026,780000.0,0
3063,586530,1.0,1,2.7,1,2.0,2012,2,12,87.0,767.0,0.18723919182961932,505747.1264367816,0
3064,458140,1.0,1,2.0,3,1.0,2007,11,11,53.0,395.0,5.8847533141874715,386792.4528301887,0
3065,630170,1.0,1,2.0,3,4.0,2023,12,12,40.0,147.0,1.13654729812478,775000.0,0
3066,590070,2.0,2,2.7,3,2.0,2016,11,12,7.0,31.0,4.967629424189961,5071428.571428572,0
3067,562230,1.0,1,3.3,4,1.0,2022,8,11,33.0,192.0,4.216474741763913,693939.3939393939,0
3068,846910,2.0,1,2.0,4,2.0,2024,2,13,7.0,136.0,1.4932253590449285,8857142.857142856,0
3069,646950,2.0,1,2.0,4,2.0,2022,1,10,63.0,186.0,8.27428822765846,714285.7142857143,0
3070,688610,1.0,2,2.0,3,1.0,2026,10,12,3.0,320.0,3.7357767212994024,18333333.333333332,0
3071,661300,2.0,1,2.0,4,1.0,1974,5,5,55.0,87.0,2.858543936473098,700000.0,0
3072,669420,2.0,1,2.0,3,2.0,2026,6,9,7.0,156.0,8.490466038154475,5400000.0,0
3073,903150,2.0,1,2.0,3,2.0,2023,3,20,80.0,30.0,5.2650785204834385,1225000.0,0
3074,543600,1.0,1,2.7,3,1.0,2023,12,12,47.0,186.0,6.816996274305897,585106.3617021276,0
3075,880850,2.0,1,2.0,4,2.0,2023,16,18,52.0,83.0,1.5817277599821467,1153846.1538461538,0
3076,694800,1.0,1,2.0,3,2.0,2020,2,9,8.0,149.0,5.746803650987368,3312500.0,0
3077,631060,2.0,1,2.0,4,4.0,2024,5,5,50.0,132.0,6.626160661558216,700000.0,0
3078,624030,1.0,1,2.7,2,2.0,2021,7,9,75.0,172.0,9.265209064739446,346533.3333333333,0
3079,854130,2.0,1,2.0,3,2.0,2024,11,13,4.0,306.0,1.4145660400419617,8350000.0,0
3080,472690,1.0,1,2.7,1,2.0,2016,4,21,3.0,247.0,4.846067764859892,16000000.0,0
3081,474340,1.0,1,2.5,3,4.0,1982,5,5,2.0,170.0,10.617324271029776,8250000.0,0
3082,713240,2.0,1,2.0,4,2.0,2025,8,12,5.0,29.0,6.274976869292441,9800000.0,0
3083,587760,1.0,1,2.75,3,2.0,2024,12,12,41.0,91.0,5.237651422197938,487804.85365853657,0
3084,901160,2.0,1,2.0,3,2.0,2021,7,7,1.0,282.0,3.029033105111217,75000000.0,0
3085,677720,1.0,1,2.0,4,2.0,2025,14,16,6.0,136.0,5.589841050824735,4666666.666666667,0
3086,702940,2.0,1,2.7,1,2.0,2019,2,12,7.0,76.0,4.650397955354121,4000000.0,0
3087,740230,1.0,1,2.75,3,2.0,2024,3,9,4.0,222.0,7.684117742733952,5500000.0,0
3088,708580,1.0,1,2.0,4,2.0,2021,7,12,65.0,93.0,3.116452166536844,723076.9230769231,0
3089,885750,2.0,1,2.8,3,2.0,2025,10,16,3.0,226.0,2.6990560315855805,18333333.333333332,0
3090,646950,2.0,1,2.7,1,2.0,2022,1,10,2.0,95.0,7.482811321746058,21000000.0,0
3091,549760,1.0,1,2.7,3,1.0,2019,2,7,38.0,157.0,5.385911373718777,539473.6842105263,0
3092,551830,1.0,2,2.0,3,2.0,2023,14,17,130.0,248.0,4.234329903597493,1076923.076923077,0
3093,708200,2.0,2,2.7,4,2.0,2021,3,10,85.0,169.0,7.580188822313435,576470.5882352941,0
3094,684680,2.0,1,2.6,3,2.0,2024,4,5,42.0,91.0,11.280705821942712,833333.3333333334,0
3095,461560,14.0,1,2.7,4,1.0,2014,6,9,5.0,1174.0,2.756923865812194,4700000.0,0
3096,805430,1.0,1,2.0,3,2.0,2025,13,14,65.0,1444.0,4.05768524316463,723076.9230769231,0
3097,624030,1.0,1,2.7,1,2.0,2021,8,10,71.0,3011.0,9.294641489532042,378873.23943661974,0
3098,509690,1.0,1,2.0,3,1.0,2019,9,16,7.0,13.0,5.8625483970937635,3357142.8571428573,0
3099,740230,1.0,1,2.0,3,2.0,2024,16,22,32.0,165.0,2.6188556084570433,1000000.0,0
3100,797790,2.0,1,2.7,3,2.0,2025,16,17,30.0,205.0,2.7395111981411495,800000.0,0
3101,801130,1.0,1,2.9,3,2.0,2024,2,6,74.0,183.0,6.200283156532586,364864.86486486485,0
3102,846910,2.0,2,2.0,3,2.0,2024,9,12,8.0,203.0,1.7517550299834888,10100000.0,0
3103,660430,2.0,1,2.75,4,1.0,1994,5,6,4.0,128.0,7.817755665235542,8925000.0,0
3104,610460,2.0,1,2.7,3,2.0,2014,11,13,7.0,153.0,4.650805249798027,3428571.4285714286,0
3105,523780,1.0,2,2.0,4,2.0,2015,2,7,124.0,152.0,3.115933208662771,822580.6451612903,0
3106,614500,1.0,1,2.7,4,3.0,2025,5,14,35.0,90.0,2.829613338137473,757142.8571428572,0
3107,670910,2.0,1,2.0,2,2.0,2022,1,5,5.0,68.0,13.859656167913023,9000000.0,0
3108,880850,2.0,2,2.7,4,2.0,2023,12,14,50.0,190.0,2.8232794356907425,995000.0,0
3109,602490,2.0,1,2.8,3,3.0,1990,1,5,5.0,209.0,4.114983581824299,7900000.0,0
3110,500670,2.0,1,2.7,1,2.0,2011,7,9,69.0,224.0,4.978733478742249,500000.0,0
3111,622250,2.0,1,2.6,3,2.0,2023,7,10,76.0,174.0,5.055128322255441,559210.5263157894,0
3112,597170,1.0,1,2.7,3,1.0,2026,11,12,25.0,88.0,6.852511253750583,515200.0,0
3113,604620,1.0,1,2.7,3,2.0,2021,4,10,5.0,167.0,6.321258642312261,4699998.0,0
3114,472690,1.0,1,2.7,1,2.0,2016,4,21,3.0,248.0,4.846067764859892,16000000.0,0
3115,474340,1.0,1,2.5,3,4.0,1982,5,5,2.0,170.0,10.617324271029776,8250000.0,0
3116,666840,2.0,2,3.1,4,2.0,2010,9,11,1.0,217.0,3.81791246929855,75000000.0,0
3117,679310,2.0,1,2.0,3,2.0,2020,4,9,27.0,305.0,10.677254652058597,740740.7407407408,0
3118,589560,1.0,1,2.7,3,1.0,2023,4,4,4.0,99.0,8.838531193180861,2825000.0,0
3119,618040,1.0,1,3.15,3,2.0,2025,9,16,47.0,22.0,3.0472176870201477,827659.5744680851,0
3120,701410,1.0,1,2.0,3,4.0,2025,6,9,3.0,290.0,3.053356230550174,11800000.0,0
3121,746010,1.0,1,2.0,3,1.0,2026,8,12,52.0,66.0,4.651785308997576,673076.9230769231,0
3122,737560,1.0,1,2.0,3,2.0,2026,11,14,38.0,91.0,6.23445774940676,671052.6315789474,0
3123,488200,1.0,1,2.8,1,1.0,2008,1,9,3.0,295.0,5.709897802323558,11333333.333333334,0
3124,537220,1.0,2,2.7,3,2.0,2022,9,9,1.0,263.0,5.442104847186617,42000000.0,0
3125,690320,2.0,1,2.0,1,1.0,2007,2,5,89.0,54.0,3.540084933962788,651685.3932584269,0
3126,865090,2.0,1,2.0,4,2.0,2025,7,16,70.0,300.0,1.8812615375990982,1000000.0,0
3127,687240,1.0,2,2.7,4,4.0,2022,3,3,50.0,227.0,11.047657123616693,358000.0,0
3128,678320,2.0,1,2.8,4,2.0,2025,2,10,80.0,210.0,3.84987068739421,737500.0,0
3129,624030,1.0,1,2.7,1,2.0,2021,8,10,71.0,3012.0,9.294641489532042,378873.23943661974,0
3130,740230,1.0,1,2.0,3,2.0,2024,16,22,32.0,165.0,2.6188556084570433,1000000.0,0
3131,797790,2.0,1,2.7,3,2.0,2025,16,17,30.0,205.0,2.7395111981411495,800000.0,0
3132,801130,1.0,1,2.9,3,2.0,2024,2,6,74.0,183.0,6.200283156532586,364864.86486486485,0
3133,846910,2.0,2,2.0,3,2.0,2024,9,12,8.0,203.0,1.7517550299834888,10100000.0,0
3134,660430,2.0,1,2.75,4,1.0,1994,5,6,4.0,128.0,7.817755665235542,8925000.0,0
3135,610460,2.0,1,2.7,3,2.0,2014,11,13,7.0,153.0,4.650805249798027,3428571.4285714286,0
3136,523780,1.0,2,2.0,4,2.0,2015,2,7,124.0,152.0,3.115933208662771,822580.6451612903,0
3137,472340,1.0,1,2.7,4,2.0,2010,10,14,60.0,173.0,5.9220200451414415,526666.6666666666,0
3138,742610,1.0,1,2.0,3,2.0,2018,13,20,94.0,79.0,1.6652343859067427,521276.59574468085,0
3139,450340,1.0,2,2.7,2,1.0,2008,10,12,4.0,627.0,5.758470534726277,12375000.0,0
3140,405580,1.0,1,2.0,1,1.0,1997,5,5,82.0,5052.0,4.011666481462263,420731.7073170732,0
3141,435600,4.0,1,2.5,3,4.0,1989,2,5,53.0,6972.0,1.6180315895690163,481132.07547169813,0
3142,797240,1.0,1,2.0,3,2.0,2025,14,22,55.0,316.0,3.482705008709324,1090909.0909090908,0
3143,740910,1.0,1,2.0,4,2.0,2025,17,18,43.0,1238.0,2.809763670886701,762790.6976744186,0
3144,813500,1.0,1,2.0,4,2.0,2026,10,12,68.0,761.0,4.393256162702108,660294.1176470588,0
3145,880010,2.0,1,2.0,1,1.0,1989,3,5,44.0,781.0,4.920203141458839,954545.4545454546,0
3146,578640,1.0,1,2.0,3,1.0,2020,12,15,50.0,403.0,4.517253132513405,712000.0,0
3147,740910,1.0,2,2.0,3,2.0,2025,5,9,66.0,1617.0,2.652184303455103,981818.1818181818,0
3148,551830,1.0,1,2.0,3,1.0,2021,5,9,38.0,14.0,4.522395147769382,707894.7368421053,0
3149,697970,1.0,1,2.7,3,2.0,2018,11,17,57.0,2688.0,1.814291781693517,640350.8771929825,0
3150,997820,2.0,2,2.0,3,2.0,2007,2,14,146.0,726.0,6.840550082604273,993150.6849315069,0
3151,861550,2.0,1,2.85,3,2.0,2026,9,16,2.0,739.0,1.7084563749867934,22600000.0,0
3152,726980,1.0,1,3.1,4,2.0,2023,6,22,66.0,155.0,1.1600712699129627,1060606.0454545454,0
3153,740910,1.0,1,2.0,4,2.0,2025,10,14,55.0,89.0,2.5716756608252305,836363.6181818182,0
3154,659580,2.0,2,2.0,4,2.0,2010,2,5,140.0,554.0,11.1416435828604,592857.1428571428,0
3155,404140,3.0,1,2.5,4,1.0,1971,1,5,44.0,10305.0,0.5801165602403676,568181.8181818182,0
3156,959340,2.0,2,3.3,4,2.0,2016,5,7,148.0,24840.0,6.088852484314928,1114864.8648648649,0
3157,388070,6.0,1,2.0,3,1.0,2019,3,5,108.0,3046.0,0.3405023052985785,393518.51851851854,0
3158,910380,2.0,2,2.0,1,1.0,2010,3,4,5.0,124.0,8.864668241391907,15940000.0,0
3159,650040,1.0,1,2.0,3,1.0,2025,12,12,55.0,250.0,6.752738102102132,436363.63636363635,0
3160,992820,2.0,2,2.8,4,2.0,2019,12,16,80.0,226.0,3.7620160500839797,1112500.0,0
3161,992820,2.0,1,3.3,4,2.0,2019,7,8,60.0,292.0,7.162800887629207,1000000.0,0
3162,490340,1.0,2,2.8,3,1.0,2014,4,9,4.0,208.0,4.075516063968231,19500000.0,0
3163,874300,2.0,1,2.7,4,1.0,1970,4,4,8.0,175.0,2.443505072949673,8562500.0,0
3164,712640,2.0,1,2.8,3,3.0,1990,2,5,43.0,135.0,3.916373119391417,686046.5116279069,0
3165,646950,2.0,1,2.7,4,2.0,2023,6,11,52.0,114.0,8.256004020286131,673076.9038461539,0
3166,718370,2.0,1,2.8,1,3.0,2008,7,10,25.0,304.0,4.071515511017583,820000.0,0
3167,740910,1.0,1,2.0,4,2.0,2025,8,17,9.0,27.0,1.3798459837355181,4555555.555555556,0
3168,590330,1.0,1,2.7,1,1.0,2023,8,9,36.0,174.0,6.321493847035362,611111.1111111111,0
3169,743600,1.0,1,2.8,3,2.0,2020,9,12,68.0,285.0,4.219568708575408,817647.0588235294,0
3170,747720,1.0,1,2.0,3,2.0,2026,3,9,59.0,261.0,6.23445774940676,686440.6779661017,0
3171,754320,1.0,2,2.0,3,1.0,2024,12,12,4.0,15.0,3.7637358742350107,18000000.0,0
3172,751810,1.0,1,2.0,3,2.0,2020,2,12,86.0,233.0,3.16144467174531,674418.023255814,0
3173,670370,1.0,2,3.3,3,2.0,2025,5,7,109.0,215.0,966.6593086061075,899082.5688073394,0
3174,828250,2.0,1,2.7,4,2.0,2023,10,16,5.0,111.0,3.325577576777122,14600000.0,0
3175,562600,1.0,1,2.0,3,2.0,2018,11,23,82.0,5.0,4.244958073494234,536585.3658536585,0
3176,685280,2.0,1,2.7,3,4.0,2023,9,10,8.0,68.0,6.480174086148313,2750000.0,0
3177,571710,1.0,1,2.7,1,2.0,2011,13,14,93.0,224.0,1.2958219191738254,462365.59139784944,0
3178,660100,2.0,1,2.6,1,2.0,2020,1,2,23.0,151.0,2.4349198273312593,608695.6521739131,0
3179,818720,2.0,1,2.8,1,3.0,1981,2,9,39.0,251.0,0.8119934296361974,807692.3076923077,0
3180,775200,2.0,1,2.6,1,3.0,1973,1,4,34.0,243.0,3.651147186220483,735294.1176470588,0
3181,764120,2.0,1,2.0,3,2.0,2025,2,6,5.0,186.0,6.073877689220305,15000000.0,0
3182,559690,2.0,1,2.7,1,3.0,1981,1,3,43.0,282.0,15.934343303960436,639534.8837209302,0
3183,610460,2.0,1,2.8,4,2.0,2014,6,9,4.0,113.0,7.591603404335879,7000000.0,0
3184,646950,2.0,1,2.7,4,2.0,2021,9,10,50.0,91.0,7.580428603965801,580000.0,0
3185,526030,1.0,1,2.0,3,1.0,2000,1,6,3.0,242.0,3.89768327375872,18000000.0,0
3186,843040,2.0,2,2.7,4,2.0,2006,13,13,127.0,313.0,0.8052935846269259,559055.1181102362,0
3187,867690,2.0,1,2.0,4,2.0,2022,2,3,69.0,166.0,8.859676594474026,1014492.7536231884,0
3188,638370,1.0,1,2.7,1,3.0,2018,15,16,36.0,22.0,4.731804095829717,638888.8888888889,0
3189,560830,1.0,1,2.8,3,2.0,2009,8,12,68.0,18.0,0.9029262287126499,566176.4705882353,0
3190,548640,1.0,1,2.0,3,1.0,2018,3,8,55.0,149.0,6.736145640484551,563636.3636363636,0
3191,714580,2.0,1,2.6,1,3.0,1972,1,4,3.0,19.0,3.041148243053512,15333333.333333334,0
3192,740910,1.0,1,2.0,4,2.0,2025,5,9,37.0,300.0,2.9142640004760216,851351.3513513514,0
3193,683170,1.0,1,2.0,3,2.0,2026,2,9,71.0,146.0,5.1469509809552445,285915.4929577465,0
3194,640880,2.0,1,2.8,1,1.0,1988,5,5,32.0,260.0,3.118065321697813,843750.0,0
3195,680580,2.0,1,2.7,3,2.0,2025,7,8,5.0,153.0,11.614743942523322,4060000.0,0
3196,701270,2.0,2,2.8,4,1.0,2007,10,10,6.0,278.0,4.317643084570649,10333333.333333334,0
3197,638080,2.0,1,2.0,5,2.0,2026,8,11,60.0,185.0,6.322909714719382,458333.3333333333,0
3198,935800,2.0,1,2.7,4,1.0,1967,1,4,3.0,141.0,7.638087231605301,10666666.666666666,0
3199,631060,2.0,1,2.0,4,4.0,2024,2,12,8.0,326.0,1.6870451497022365,5125000.0,0
3200,602320,2.0,1,2.0,2,3.0,1968,2,4,9.0,130.0,3.2062338577061866,3611111.111111111,0
3201,407100,16.0,1,2.5,4,3.0,1985,6,9,50.0,5.0,3.707004616543881,324000.0,0
3202,891240,2.0,1,2.0,3,2.0,2026,6,6,56.0,164.0,13.11136296654184,973214.2857142857,0
3203,758900,1.0,1,2.0,4,2.0,2021,7,8,70.0,162.0,4.831639655343766,728571.4285714285,0
3204,864760,2.0,1,2.0,3,4.0,2025,2,9,35.0,221.0,7.94484973690646,628571.4285714285,0
3205,941270,2.0,2,2.7,3,2.0,2022,2,10,97.0,262.0,8.240752556256213,597938.1443298969,0
3206,631660,2.0,1,2.9,4,2.0,2024,4,6,40.0,110.0,4.738360701574096,825000.0,0
3207,526920,2.0,1,2.8,3,1.0,1983,5,5,5.0,266.0,12.49256246169554,10000000.0,0
3208,938700,2.0,1,2.8,4,2.0,2022,2,5,59.0,98.0,12.080513602129786,661016.9491525424,0
3209,581190,1.0,2,2.0,3,1.0,2025,5,10,55.0,320.0,4.224732346708644,954545.4545454546,0
3210,938520,2.0,1,2.7,4,2.0,2025,12,13,45.0,311.0,4.085010801799497,844444.4444444445,0
3211,803340,1.0,2,2.0,4,2.0,2021,13,18,104.0,139.0,2.1451039971338677,1027884.6153846154,0
3212,788150,2.0,1,2.85,4,4.0,2020,1,17,95.0,180.0,3.291354926658195,789473.6842105263,0
3213,639630,1.0,1,2.0,3,1.0,2023,11,12,57.0,268.0,5.114009227584646,605263.1578947369,0
3214,655950,1.0,1,2.0,2,1.0,2026,4,12,63.0,47.0,3.470959543613047,674603.1746031746,0
3215,646950,2.0,1,2.7,4,2.0,2021,9,10,50.0,91.0,7.580428603965801,580000.0,0
3216,526030,1.0,1,2.0,3,1.0,2000,1,6,3.0,242.0,3.89768327375872,18000000.0,0
3217,843040,2.0,2,2.7,4,2.0,2006,13,13,127.0,314.0,0.8052935846269259,559055.1181102362,0
3218,867690,2.0,1,2.0,4,2.0,2022,2,3,69.0,166.0,8.859676594474026,1014492.7536231884,0
3219,638370,1.0,1,2.7,1,3.0,2018,15,16,36.0,23.0,4.731804095829717,638888.8888888889,0
3220,560830,1.0,1,2.8,3,2.0,2009,8,12,68.0,18.0,0.9029262287126499,566176.4705882353,0
3221,548640,1.0,1,2.0,3,1.0,2018,3,8,55.0,149.0,6.736145640484551,563636.3636363636,0
3222,659500,2.0,1,2.75,3,2.0,2022,10,12,45.0,170.0,5.097692071146167,633333.3333333334,0
3223,480870,1.0,1,2.7,1,2.0,2014,9,12,106.0,84.0,5.885125135185708,471603.77358490566,0
3224,591420,1.0,1,2.0,4,1.0,2025,8,12,37.0,134.0,7.317450850759656,783783.7837837838,0
3225,666990,2.0,1,2.8,3,2.0,2025,1,5,39.0,201.0,7.006702032798134,646153.8461538461,0
3226,941270,2.0,2,2.7,3,2.0,2022,2,10,97.0,262.0,8.240752556256213,597938.1443298969,0
3227,631660,2.0,1,2.9,4,2.0,2024,4,6,40.0,111.0,4.738360701574096,825000.0,0
3228,526920,2.0,1,2.8,3,1.0,1983,5,5,5.0,266.0,12.49256246169554,10000000.0,0
3229,938700,2.0,1,2.8,4,2.0,2022,2,5,59.0,98.0,12.080513602129786,661016.9491525424,0
3230,581190,1.0,2,2.0,3,1.0,2025,5,10,55.0,320.0,4.224732346708644,954545.4545454546,0
3231,938520,2.0,1,2.7,4,2.0,2025,12,13,45.0,311.0,4.085010801799497,844444.4444444445,0
3232,803340,1.0,2,2.0,4,2.0,2021,13,18,104.0,139.0,2.1451039971338677,1027884.6153846154,0
3233,788150,2.0,1,2.85,4,4.0,2020,1,17,95.0,180.0,3.291354926658195,789473.6842105263,0
3234,639630,1.0,1,2.0,3,1.0,2023,11,12,57.0,268.0,5.114009227584646,605263.1578947369,0
3235,655950,1.0,1,2.0,2,1.0,2026,4,12,63.0,47.0,3.470959543613047,674603.1746031746,0
3236,646950,2.0,1,2.7,4,2.0,2021,9,10,50.0,91.0,7.580428603965801,580000.0,0
3237,526030,1.0,1,2.0,3,1.0,2000,1,6,3.0,242.0,3.89768327375872,18000000.0,0
3238,843040,2.0,2,2.7,4,2.0,2006,13,13,127.0,314.0,0.8052935846269259,559055.1181102362,0
3239,867690,2.0,1,2.0,4,2.0,2022,2,3,69.0,166.0,8.859676594474026,1014492.7536231884,0
3240,835330,2.0,1,2.0,1,2.0,2008,7,13,95.0,419.0,5.04993838614919,789473.6842105263,0
3241,666990,2.0,1,2.7,5,2.0,2025,4,6,94.0,190.0,6.1609122172464845,351063.829787234,0
3242,949840,2.0,1,2.0,3,2.0,2026,7,14,3.0,294.0,2.3406659565236922,16166666.666666666,0
3243,738140,1.0,1,2.7,4,2.0,2024,7,10,5.0,141.0,4.965692278447009,6200000.0,0
3244,685720,2.0,1,2.0,3,2.0,2023,4,5,45.0,271.0,8.02629948767186,666666.6666666666,0
3245,699570,2.0,1,2.8,4,3.0,1990,5,5,2.0,18.0,3.916373119391417,19400000.0,0
3246,649270,1.0,1,2.7,1,2.0,2020,5,10,40.0,166.0,8.550305307240441,525000.0,0
3247,544060,1.0,1,2.0,3,1.0,2018,6,8,85.0,68.0,7.8014664270698875,564705.8823529412,0
3248,323070,6.0,1,2.7,1,1.0,2008,2,10,80.0,2167.0,6.393529239866921,287500.0,0
3249,638080,2.0,1,2.8,3,2.0,2026,5,9,66.0,37.0,10.466906557572953,545454.5454545454,0
3250,485280,1.0,1,2.7,3,1.0,2010,1,9,60.0,151.0,6.99999279132388,443333.3333333333,0
3251,732820,1.0,1,2.85,4,2.0,2023,2,9,1.0,267.0,6.008625422728853,26900000.0,0
3252,517090,2.0,1,2.7,1,2.0,2009,4,9,69.0,303.0,4.128308131778094,565217.3913043478,0
3253,304870,7.0,1,2.0,3,3.0,1988,2,5,43.0,627.0,2.1109097842994307,302325.5813953488,0
3254,740910,1.0,1,2.0,3,2.0,2025,7,19,60.0,582.0,5.69211902724692,563333.3333333334,0
3255,854130,2.0,1,2.0,4,2.0,2024,4,13,4.0,212.0,1.4283583184438717,10625000.0,0
3256,646950,2.0,1,2.7,4,2.0,2022,5,6,9.0,245.0,7.565970051220574,3555555.4444444445,0
3257,626290,2.0,1,2.0,4,2.0,2021,3,6,53.0,304.0,11.458664196950494,500000.0,0
3258,726750,2.0,1,2.8,4,2.0,2007,3,12,2.0,148.0,3.8950195756079107,21500000.0,0
3259,650650,2.0,1,2.7,4,2.0,2020,2,6,59.0,300.0,7.575422440824765,627118.6440677966,0
3260,818400,2.0,2,2.0,3,2.0,2022,7,10,84.0,246.0,3.1025223229295644,869047.619047619,0
3261,947910,2.0,1,2.8,3,2.0,2017,12,12,55.0,185.0,1.5129625759514986,1054545.4545454546,0
3262,981490,2.0,1,2.7,4,2.0,2023,7,13,57.0,293.0,1.8742378710866914,929824.5614035088,0
3263,536710,1.0,1,2.7,3,1.0,2015,6,6,43.0,292.0,6.105543955114505,534883.7209302326,0
3264,693100,2.0,1,2.7,3,2.0,2025,8,10,4.0,154.0,8.793295823493445,4500000.0,0
3265,764570,2.0,1,2.7,2,3.0,1966,5,5,59.0,37.0,6.356058979735331,550847.4576271187,0
3266,679530,2.0,1,2.0,3,2.0,2007,3,14,120.0,119.0,3.3077082134205726,832500.0,0
3267,677720,1.0,1,2.0,3,2.0,2025,8,9,42.0,192.0,2.4318723232088773,666666.6428571428,0
3268,865090,2.0,1,2.7,3,2.0,2025,8,16,46.0,299.0,2.786625295539052,782608.695652174,0
3269,460080,1.0,1,2.0,3,1.0,2011,3,9,2.0,141.0,6.626206885614396,10500000.0,0
3270,713500,2.0,1,2.7,3,2.0,2026,7,9,3.0,156.0,4.594732329390893,13000000.0,0
3271,670160,1.0,2,2.0,1,2.0,2019,4,8,85.0,53.0,4.465939307282622,647058.8235294118,0
3272,634800,2.0,1,2.7,2,1.0,1988,1,5,49.0,183.0,5.167447020971921,693877.5510204082,0
3273,584510,1.0,1,2.0,4,1.0,2024,9,12,41.0,318.0,5.256955205153486,707317.0731707317,0
3274,893050,2.0,1,2.0,4,2.0,2024,9,12,81.0,49.0,4.17560888137173,1604938.2716049382,0
3275,747720,1.0,1,2.0,4,2.0,2026,4,12,5.0,331.0,5.709359977843119,5600000.0,0
3276,769260,1.0,1,2.75,1,2.0,2022,3,9,5.0,127.0,4.801723316927185,6700000.0,0
3277,726750,2.0,1,2.8,4,2.0,2007,3,12,2.0,148.0,3.8950195756079107,21500000.0,0
3278,650650,2.0,1,2.7,4,2.0,2020,2,6,59.0,300.0,7.575422440824765,627118.6440677966,0
3279,818400,2.0,2,2.0,3,2.0,2022,7,10,84.0,246.0,3.1025223229295644,869047.619047619,0
3280,947910,2.0,1,2.8,3,2.0,2017,12,12,55.0,185.0,1.5129625759514986,1054545.4545454546,0
3281,981490,2.0,1,2.7,4,2.0,2023,7,13,57.0,293.0,1.8742378710866914,929824.5614035088,0
3282,536710,1.0,1,2.7,3,1.0,2015,6,6,43.0,293.0,6.105543955114505,534883.7209302326,0
3283,635260,1.0,1,2.0,4,1.0,2021,5,9,49.0,373.0,3.515165747043851,704081.6326530612,0
3284,580150,1.0,1,2.0,4,1.0,2021,6,9,35.0,325.0,3.515165747043851,757142.8571428572,0
3285,370580,9.0,1,2.8,1,3.0,1989,9,9,52.0,151.0,2.1668382881211805,413461.53846153844,0
3286,901160,2.0,1,2.8,4,2.0,2021,3,9,5.0,108.0,7.75190812038332,17400000.0,0
3287,631280,2.0,1,2.8,4,2.0,2025,2,3,64.0,26.0,6.9567469106120905,578125.0,0
3288,814340,1.0,1,2.0,1,2.0,2022,2,14,90.0,273.0,0.4298011077642353,888888.8888888889,0
3289,655640,1.0,1,2.7,3,1.0,2022,2,9,74.0,76.0,5.368895228114959,500000.0,0
3290,683170,1.0,1,2.0,3,2.0,2026,8,9,43.0,197.0,3.5025776756928826,634883.7209302326,0
3291,588020,1.0,1,2.7,4,2.0,2023,8,24,3.0,22.0,4.568763240212543,8500000.0,0
3292,887550,2.0,1,2.8,4,1.0,1985,5,5,4.0,300.0,5.254537825946726,16500000.0,0
3293,732530,2.0,2,2.0,4,2.0,2008,7,22,167.0,299.0,6.938604480040633,766467.0658682635,0
3294,961640,2.0,2,2.0,4,2.0,2025,7,8,82.0,244.0,8.564752559247216,1036585.3658536585,0
3295,635260,1.0,1,2.0,3,1.0,2021,6,7,65.0,87.0,2.8929192394501886,846153.8461538461,0
3296,942880,2.0,1,2.7,4,2.0,2024,13,13,74.0,265.0,1.9852393847310545,797297.2972972973,0
3297,665670,2.0,1,2.0,3,3.0,1976,5,5,45.0,285.0,2.918894016755031,644444.4444444445,0
3298,802020,1.0,1,2.0,3,2.0,2026,6,9,19.0,136.0,4.367330132656922,3657894.736842105,0
3299,666990,2.0,1,2.0,3,2.0,2025,7,12,35.0,40.0,5.017196969320959,557142.8571428572,0
3300,731230,2.0,1,2.8,3,2.0,2012,6,18,61.0,32.0,0.061906947429578536,655737.7049180327,0
3301,630180,1.0,1,2.0,3,4.0,2017,9,9,75.0,49.0,2.8358959482963386,433333.3333333333,0
3302,638290,1.0,1,2.7,3,1.0,2024,2,10,2.0,159.0,6.613484278591842,12750000.0,0
3303,605290,2.0,1,2.0,2,1.0,1968,2,4,42.0,276.0,18.68203985091654,426190.4761904762,0
3304,740910,1.0,1,2.65,3,2.0,2025,8,9,53.0,96.0,5.617752132278917,575471.6981132076,0
3305,634440,2.0,1,2.5,4,3.0,1967,4,4,6.0,194.0,3.914455254458112,7000000.0,0
3306,564400,2.0,1,2.0,3,4.0,2015,8,9,64.0,238.0,4.809393466420951,546875.0,0
3307,593240,2.0,1,2.75,4,2.0,2022,12,12,8.0,234.0,5.265157639008517,5562500.0,0
3308,646950,2.0,1,2.7,1,2.0,2022,8,10,61.0,162.0,8.781576954934165,581967.2131147541,0
3309,745400,1.0,2,2.0,4,1.0,2018,7,12,8.0,193.0,2.272704720171131,14875000.0,0
3310,633280,2.0,1,2.8,3,2.0,2025,5,6,54.0,275.0,6.095764054222847,694444.4444444445,0
3311,600590,1.0,1,2.0,3,1.0,2026,11,12,61.0,284.0,5.497906968886923,434426.2295081967,0
3312,685720,2.0,1,2.7,4,2.0,2024,5,9,29.0,113.0,8.11221692868847,948275.8620689656,0
3313,830270,1.0,1,2.7,3,2.0,2023,9,19,76.0,106.0,2.8617995703158137,1063157.894736842,0
3314,891080,2.0,1,2.0,4,2.0,2025,4,9,40.0,19.0,3.009940451664327,1300000.0,0
3315,724740,2.0,1,2.8,3,2.0,2026,3,3,3.0,322.0,9.994604111650196,13666666.666666666,0
3316,726820,2.0,2,2.0,1,1.0,1976,1,5,20.0,131.0,2.85295437045627,800000.0,0
3317,994150,2.0,2,2.0,4,2.0,2022,9,14,150.0,254.0,6.827431450991434,1133333.3333333333,0
3318,761110,1.0,1,2.8,3,1.0,2024,3,4,72.0,65.0,5.852133885887251,395833.3333333333,0
3319,507780,1.0,1,2.7,3,2.0,2007,10,12,46.0,76.0,6.726188835586914,391304.347826087,0
3320,644890,2.0,2,2.7,4,2.0,2023,2,10,102.0,26.0,10.635507737807256,794117.6470588235,0
3321,447860,5.0,1,2.0,3,2.0,2013,3,6,62.0,123.0,5.342838041205345,419354.8387096774,0
3322,684680,2.0,1,2.7,5,2.0,2025,5,6,15.0,49.0,12.656242610353665,3133333.3333333335,0
3323,608340,2.0,1,2.95,4,1.0,1958,2,2,7.0,236.0,11.692984817640852,3571428.5714285714,0
3324,496540,1.0,1,2.7,4,2.0,2011,7,13,1.0,223.0,4.431327440246892,29500000.0,0
3325,757360,1.0,2,3.3,1,1.0,2018,11,12,123.0,77.0,3.894075862155256,682926.8292682926,0
3326,406200,8.0,1,2.8,3,3.0,1997,1,5,57.0,39.0,1.2314663633146468,385964.91228070174,0
3327,499230,1.0,2,2.0,4,2.0,2006,7,8,4.0,233.0,2.2954334240717786,24999999.75,0
3328,666990,2.0,1,2.0,3,2.0,2025,5,9,5.0,218.0,4.79586049681408,6600000.0,0
3329,828250,2.0,1,2.0,3,2.0,2023,2,15,77.0,129.0,7.644831886247402,922077.922077922,0
3330,708300,1.0,1,2.65,3,4.0,2026,7,14,57.0,220.0,4.7862464622017376,412280.70175438595,0
3331,692100,2.0,1,2.7,3,2.0,2026,2,6,81.0,13.0,11.797442773787697,481481.48148148146,0
3332,785250,2.0,1,2.8,1,1.0,1990,1,5,68.0,322.0,3.2780836551181785,816911.7647058824,0
3333,693100,2.0,1,2.0,3,2.0,2025,5,12,5.0,173.0,6.244789599532051,5400000.0,0
3334,900550,2.0,1,2.0,3,2.0,2021,10,12,87.0,223.0,2.4850918027464273,942528.735632184,0
3335,646950,2.0,1,2.64,3,2.0,2022,5,6,9.0,237.0,7.769356032037441,3222222.222222222,0
3336,740910,1.0,1,2.65,3,2.0,2025,8,9,53.0,96.0,5.617752132278917,575471.6981132076,0
3337,634440,2.0,1,2.5,4,3.0,1967,4,4,6.0,194.0,3.914455254458112,7000000.0,0
3338,564400,2.0,1,2.0,3,4.0,2015,8,9,64.0,238.0,4.809393466420951,546875.0,0
3339,593240,2.0,1,2.75,4,2.0,2022,12,12,8.0,234.0,5.265157639008517,5562500.0,0
3340,903580,2.0,2,3.1,4,2.0,2020,2,3,123.0,3412.0,6.120665580721274,1910569.105691057,0
3341,786360,2.0,2,2.0,4,1.0,1988,4,5,54.0,17.0,6.479794862806721,1388888.888888889,0
3342,625320,1.0,1,2.0,3,2.0,2017,12,23,54.0,313.0,4.281988733685691,462944.44444444444,0
3343,401430,10.0,1,2.0,1,3.0,1982,2,9,5.0,682.0,0.09527764587334528,3400000.0,0
3344,734490,1.0,1,2.0,3,1.0,2024,10,12,60.0,1653.0,3.374925248000818,916666.6666666666,0
3345,963710,2.0,1,2.7,4,1.0,1990,3,5,98.0,4118.0,6.981900603575065,1275510.2040816327,0
3346,512320,5.0,1,2.0,3,2.0,2022,6,9,8.0,328.0,0.6654647258536138,5625000.0,0
3347,767280,2.0,1,2.0,1,2.0,2016,14,16,72.0,548.0,3.140032928696526,777777.7777777778,0
3348,901160,2.0,2,2.85,1,2.0,2021,8,16,2.0,177.0,4.096661454626762,38000000.0,0
3349,813500,1.0,1,2.0,3,2.0,2026,4,12,7.0,1957.0,5.70066465405907,8357142.857142857,0
3350,677720,1.0,1,2.0,4,2.0,2025,4,9,39.0,318.0,5.328718659773519,864102.5641025641,0
3351,591320,1.0,1,2.0,4,1.0,2024,3,9,45.0,94.0,3.3463730786703114,764444.4444444445,0
3352,740910,1.0,1,2.0,4,2.0,2025,10,22,5.0,1625.0,2.6768571936089365,7240000.0,0
3353,589560,1.0,1,2.7,3,1.0,2023,7,10,4.0,653.0,3.457025669915164,6475000.0,0
3354,536110,1.0,1,2.0,3,1.0,2019,8,10,38.0,1860.0,5.409776247382436,657894.7368421053,0
3355,718680,1.0,1,2.0,3,2.0,2022,13,18,42.0,339.0,4.635321585088616,750000.0,0
3356,801130,1.0,1,2.0,3,2.0,2024,2,12,64.0,35.0,5.670588220592199,609375.0,0
3357,327560,13.0,1,3.2,1,1.0,2021,3,5,45.0,537.0,2.552795256252201,364444.44444444444,0
3358,457550,1.0,2,2.7,4,1.0,2011,1,9,68.0,217.0,5.690493821023655,588235.2941176471,0
3359,551650,8.0,1,2.8,3,2.0,2019,7,7,5.0,95.0,3.4212677756347984,5400000.0,0
3360,568030,1.0,1,2.7,4,1.0,2021,5,9,30.0,56.0,6.365301004901293,650000.0,0
3361,629570,1.0,1,2.0,4,2.0,2022,9,17,60.0,286.0,7.848466772573096,516666.6666666667,0
3362,630510,2.0,1,2.8,4,1.0,2017,5,10,74.0,76.0,5.317661852719865,783783.7837837838,0
3363,708200,2.0,1,2.8,4,2.0,2022,3,9,80.0,23.0,7.501099517243833,700000.0,0
3364,872360,2.0,1,2.0,3,2.0,2005,9,9,51.0,248.0,3.6806861982459784,760784.3137254902,0
3365,880850,2.0,1,2.7,4,2.0,2023,7,17,5.0,204.0,2.884880667014456,9800000.0,0
3366,732820,1.0,1,2.7,3,2.0,2023,6,12,38.0,49.0,2.3509863117277,723684.2105263158,0
3367,574270,2.0,1,2.7,1,2.0,2016,7,9,64.0,291.0,5.832746865176095,546875.0,0
3368,688890,2.0,2,3.3,3,2.0,2023,1,4,31.0,18.0,6.148795246716153,2580645.1612903224,0
3369,761270,2.0,1,2.8,2,1.0,2001,7,9,3.0,48.0,4.4937888843744265,20000000.0,0
3370,797240,1.0,1,2.0,3,2.0,2025,3,9,4.0,258.0,3.934110284092684,8750000.0,0
3371,787380,2.0,1,2.8,1,1.0,1986,3,5,59.0,275.0,7.130304051811353,1016949.1525423729,0
3372,997820,2.0,1,2.7,4,2.0,2023,10,10,32.0,332.0,0.5267237988801918,859375.0,0
3373,564030,1.0,1,2.0,3,1.0,2020,3,9,35.0,343.0,5.241060622559368,828571.4285714285,0
3374,650040,1.0,1,2.0,4,1.0,2025,2,9,47.0,52.0,2.92214667085091,797872.340425532,0
3375,797240,1.0,1,3.3,3,2.0,2025,1,16,40.0,114.0,4.9976740959375245,925000.0,0
3376,786360,2.0,1,2.8,4,2.0,2012,13,16,92.0,163.0,7.039651842748632,402173.9130434783,0
3377,650040,1.0,1,2.0,3,1.0,2025,9,12,6.0,174.0,4.869862534305351,3604800.0,0
3378,605440,2.0,1,2.5,3,3.0,1969,3,4,57.0,138.0,2.9615630270770805,561403.5087719298,0
3379,869010,2.0,1,2.0,3,2.0,2026,8,9,35.0,0.0,10.837674866481791,814285.7142857143,0
3380,784630,2.0,1,2.8,1,1.0,2021,2,3,46.0,190.0,6.78121096180744,760869.5652173914,0
3381,747720,1.0,1,2.0,4,2.0,2026,11,18,44.0,233.0,1.371111912417371,1045454.5454545454,0
3382,419300,1.0,1,2.0,3,3.0,1962,1,3,4.0,114.0,6.408788322729042,4000000.0,0
3383,697970,1.0,1,2.0,3,2.0,2018,5,8,4.0,200.0,3.2739717838502655,11000000.0,0
3384,737320,2.0,2,2.0,4,2.0,2022,10,12,8.0,34.0,2.289812502191832,6250000.0,0
3385,646950,2.0,1,2.7,3,2.0,2024,7,9,7.0,228.0,8.216212536060505,5857142.857142857,0
3386,669700,2.0,1,2.9,4,4.0,2021,3,3,34.0,330.0,12.371480601459755,555882.3529411765,0
3387,682640,2.0,1,2.7,1,2.0,2021,9,9,9.0,20.0,9.99541757721994,4000000.0,0
3388,758900,1.0,1,2.7,4,2.0,2021,6,22,70.0,47.0,4.077412826583978,785714.2857142857,0
3389,906220,2.0,2,2.0,4,2.0,2022,1,16,6.0,214.0,1.5700607142444574,14583333.333333334,0
3390,631660,2.0,1,2.0,3,2.0,2024,5,12,42.0,110.0,1.8800062239945563,809523.8095238095,0
3391,906300,2.0,1,2.0,1,3.0,1987,5,5,66.0,12.0,7.10511191186973,712121.2121212122,0
3392,592680,2.0,1,2.75,1,1.0,1971,3,4,8.0,190.0,11.664896060227719,3875000.0,0
3393,570530,2.0,1,2.0,5,2.0,2019,6,8,2.0,117.0,8.601199267863054,12495000.0,0
3394,693100,2.0,1,2.7,3,2.0,2025,2,9,39.0,281.0,8.369660711681066,717948.717948718,0
3395,677720,1.0,1,2.0,4,2.0,2025,2,10,38.0,193.0,7.459922385237505,763157.8684210526,0
3396,637630,1.0,1,2.9,4,2.0,2022,14,15,80.0,302.0,6.250120826028183,562499.9875,0
3397,335770,11.0,1,2.0,3,3.0,1983,2,5,7.0,0.0,1.3967194735828752,2214285.714285714,0
3398,631660,2.0,1,2.7,4,2.0,2024,3,9,2.0,41.0,2.7703150853133427,18500000.0,0
3399,533320,2.0,1,2.8,3,2.0,2012,9,9,88.0,123.0,7.340966719716578,443181.8181818182,0
3400,667000,2.0,1,2.8,4,4.0,2025,4,6,35.0,197.0,6.115859225992388,851428.5714285715,0
3401,863390,2.0,1,2.75,1,1.0,1974,4,5,66.0,218.0,3.064751639116491,765151.5151515151,0
3402,747720,1.0,1,2.0,3,2.0,2026,14,14,24.0,161.0,4.123126327203367,1291666.6666666667,0
3403,628050,2.0,1,2.7,1,2.0,2022,3,6,58.0,139.0,2.9094385587147498,646551.724137931,0
3404,705630,2.0,1,2.7,3,1.0,1975,5,5,4.0,82.0,3.82554115573415,8125000.0,0
3405,443750,3.0,1,2.5,3,3.0,1980,2,5,9.0,46.0,1.8369764689145553,1666666.6666666667,0
3406,419300,1.0,1,2.0,3,3.0,1962,1,3,4.0,114.0,6.408788322729042,4000000.0,0
3407,697970,1.0,1,2.0,3,2.0,2018,5,8,4.0,200.0,3.2739717838502655,11000000.0,0
3408,737320,2.0,2,2.0,4,2.0,2022,10,12,8.0,34.0,2.289812502191832,6250000.0,0
3409,646950,2.0,1,2.7,3,2.0,2024,7,9,7.0,228.0,8.216212536060505,5857142.857142857,0
3410,669700,2.0,1,2.9,4,4.0,2021,3,3,34.0,331.0,12.371480601459755,555882.3529411765,0
3411,682640,2.0,1,2.7,1,2.0,2021,9,9,9.0,20.0,9.99541757721994,4000000.0,0
3412,758900,1.0,1,2.7,4,2.0,2021,6,22,70.0,48.0,4.077412826583978,785714.2857142857,0
3413,906220,2.0,2,2.0,4,2.0,2022,1,16,6.0,214.0,1.5700607142444574,14583333.333333334,0
3414,631660,2.0,1,2.0,3,2.0,2024,5,12,42.0,111.0,1.8800062239945563,809523.8095238095,0
3415,906300,2.0,1,2.0,1,3.0,1987,5,5,66.0,12.0,7.10511191186973,712121.2121212122,0
3416,592680,2.0,1,2.75,1,1.0,1971,3,4,8.0,190.0,11.664896060227719,3875000.0,0
3417,570530,2.0,1,2.0,5,2.0,2019,6,8,2.0,117.0,8.601199267863054,12495000.0,0
3418,708200,2.0,2,2.7,4,2.0,2022,6,10,5.0,139.0,8.803353192998687,10200000.0,0
3419,297320,6.0,1,2.0,1,3.0,1987,9,9,65.0,0.0,3.8540046378100627,292307.6923076923,0
3420,872300,2.0,1,2.95,3,2.0,2020,5,12,52.0,0.0,1.1972775756059115,1048076.9230769231,0
3421,797790,2.0,1,2.7,3,2.0,2025,8,14,1.0,196.0,2.711406679450828,27000000.0,0
3422,458460,1.0,1,2.0,3,1.0,2012,7,10,52.0,213.0,5.631065765339514,461538.46153846156,0
3423,624720,1.0,1,2.7,3,2.0,2014,2,12,8.0,212.0,3.8913281757275895,6187500.0,0
3424,874680,2.0,1,2.0,4,2.0,2020,12,13,55.0,235.0,4.948436247713876,1309090.9090909092,0
3425,621350,2.0,1,2.0,4,2.0,2023,4,8,37.0,104.0,8.625310519192565,618918.9189189189,0
3426,636050,2.0,1,2.8,1,2.0,2018,4,5,45.0,51.0,7.086773942116044,544444.4444444445,0
3427,576500,1.0,1,2.7,4,2.0,2023,8,9,43.0,108.0,6.43484715685338,581395.3488372093,0
3428,630330,2.0,1,2.7,4,2.0,2024,8,12,51.0,276.0,5.904387131323835,813725.4901960784,0
3429,703830,2.0,2,2.7,4,2.0,2021,1,9,6.0,14.0,8.222095413528542,8416666.666666666,0
3430,650950,2.0,1,2.8,1,2.0,2006,8,9,5.0,19.0,4.02395667936814,6400000.0,0
3431,794870,2.0,1,2.7,4,1.0,1963,4,4,2.0,127.0,2.951656679080079,15750000.0,0
3432,588610,2.0,1,2.7,4,2.0,2013,5,5,4.0,194.0,12.710554141163442,8375000.0,0
3433,877350,2.0,1,2.78,3,3.0,1976,5,5,4.0,249.0,3.7538258865416148,6625000.0,0
3434,829730,1.0,1,2.7,4,2.0,2023,5,9,93.0,90.0,5.71396778164704,632258.0645161291,0
3435,669790,2.0,1,2.7,3,2.0,2022,7,7,6.0,246.0,4.861375819191044,4166666.6666666665,0
3436,927180,1.0,2,2.0,3,2.0,2026,5,9,137.0,217.0,2.405426249154747,861313.8686131387,0
3437,931560,2.0,1,2.95,1,2.0,2015,13,15,6.0,48.0,4.499358747202976,10100000.0,0
3438,744460,1.0,1,2.7,3,2.0,2020,3,9,3.0,68.0,2.0214002477820547,11000000.0,0
3439,596580,2.0,1,2.8,1,2.0,2007,7,9,7.0,35.0,16.277202114005597,6928571.428571428,0
3440,503490,2.0,1,2.75,5,2.0,2007,2,8,63.0,130.0,16.063983895780414,555555.5555555555,0
3441,383300,15.0,1,2.7,4,3.0,2020,6,9,2.0,1501.0,5.789278394269812,15750000.0,0
3442,623080,2.0,1,2.8,3,3.0,1983,1,9,75.0,2310.0,3.686165488607875,680000.0,0
3443,655900,2.0,1,2.8,4,3.0,1982,5,5,32.0,1203.0,9.040929990979537,687500.0,0
3444,891050,2.0,2,2.0,5,2.0,2024,5,5,3.0,1872.0,8.748646132987703,42066666.666666664,0
3445,544630,1.0,2,3.2,3,2.0,2005,4,10,139.0,6973.0,1.0385430069786663,683453.2374100719,0
3446,812770,1.0,1,2.85,3,2.0,2026,4,9,39.0,659.0,7.310797507665419,1029058.9743589744,0
3447,695750,1.0,1,2.0,3,2.0,2020,3,12,41.0,11662.0,3.293101601753674,719512.1951219512,0
3448,613520,1.0,1,2.0,3,2.0,2017,4,12,42.0,279.0,4.44656512685972,516666.6666666667,0
3449,556060,1.0,1,2.8,1,2.0,2008,12,40,4.0,191.0,0.37295902844286044,9500000.0,0
3450,612030,2.0,1,2.0,2,3.0,1980,5,5,59.0,52.0,1.2976520042635784,694915.2542372881,0
3451,510350,1.0,1,2.0,3,1.0,1972,2,5,18.0,0.0,6.2166996688443925,500000.0,0
3452,627910,1.0,1,2.9,3,2.0,2022,4,15,52.0,476.0,6.2515006038979255,576923.0769230769,0
3453,471530,1.0,1,2.7,1,2.0,2010,7,9,8.0,185.0,4.201418146362486,5250000.0,0
3454,485960,2.0,1,2.0,4,2.0,2010,6,6,3.0,214.0,13.285494746625574,10000000.0,0
3455,720790,1.0,2,2.7,3,2.0,2019,16,18,67.0,89.0,3.4399534524452977,626865.671641791,0
3456,612220,2.0,1,2.8,1,2.0,2006,9,9,2.0,147.0,4.140630772411558,16999999.5,0
3457,637980,2.0,2,2.7,3,2.0,2021,5,9,90.0,229.0,10.722469757970837,622222.2222222222,0
3458,982060,2.0,1,2.7,3,2.0,2023,13,13,45.0,167.0,1.9393644817431466,955555.5555555555,0
3459,829270,2.0,1,2.7,4,2.0,2023,10,16,5.0,179.0,3.325577576777122,14600000.0,0
3460,547640,1.0,1,2.7,4,1.0,2015,7,9,47.0,0.0,2.9602671304982504,585106.3829787234,0
3461,547640,1.0,1,2.0,3,1.0,2015,3,10,59.0,72.0,5.871224636053754,466101.69491525425,0
3462,430260,13.0,1,2.8,3,2.0,2020,9,11,2.0,948.0,3.072335721322803,23500000.0,0
3463,284370,7.0,1,2.6,1,3.0,1977,3,5,8.0,4509.0,1.5781088246088246,1437500.0,0
3464,883760,2.0,2,2.0,3,2.0,2025,18,20,102.0,66.0,0.9913477908901698,666666.6666666666,0
3465,511030,1.0,2,2.0,3,2.0,2018,2,9,120.0,38.0,5.192746347349068,566666.6666666666,0
3466,731790,2.0,2,2.7,4,2.0,2023,6,9,91.0,270.0,11.643379136571747,768131.8681318681,0
3467,604780,2.0,1,2.7,2,3.0,1983,5,5,2.0,262.0,6.563911570430828,12250000.0,0
3468,599490,2.0,1,2.8,1,1.0,1972,4,4,20.0,144.0,2.933253666119583,675000.0,0
3469,422190,3.0,1,3.3,4,4.0,1961,1,3,37.0,0.0,0.5801119556742759,378378.3783783784,0
3470,844140,2.0,2,2.7,4,2.0,2006,13,13,127.0,5.0,0.8052935846269259,559055.1181102362,0
3471,640650,2.0,1,2.7,4,2.0,2022,6,7,8.0,220.0,11.84809437969612,5875000.0,0
3472,655120,2.0,1,2.0,4,2.0,2021,4,8,60.0,136.0,6.164136465899416,616666.6666666666,0
3473,313720,15.0,1,2.7,1,3.0,1968,4,5,61.0,11.0,0.8657800753589638,278688.52459016396,0
3474,705700,2.0,1,2.8,1,1.0,1986,5,5,1.0,146.0,8.611770096718113,20000000.0,0
3475,881790,2.0,1,2.8,4,2.0,2023,6,9,1.0,199.0,1.7096695895524865,52000000.0,0
3476,494950,1.0,1,2.7,1,4.0,2012,9,15,8.0,858.0,5.9062539422435885,3737500.0,0
3477,775800,1.0,2,2.0,4,4.0,2026,7,12,72.0,497.0,2.5772634932039478,956944.4444444445,0
3478,641580,1.0,2,2.0,3,1.0,2020,6,7,150.0,125.0,2.887433761043169,866666.6666666666,0
3479,857490,2.0,1,2.0,3,4.0,2026,3,9,41.0,60.0,3.1954436544195284,975609.756097561,0
3480,642620,2.0,1,2.0,3,3.0,1985,1,5,8.0,138.0,5.3618678841547345,3625000.0,0
3481,595480,2.0,1,2.8,4,2.0,2006,1,9,69.0,266.0,7.611764512236136,623188.4057971014,0
3482,853120,2.0,1,2.8,3,2.0,2012,3,6,5.0,13.0,3.335281434593686,12400000.0,0
3483,727730,2.0,1,2.0,1,3.0,1993,1,9,75.0,32.0,0.821522913392715,773333.3333333334,0
3484,618070,2.0,1,2.8,3,2.0,2016,9,9,4.0,212.0,11.19374537159302,7500000.0,0
3485,655970,1.0,1,2.0,3,1.0,2026,6,12,44.0,38.0,4.256493839991021,536318.1818181818,0
3486,883760,2.0,1,2.0,3,2.0,2025,3,9,95.0,156.0,4.8033277363125375,1400000.0,0
3487,630330,2.0,1,2.0,4,2.0,2024,5,6,3.0,160.0,4.738360701574096,17166666.666666668,0
3488,636610,2.0,1,2.0,3,2.0,2026,3,6,47.0,150.0,5.69011282596251,787234.0425531915,0
3489,625730,1.0,1,2.7,3,2.0,2017,11,18,68.0,236.0,4.460147441669599,492647.0588235294,0
3490,465100,1.0,2,2.0,2,1.0,2008,7,7,2.0,114.0,3.6252973395665165,30750000.0,0
3491,741660,1.0,1,2.0,4,2.0,2025,14,15,44.0,353.0,6.348201013524184,625000.0,0
3492,723320,2.0,1,2.0,5,2.0,2026,4,5,81.0,185.0,6.427040077261284,777777.7777777778,0
3493,562900,1.0,1,2.0,1,2.0,2018,16,16,4.0,179.0,4.246951536624925,12500000.0,0
3494,670000,1.0,1,2.0,3,1.0,2022,2,9,40.0,310.0,2.5126000459957862,837500.0,0
3495,551120,5.0,1,2.0,4,2.0,2021,4,6,51.0,525.0,1.566877836594137,460784.3137254902,0
3496,602080,1.0,1,2.0,3,1.0,2026,4,12,8.0,150.0,4.29733687427079,2081250.0,0
3497,637480,2.0,1,2.0,3,3.0,1967,2,4,60.0,17.0,3.5203912170704568,800000.0,0
3498,687090,2.0,1,2.7,4,2.0,2023,4,12,7.0,282.0,7.500138094944499,5000000.0,0
3499,709440,1.0,1,2.0,4,2.0,2021,3,12,4.0,11.0,4.653730714745166,9625000.0,0
3500,852640,2.0,1,2.8,1,1.0,1976,5,5,9.0,300.0,2.345124274327404,4888888.888888889,0
3501,701350,1.0,1,2.0,3,4.0,2025,6,9,3.0,306.0,3.053356230550174,11800000.0,0
3502,983100,2.0,1,2.7,3,2.0,2022,3,12,4.0,183.0,0.8531360202910165,20500000.0,0
3503,701350,1.0,1,2.0,4,4.0,2025,10,12,60.0,227.0,5.584214197675826,658333.3333333334,0
3504,607750,2.0,1,2.7,4,2.0,2017,12,12,59.0,113.0,4.94630865902974,550847.4576271187,0
3505,829270,2.0,1,2.0,4,2.0,2023,17,18,90.0,261.0,1.5897874815350335,811111.1111111111,0
3506,383670,15.0,1,2.0,3,1.0,2020,8,10,49.0,111.0,2.415789040743323,459183.67346938775,0
3507,290800,15.0,1,2.5,1,1.0,1978,2,9,41.0,264.0,2.856840536706076,336585.3658536585,0
3508,881790,2.0,2,2.7,3,2.0,2023,12,16,2.0,162.0,3.0053409123498214,25000000.0,0
3509,643450,2.0,1,2.7,3,3.0,1987,3,5,84.0,164.0,12.76756571723784,654761.9047619047,0
3510,475740,1.0,1,2.7,3,2.0,2008,15,16,7.0,226.0,4.619850433535313,4857142.857142857,0
3511,630330,2.0,1,2.85,3,2.0,2024,5,6,51.0,272.0,4.690642575546023,715686.274509804,0
3512,624860,2.0,1,2.8,4,2.0,2017,8,9,4.0,289.0,11.091694147728306,9875000.0,0
3513,699120,2.0,1,2.5,1,1.0,1989,5,5,52.0,252.0,2.928834275109271,884615.3846153846,0
3514,709440,1.0,1,2.0,4,2.0,2021,3,12,4.0,13.0,4.653730714745166,9625000.0,0
3515,852640,2.0,1,2.8,1,1.0,1976,5,5,9.0,300.0,2.345124274327404,4888888.888888889,0
3516,701350,1.0,1,2.0,3,4.0,2025,6,9,3.0,306.0,3.053356230550174,11800000.0,0
3517,983100,2.0,1,2.7,3,2.0,2022,3,12,4.0,183.0,0.8531360202910165,20500000.0,0
3518,701350,1.0,1,2.75,4,4.0,2025,10,12,60.0,228.0,5.584214197675826,658333.3333333334,0
3519,666900,1.0,1,3.3,4,2.0,2023,3,22,43.0,34.0,1.1703244820255898,930232.5581395349,0
3520,613520,1.0,1,2.0,3,2.0,2017,4,10,47.0,134.0,1.5784137041056032,702127.659574468,0
3521,628310,2.0,1,2.0,4,2.0,2024,1,6,67.0,172.0,4.6567533151818745,649253.7313432836,0
3522,634450,1.0,1,2.0,3,1.0,2021,6,10,69.0,2.0,4.131749385268078,565217.3913043478,0
3523,686620,1.0,1,2.0,4,4.0,2022,5,12,55.0,79.0,1.2935800516365221,927272.7272727273,0
3524,475720,1.0,1,2.5,3,1.0,1980,1,2,1.0,223.0,8.498732480539699,21000000.0,0
3525,566760,2.0,1,2.5,3,1.0,1989,3,3,5.0,238.0,3.105368291960838,5800000.0,0
3526,497550,1.0,1,2.7,1,2.0,2011,12,14,4.0,217.0,5.943953869364423,7125000.0,0
3527,723670,2.0,1,2.8,3,2.0,2006,2,9,1.0,49.0,4.173156781848151,51000000.0,0
3528,602080,1.0,1,2.0,3,1.0,2026,7,9,9.0,29.0,7.778576254631052,2333333.3333333335,0
3529,607300,1.0,1,2.0,3,1.0,2026,6,9,63.0,27.0,5.02557639461717,547619.0476190476,0
3530,704120,2.0,1,2.8,4,4.0,2022,5,6,73.0,57.0,7.498083489665205,575342.4657534247,0
3531,770570,1.0,1,2.0,3,2.0,2022,7,14,54.0,99.0,2.891738961449979,842592.5925925926,0
3532,933080,2.0,2,2.7,3,2.0,2022,12,12,87.0,206.0,7.517719149688714,821839.0804597702,0
3533,560770,2.0,1,2.8,1,2.0,2014,2,9,5.0,172.0,2.892197653941618,8600000.0,0
3534,958530,2.0,1,2.0,4,2.0,2024,6,6,66.0,124.0,11.137160615832547,939393.9393939395,0
3535,383670,15.0,1,2.0,3,1.0,2020,8,10,49.0,111.0,2.415789040743323,459183.67346938775,0
3536,739020,2.0,2,2.8,3,2.0,2012,12,16,5.0,302.0,7.0009135907224,10900000.0,0
3537,573260,2.0,1,2.75,4,2.0,2016,4,5,64.0,12.0,7.430448887833676,539062.5,0
3538,709440,1.0,1,2.0,3,2.0,2021,5,10,41.0,231.0,2.6234581199944778,804878.0487804879,0
3539,419760,14.0,1,2.0,3,3.0,1988,5,6,70.0,228.0,2.399260298140175,421428.5714285714,0
3540,620910,2.0,1,3.5,1,2.0,2015,1,9,46.0,5726.0,4.954450634568763,582608.695652174,0
3541,763580,2.0,2,2.7,3,2.0,2025,2,6,106.0,118.0,6.171214862450398,697169.8113207547,0
3542,697980,1.0,1,2.7,1,2.0,2018,9,24,4.0,98.0,2.7316551157435986,8625000.0,0
3543,556410,2.0,1,2.8,1,1.0,1992,5,5,6.0,295.0,16.338236799845745,5333333.333333333,0
3544,931560,2.0,1,2.95,1,2.0,2015,9,18,8.0,152.0,4.294909850769185,8125000.0,0
3545,899930,2.0,1,2.0,1,2.0,2021,11,14,64.0,291.0,5.487711924166999,1404687.5,0
3546,766380,2.0,1,2.5,1,3.0,1977,2,5,45.0,189.0,2.1591512724240345,900000.0,0
3547,744460,1.0,1,2.8,3,2.0,2020,7,22,60.0,92.0,4.03647870266381,608333.3333333334,0
3548,759910,1.0,1,2.0,3,2.0,2021,5,8,45.0,121.0,4.920836626027782,911111.1111111111,0
3549,794720,2.0,1,2.0,3,3.0,1982,3,4,10.0,182.0,2.8346950029079307,1100000.0,0
3550,522210,1.0,1,2.7,3,1.0,2011,7,9,130.0,185.0,3.40103630901877,692307.6923076923,0
3551,804620,1.0,1,2.0,4,2.0,2025,10,18,70.0,163.0,2.8267499954645023,638571.4285714285,0
3552,602080,1.0,1,2.0,3,1.0,2026,4,9,13.0,60.0,3.8440095235750977,2000000.0,0
3553,712440,2.0,1,2.64,2,3.0,1984,11,18,2.0,123.0,5.79862655237375,47500000.0,0
3554,482530,1.0,1,2.0,3,4.0,2012,4,9,35.0,282.0,5.047027722463308,528571.4285714285,0
3555,737500,2.0,2,2.0,1,1.0,1976,1,5,20.0,178.0,2.85295437045627,800000.0,0
3556,739020,2.0,2,2.0,1,2.0,2012,9,12,120.0,69.0,7.046385634730072,433333.3333333333,0
3557,709340,1.0,1,2.7,3,2.0,2017,20,23,109.0,8.0,1.2121699239246209,596330.2752293578,0
3558,720790,1.0,2,2.7,3,2.0,2019,16,18,67.0,92.0,3.4399534524452977,626865.671641791,0
3559,804620,1.0,2,2.0,4,2.0,2025,2,18,70.0,306.0,1.2936631259684925,1071428.5714285714,0
3560,508460,1.0,1,2.7,3,1.0,2011,3,14,34.0,779.0,7.068884572200257,520588.23529411765,0
3561,388460,6.0,1,2.0,3,4.0,2025,6,6,55.0,2608.0,0.21223876454580498,450909.0909090909,0
3562,506000,1.0,1,2.0,3,2.0,2008,6,12,47.0,694.0,4.71839318326948,548936.1702127659,0
3563,683830,2.0,1,2.8,3,3.0,1986,5,5,69.0,139.0,8.772266996352261,681159.4202898551,0
3564,768210,1.0,2,2.0,3,2.0,2017,3,12,120.0,29.0,5.600216796549939,625000.0,0
3565,672600,2.0,1,2.0,5,2.0,2026,7,9,63.0,26.0,8.04814290203791,809523.8095238095,0
3566,683910,2.0,1,2.7,5,2.0,2025,5,6,15.0,61.0,12.656242610353665,3133333.3333333335,0
3567,739580,2.0,1,2.5,4,3.0,1988,5,5,1.0,188.0,9.303371555797298,79000000.0,0
3568,666580,1.0,2,2.0,3,1.0,2024,6,9,85.0,296.0,3.273882163773784,741176.4705882353,0
3569,961910,2.0,1,2.8,3,2.0,2020,5,12,83.0,90.0,6.289349876906784,831325.3012048192,0
3570,475410,1.0,2,3.2,4,1.0,2017,20,20,111.0,76.0,4.137841009632381,765765.7657657658,0
3571,763580,2.0,1,2.0,3,2.0,2025,2,6,5.0,226.0,6.073877689220305,15000000.0,0
3572,580190,2.0,1,2.8,3,2.0,2017,2,14,50.0,113.0,5.218803649992546,660000.0,0
3573,573260,2.0,1,2.7,4,2.0,2016,1,5,64.0,176.0,7.056815041710493,507812.5,0
3574,460030,1.0,1,2.8,1,2.0,2006,3,5,65.0,120.0,8.14488267819518,384615.3846153846,0
3575,666630,2.0,1,2.0,3,2.0,2025,5,9,5.0,286.0,4.79586049681408,6600000.0,0
3576,709440,1.0,1,2.9,3,2.0,2021,10,10,45.0,163.0,3.483856119555964,644444.4444444445,0
3577,722210,2.0,1,2.8,3,2.0,2010,1,9,89.0,158.0,6.18392376731652,539325.8426966292,0
3578,751990,2.0,1,2.9,3,2.0,2011,14,20,78.0,30.0,0.2462136321861902,858974.358974359,0
3579,457570,1.0,1,2.8,3,3.0,2020,3,12,4.0,315.0,5.753162410972617,7375000.0,0
3580,522420,2.0,2,2.8,4,4.0,2013,4,4,87.0,151.0,5.94610138006679,555172.4137931034,0
3581,650220,2.0,1,2.8,4,2.0,2020,1,9,62.0,101.0,10.361019032313509,661290.3225806452,0
3582,341280,,1,2.0,3,1.0,2020,5,5,6.0,1692.0,0.0,2500000.0,0
3583,804620,1.0,2,2.0,4,2.0,2025,13,17,91.0,16.0,3.017516931210644,879120.8791208791,0
3584,303930,7.0,1,2.8,4,3.0,1986,4,5,67.0,69.0,2.2461075603310476,373134.32835820894,0
3585,348190,15.0,1,2.5,3,1.0,1992,5,5,54.0,695.0,3.7402085928399744,342592.5925925926,0
3586,398400,8.0,1,2.0,3,1.0,1993,5,5,75.0,157.0,5.707454013311754,373333.3333333333,0
3587,347930,7.0,1,2.0,3,1.0,1967,3,5,62.0,1165.0,0.7606565226304659,266129.03225806454,0
3588,634450,1.0,1,2.7,4,1.0,2021,4,5,65.0,183.0,4.575223440360726,538461.5384615385,0
3589,667420,2.0,1,2.7,4,1.0,1987,5,5,36.0,252.0,6.347023633750732,625000.0,0
3590,854530,2.0,1,2.8,3,2.0,2024,8,10,5.0,56.0,1.6850742870066309,8000000.0,0
3591,675730,1.0,1,2.0,3,1.0,2025,11,12,39.0,258.0,4.874294086233896,1087876.923076923,0
3592,976930,2.0,1,2.0,4,2.0,2023,4,4,3.0,20.0,14.839932961601182,18166666.666666668,0
3593,649480,2.0,1,2.7,4,2.0,2023,6,11,52.0,121.0,8.256004020286131,673076.9038461539,0
3594,953170,1.0,2,2.0,4,2.0,2025,18,21,120.0,96.0,4.504396828222748,999166.6666666666,0
3595,516560,1.0,1,2.7,1,2.0,2014,2,14,72.0,133.0,5.694696639985004,562500.0,0
3596,940030,2.0,1,2.7,4,2.0,2025,12,13,45.0,33.0,4.085010801799497,844444.4444444445,0
3597,672600,2.0,1,2.0,3,2.0,2026,9,9,4.0,267.0,8.581008904130751,7800000.0,0
3598,456920,1.0,1,2.7,1,1.0,1989,1,2,4.0,139.0,5.8323224927717305,7000000.0,0
3599,457680,1.0,2,2.8,1,2.0,2009,8,16,78.0,76.0,4.765209876227186,474358.9743589744,0
3600,861380,2.0,1,2.7,3,2.0,2026,11,14,4.0,127.0,2.786625295539052,9625000.0,0
3601,649480,2.0,1,2.9,3,2.0,2024,2,3,6.0,188.0,7.559696749868969,6333333.333333333,0
3602,847510,1.0,1,2.0,3,2.0,2024,11,28,74.0,267.0,4.5525032501313225,1256756.7567567567,0
3603,658210,2.0,1,2.7,1,2.0,2015,5,5,95.0,16.0,11.532178293972244,631578.947368421,0
3604,630330,2.0,1,2.0,3,2.0,2024,5,12,42.0,205.0,1.8800062239945563,809523.8095238095,0
3605,738990,1.0,1,2.0,3,2.0,2024,7,17,58.0,300.0,3.5777111800236043,732758.6206896552,0
3606,614380,2.0,1,2.8,3,2.0,2021,9,12,4.0,172.0,5.145906708496973,12750000.0,0
3607,779860,1.0,1,2.0,4,2.0,2023,12,12,60.0,243.0,3.615361573418357,758333.3333333334,0
3608,649480,2.0,1,3.2,4,2.0,2023,1,3,81.0,187.0,6.963634114741628,1049382.7160493827,0
3609,459540,1.0,1,2.0,3,1.0,2011,6,6,57.0,285.0,6.025302914897791,421052.63157894736,0
3610,673750,1.0,1,2.0,3,1.0,2025,4,10,42.0,159.0,2.314713151639506,654761.9047619047,0
3611,634450,1.0,1,2.0,3,1.0,2021,4,9,6.0,62.0,3.8423951383411485,8000000.0,0
3612,438470,1.0,1,2.7,3,3.0,1983,3,6,65.0,22.0,3.48076728594033,430769.23076923075,0
3613,741660,1.0,1,2.0,2,2.0,2025,12,12,1.0,94.0,3.293101601753674,37500000.0,0
3614,819730,2.0,1,2.0,4,2.0,2022,8,10,70.0,117.0,3.1091914990257634,992857.1428571428,0
3615,907700,1.0,2,2.0,3,2.0,2021,2,14,132.0,211.0,2.9255958058695257,1045454.5454545454,0
3616,762040,1.0,1,2.0,3,1.0,2024,1,9,60.0,117.0,3.8407314507451136,680000.0,0
3617,562580,1.0,1,2.7,3,1.0,2020,9,9,38.0,153.0,5.079666495129316,552631.5789473684,0
3618,537690,1.0,2,2.65,3,2.0,2025,14,14,85.0,125.0,7.187955749624475,482352.9411764706,0
3619,562760,1.0,1,2.0,3,1.0,2026,8,9,73.0,207.0,5.368816872034671,452054.79452054796,0
3620,700490,1.0,1,2.0,3,2.0,2015,3,7,135.0,1349.0,3.104207164631071,1022222.2222222222,0
3621,573030,2.0,1,2.8,4,3.0,1983,3,5,3.0,57.0,3.874988840504267,14833333.333333334,0
3622,770570,1.0,1,2.0,1,2.0,2022,17,20,53.0,191.0,1.2935800516365221,1056603.7735849055,0
3623,804620,1.0,1,2.0,3,2.0,2025,5,9,5.0,150.0,3.0344796536282757,10000000.0,0
3624,558220,1.0,1,2.0,4,1.0,2025,5,12,42.0,129.0,5.750123481354394,761904.7619047619,0
3625,630560,2.0,1,2.0,3,3.0,1969,1,4,4.0,145.0,1.870768463148833,9375000.0,0
3626,727810,1.0,1,2.7,3,2.0,2023,12,13,67.0,226.0,2.6702431104830215,500000.0,0
3627,737210,1.0,2,2.0,3,2.0,2016,9,12,138.0,111.0,1.6873986277780764,797101.4492753623,0
3628,659280,2.0,1,2.75,4,1.0,1994,5,6,4.0,141.0,7.817755665235542,8925000.0,0
3629,522820,2.0,1,2.8,4,2.0,2009,10,10,4.0,303.0,4.681430851011541,7750000.0,0
3630,583490,2.0,1,2.7,4,1.0,1979,1,3,58.0,25.0,12.789091348262936,560344.8275862068,0
3631,865480,2.0,1,2.0,4,2.0,2025,9,9,44.0,92.0,3.0365478393922847,1238636.3636363635,0
3632,712140,2.0,1,2.7,1,2.0,2020,12,14,5.0,188.0,5.648135462838516,11200000.0,0
3633,719730,1.0,1,2.0,3,2.0,2021,10,18,1.0,241.0,1.5127792070056236,39000000.0,0
3634,632000,2.0,1,2.7,3,2.0,2025,5,6,17.0,55.0,6.253608877037341,2382352.9411764704,0
3635,675730,1.0,2,2.8,3,1.0,2025,3,10,85.0,169.0,5.019921591483087,388235.29411764705,0
3636,866770,2.0,1,2.0,3,2.0,2025,8,12,9.0,263.0,1.7188324123480168,7277777.777777778,0
3637,645230,1.0,1,2.0,3,2.0,2025,16,16,6.0,234.0,3.5952518418980906,9998333.333333334,0
3638,590940,2.0,2,2.8,3,2.0,2007,5,9,93.0,43.0,7.659867792464211,591397.8494623656,0
3639,750910,1.0,1,2.0,3,2.0,2020,2,12,86.0,269.0,3.16144467174531,674418.023255814,0
3640,765770,1.0,1,2.0,3,2.0,2019,6,18,97.0,83.0,3.0393230075567277,979381.4432989691,0
3641,899930,2.0,2,2.85,4,2.0,2021,10,16,3.0,165.0,4.096661454626762,28333333.333333332,0
3642,950160,2.0,1,2.0,3,2.0,2017,8,12,47.0,33.0,4.780666762495209,1165957.4468085107,0
3643,587010,1.0,1,2.0,3,1.0,2022,6,9,20.0,95.0,7.204520322017583,872500.0,0
3644,683460,1.0,1,2.0,3,2.0,2026,7,17,42.0,12.0,2.9848074294438196,726190.4761904762,0
3645,665070,2.0,1,2.85,3,2.0,2025,1,6,8.0,186.0,11.836598187695044,2437500.0,0
3646,617990,2.0,1,2.8,3,2.0,2018,12,12,9.0,47.0,5.020583932965786,4555555.555555556,0
3647,795830,2.0,1,2.65,3,2.0,2019,2,4,54.0,59.0,3.878657798322794,907407.4074074074,0
3648,666630,2.0,1,2.85,3,2.0,2025,6,6,2.0,36.0,4.738360701574096,15000000.0,0
3649,607750,2.0,1,2.64,3,2.0,2017,11,12,8.0,69.0,4.606888552632006,4750000.0,0
3650,575410,1.0,1,2.0,3,4.0,2024,6,12,47.0,317.0,6.29750521790422,446808.5106382979,0
3651,631690,1.0,1,2.0,4,1.0,2020,3,10,64.0,85.0,2.7542245964504777,757812.5,0
3652,650160,1.0,1,2.0,3,1.0,2025,6,9,1.0,209.0,2.9422609156116386,29700000.0,0
3653,572790,2.0,1,2.7,3,1.0,2024,2,9,63.0,255.0,8.671375729718417,873015.873015873,0
3654,610110,2.0,1,2.7,1,4.0,2015,2,5,55.0,292.0,14.803700678760041,563636.3636363636,0
3655,629940,2.0,1,2.85,4,2.0,2025,2,7,7.0,166.0,14.365264082092699,10285714.285714285,0
3656,465840,1.0,1,2.7,1,1.0,2004,4,5,50.0,33.0,6.534481229429884,500000.0,0
3657,625780,2.0,1,2.0,3,2.0,2023,3,5,3.0,260.0,6.67496248166781,8500000.0,0
3658,757870,2.0,2,2.8,1,2.0,2017,11,17,118.0,31.0,3.442214549969711,694915.2542372881,0
3659,854530,2.0,1,2.0,4,2.0,2024,2,13,56.0,87.0,1.3598013896493608,848214.2857142857,0
3660,738990,1.0,1,2.7,1,2.0,2024,4,9,1.0,193.0,2.906493786194672,36500000.0,0
3661,950160,2.0,1,2.0,3,2.0,2017,8,12,47.0,33.0,4.780666762495209,1165957.4468085107,0
3662,587010,1.0,1,2.0,3,1.0,2022,6,9,20.0,95.0,7.204520322017583,872500.0,0
3663,683460,1.0,1,2.0,3,2.0,2026,7,17,42.0,12.0,2.9848074294438196,726190.4761904762,0
3664,665070,2.0,1,2.85,3,2.0,2025,1,6,8.0,186.0,11.836598187695044,2437500.0,0
3665,617990,2.0,1,2.8,3,2.0,2018,12,12,9.0,47.0,5.020583932965786,4555555.555555556,0
3666,795830,2.0,1,2.65,3,2.0,2019,2,4,54.0,60.0,3.878657798322794,907407.4074074074,0
3667,666630,2.0,1,2.85,3,2.0,2025,6,6,2.0,36.0,4.738360701574096,15000000.0,0
3668,607750,2.0,1,2.64,3,2.0,2017,11,12,8.0,70.0,4.606888552632006,4750000.0,0
3669,575410,1.0,1,2.0,3,4.0,2024,6,12,47.0,317.0,6.29750521790422,446808.5106382979,0
3670,631690,1.0,1,2.0,4,1.0,2020,3,10,64.0,85.0,2.7542245964504777,757812.5,0
3671,650160,1.0,1,2.0,3,1.0,2025,6,9,1.0,209.0,2.9422609156116386,29700000.0,0
3672,572790,2.0,1,2.7,3,1.0,2024,2,9,63.0,255.0,8.671375729718417,873015.873015873,0
3673,610110,2.0,1,2.7,1,4.0,2015,2,5,55.0,292.0,14.803700678760041,563636.3636363636,0
3674,629940,2.0,1,2.85,4,2.0,2025,2,7,7.0,166.0,14.365264082092699,10285714.285714285,0
3675,465840,1.0,1,2.7,1,1.0,2004,4,5,50.0,33.0,6.534481229429884,500000.0,0
3676,733930,1.0,1,2.0,3,1.0,2024,3,13,50.0,329.0,3.1511628338217794,670000.0,0
3677,506540,1.0,1,2.5,4,1.0,2016,1,6,6.0,119.0,6.105543955114505,5833333.333333333,0
3678,650740,2.0,2,2.85,4,2.0,2016,9,16,135.0,88.0,7.35741170051573,337037.037037037,0
3679,602080,1.0,1,2.0,3,1.0,2026,7,12,40.0,196.0,5.709359977843119,672500.0,0
3680,786420,1.0,2,2.0,4,2.0,2023,9,9,1.0,16.0,6.090593685154121,50000000.0,0
3681,646680,2.0,2,3.3,3,2.0,2026,1,6,65.0,92.0,6.1609122172464845,800000.0,0
3682,865480,2.0,1,2.0,4,2.0,2025,4,9,8.0,310.0,3.0687249278492086,8500000.0,0
3683,620890,2.0,1,2.0,4,3.0,1971,4,4,64.0,307.0,1.5923502661845619,617187.5,0
3684,929670,1.0,2,2.7,4,2.0,2022,17,24,120.0,131.0,0.4648670902962968,875000.0,0
3685,490220,1.0,1,2.7,3,2.0,2007,3,12,5.0,254.0,7.137359961546561,5700000.0,0
3686,590670,2.0,2,2.7,3,2.0,2016,11,12,7.0,36.0,4.967629424189961,5071428.571428572,0
3687,703830,2.0,1,2.8,4,2.0,2022,4,9,5.0,306.0,6.489453555593255,8800000.0,0
3688,746320,2.0,1,2.65,3,3.0,1968,2,4,33.0,161.0,3.4692169240204227,742424.2424242424,0
3689,887590,1.0,2,2.0,3,4.0,2026,6,15,4.0,23.0,6.23445774940676,13375000.0,0
3690,608080,1.0,1,2.0,3,2.0,2023,3,9,41.0,307.0,3.589596477861319,756097.5609756098,0
3691,739020,2.0,2,2.0,4,2.0,2013,7,9,88.0,181.0,8.485159654677307,738636.3636363636,0
3692,827760,2.0,1,2.8,1,2.0,2021,3,10,9.0,250.0,1.8398225922564495,5166666.666666667,0
3693,634450,1.0,1,2.0,3,1.0,2021,5,8,5.0,184.0,1.5442303785424412,9600000.0,0
3694,683910,2.0,1,2.6,3,2.0,2024,4,5,42.0,149.0,11.280705821942712,833333.3333333334,0
3695,444620,1.0,1,2.7,3,3.0,1992,2,9,52.0,25.0,5.192993761989576,480769.23076923075,0
3696,488860,16.0,1,2.7,3,2.0,2027,8,12,4.0,529.0,1.760183080131503,5220000.0,0
3697,514700,1.0,1,2.7,1,2.0,2013,12,18,63.0,1844.0,6.04408271046634,396825.3968253968,0
3698,510650,1.0,1,2.5,1,2.0,2011,5,5,20.0,720.0,6.676993764569855,685000.0,0
3699,412190,15.0,1,2.0,4,1.0,2020,5,10,6.0,2090.0,2.4975428076865143,9666666.666666666,0
3700,745320,1.0,1,2.0,3,1.0,2026,3,12,40.0,289.0,3.040701133818896,999250.0,0
3701,686620,1.0,1,2.0,3,4.0,2022,14,17,40.0,63.0,7.435077798561988,637500.0,0
3702,666630,2.0,1,2.0,3,2.0,2025,7,9,40.0,660.0,4.948795871921285,725000.0,0
3703,703830,2.0,2,2.7,4,2.0,2022,5,10,4.0,117.0,8.752932637523362,12500000.0,0
3704,462040,1.0,1,2.8,2,1.0,2011,6,9,84.0,330.0,4.269012953004807,523809.5238095238,0
3705,855060,2.0,2,2.0,4,2.0,2023,18,18,70.0,37.0,1.518879731699375,928571.4285714285,0
3706,651480,2.0,1,2.7,3,4.0,2021,2,5,6.0,300.0,7.954556772435689,4333333.166666667,0
3707,630330,2.0,1,2.85,3,2.0,2024,6,12,60.0,305.0,5.624405351474054,516666.6666666667,0
3708,620910,2.0,1,2.8,1,2.0,2015,10,12,5.0,268.0,4.594885666329799,4600000.0,0
3709,491700,2.0,1,2.7,4,2.0,2021,8,8,6.0,308.0,6.036470925211653,4750000.0,0
3710,784570,2.0,1,2.9,4,2.0,2012,4,10,5.0,1814.0,8.308055413725526,9600000.0,0
3711,675730,1.0,2,2.0,3,1.0,2025,7,8,7.0,24.0,3.1526283498391137,9928571.42857143,0
3712,518330,1.0,1,2.7,3,2.0,2014,5,10,56.0,71.0,6.510142724310419,455357.14285714284,0
3713,861380,2.0,1,2.8,3,2.0,2026,3,3,86.0,94.0,7.859543440606684,697674.4186046511,0
3714,619330,2.0,1,2.8,1,2.0,2012,9,10,50.0,282.0,5.0501150368732155,600000.0,0
3715,634650,1.0,1,2.0,4,2.0,2023,10,12,1.0,268.0,4.8202434679595445,49000000.0,0
3716,731940,1.0,1,2.65,3,2.0,2023,1,12,4.0,40.0,5.271178432460657,6125000.0,0
3717,711630,1.0,1,2.0,3,2.0,2020,12,13,40.0,83.0,1.8735519460723251,847500.0,0
3718,641580,1.0,1,2.8,3,1.0,2020,2,7,75.0,63.0,3.0401185610158046,460000.0,0
3719,740920,2.0,1,2.5,3,3.0,1975,3,5,56.0,624.0,5.381690403372873,696428.5714285715,0
3720,724870,2.0,1,2.0,3,2.0,2012,5,14,76.0,83.0,3.2513850152389496,750000.0,0
3721,861120,1.0,2,2.0,3,2.0,2026,7,9,72.0,232.0,6.225109468250207,583319.4444444445,0
3722,866770,2.0,1,3.3,4,2.0,2025,1,19,52.0,116.0,5.3703820188516875,1721153.8461538462,0
3723,631060,2.0,1,2.7,3,2.0,2025,2,6,7.0,68.0,6.307779536306659,7285714.285714285,0
3724,745580,1.0,1,2.0,3,4.0,2023,4,9,7.0,41.0,1.8176144659503126,9285714.285714285,0
3725,773900,2.0,1,2.8,3,2.0,2021,12,13,44.0,154.0,3.1633252834217345,861363.6363636364,0
3726,625730,1.0,1,2.8,3,2.0,2017,3,13,80.0,4.0,4.047670331664975,512500.0,0
3727,683460,1.0,1,2.0,3,2.0,2026,2,9,98.0,259.0,7.248864896288257,254081.6326530612,0
3728,875210,2.0,1,2.0,4,2.0,2024,3,3,52.0,133.0,8.312419339620158,1076923.076923077,0
3729,683910,2.0,1,2.7,3,2.0,2024,5,9,63.0,18.0,10.316383282420745,587301.5873015873,0
3730,655120,2.0,1,2.0,4,2.0,2021,4,8,60.0,141.0,6.164136465899416,616666.6666666666,0
3731,831400,2.0,1,2.0,1,2.0,2015,9,15,4.0,316.0,0.7740441440890304,12500000.0,0
3732,841660,2.0,1,2.8,3,2.0,2025,1,6,39.0,259.0,12.415817750606802,871794.8717948718,0
3733,663570,2.0,1,2.0,3,2.0,2025,7,12,7.0,16.0,6.236485107919834,4142857.1428571427,0
3734,542090,1.0,2,2.0,4,2.0,2009,12,13,2.0,183.0,1.3799689822325383,41000000.0,0
3735,812770,1.0,2,2.0,3,2.0,2026,12,14,1.0,152.0,4.469395626235462,45500000.0,0
3736,754220,2.0,1,2.0,3,3.0,1975,5,5,6.0,20.0,5.009852627475513,7000000.0,0
3737,885770,2.0,1,2.0,1,2.0,2021,2,10,4.0,117.0,7.8140391150100506,8250000.0,0
3738,570860,2.0,1,2.7,1,1.0,1998,5,5,65.0,294.0,15.707025197031736,576923.0769230769,0
3739,675730,1.0,1,2.0,3,1.0,2025,4,12,1.0,261.0,4.737586661820667,53000000.0,0
3740,744460,1.0,1,2.7,3,2.0,2020,6,11,5.0,151.0,2.018280447151227,6000000.0,0
3741,764970,2.0,1,2.0,1,3.0,1975,4,5,15.0,542.0,2.7749534917962504,853333.3333333334,0
3742,540660,1.0,1,2.7,3,1.0,2023,4,12,6.0,109.0,6.811809737764352,4583333.333333333,0
3743,737590,1.0,1,2.85,3,2.0,2026,9,9,39.0,242.0,7.220273217769755,474358.9743589744,0
3744,679580,2.0,1,2.8,4,2.0,2025,2,10,80.0,315.0,3.84987068739421,737500.0,0
3745,628200,2.0,1,2.75,3,4.0,1960,1,1,57.0,18.0,7.955609033581982,526315.7894736842,0
3746,487710,1.0,1,2.8,1,1.0,2008,1,9,3.0,17.0,5.709897802323558,11333333.333333334,0
3747,705530,2.0,1,2.7,4,2.0,2023,7,13,2.0,72.0,7.696167174056383,19250000.0,0
3748,881700,2.0,1,2.7,4,4.0,2023,1,10,8.0,150.0,12.328655510987842,4625000.0,0
3749,844360,2.0,2,2.7,3,2.0,2023,13,15,5.0,294.0,3.3376858892966035,11400000.0,0
3750,779860,1.0,1,2.8,3,2.0,2023,12,14,7.0,119.0,1.6343229571066826,4142857.1428571427,0
3751,865480,2.0,1,2.0,3,2.0,2025,7,9,50.0,307.0,3.0528143389612783,978000.0,0
3752,763580,2.0,2,2.0,4,2.0,2024,12,12,94.0,16.0,5.787696808062007,728723.4042553192,0
3753,747440,2.0,2,2.7,1,2.0,2019,5,5,9.0,179.0,11.271874447149433,7000000.0,0
3754,881790,2.0,1,2.0,3,2.0,2023,17,17,8.0,232.0,3.291354926658195,6875000.0,0
3755,709440,1.0,1,2.0,1,2.0,2021,9,9,1.0,101.0,5.700416238624047,27000000.0,0
3756,716860,2.0,1,2.0,3,3.0,1970,4,4,7.0,197.0,3.859335107262447,5571428.571428572,0
3757,631060,2.0,1,2.85,5,2.0,2025,4,7,5.0,309.0,2.6566574840445596,6300000.0,0
3758,534330,2.0,1,2.8,3,2.0,2014,5,7,33.0,97.0,7.612890667919681,636060.6060606061,0
3759,727810,1.0,1,2.0,1,2.0,2023,7,9,60.0,0.0,1.8288591289978884,800000.0,0
3760,300670,9.0,1,2.5,4,3.0,1970,1,5,62.0,0.0,11.413953734252777,379032.2580645161,0
3761,525580,2.0,2,2.9,3,2.0,2010,10,10,4.0,157.0,8.505942263699602,15250000.0,0
3762,592540,2.0,1,2.75,4,2.0,2022,12,12,8.0,252.0,5.265157639008517,5562500.0,0
3763,847300,2.0,1,2.0,4,2.0,2024,6,12,2.0,273.0,1.3978078352279055,23500000.0,0
3764,605950,2.0,1,2.7,3,2.0,2023,7,7,70.0,92.0,4.861375819191044,550000.0,0
3765,551600,2.0,1,2.8,1,2.0,2017,4,5,78.0,10.0,7.561498664324987,551282.0512820513,0
3766,540660,1.0,1,2.0,4,1.0,2023,3,7,69.0,80.0,7.241271251651161,536231.8840579711,0
3767,957850,2.0,1,2.75,3,2.0,2025,3,6,7.0,283.0,12.415817750606802,8285714.285714285,0
3768,727610,2.0,2,3.1,1,2.0,2010,1,5,5.0,64.0,9.27095945170841,21400000.0,0
3769,532050,2.0,1,2.0,1,1.0,1976,2,2,70.0,115.0,12.99065601459129,614285.7142857143,0
3770,752590,2.0,1,2.8,3,2.0,2012,8,22,80.0,146.0,0.7310841884468777,762500.0,0
3771,634960,2.0,1,2.0,3,2.0,2018,1,2,54.0,257.0,11.426126460940418,527777.7777777778,0
3772,630330,2.0,1,2.7,4,2.0,2024,6,7,49.0,132.0,4.861375819191044,673469.387755102,0
3773,854530,2.0,1,2.0,3,2.0,2024,11,13,4.0,11.0,1.4145660400419617,8350000.0,0
3774,803430,1.0,1,2.7,3,2.0,2026,3,9,36.0,229.0,8.164447108079596,736111.1111111111,0
3775,663570,2.0,1,2.0,3,2.0,2025,4,12,1.0,159.0,6.244181614038436,28750000.0,0
3776,575410,1.0,1,2.0,3,4.0,2024,15,16,37.0,255.0,6.333897087322483,616216.2162162162,0
3777,677680,1.0,1,2.0,3,2.0,2025,11,16,39.0,16.0,4.551846880820805,653846.1538461539,0
3778,901350,2.0,1,2.9,4,2.0,2023,6,16,80.0,192.0,3.0074949753929583,898750.0,0
3779,795740,1.0,1,2.7,4,2.0,2024,9,9,40.0,86.0,2.9177646776893496,900000.0,0
3780,741660,1.0,1,2.0,4,2.0,2025,5,9,37.0,11.0,2.9142640004760216,851351.3513513514,0
3781,723320,2.0,2,2.0,3,2.0,2026,2,12,92.0,259.0,8.04814290203791,847826.0869565217,0
3782,545600,1.0,1,2.7,3,1.0,2024,11,12,39.0,42.0,6.824349786827027,638461.5384615385,0
3783,802920,1.0,2,2.7,3,2.0,2021,3,5,6.0,139.0,5.828807914135291,7500000.0,0
3784,687090,2.0,1,2.7,4,2.0,2021,9,16,2.0,231.0,5.668621375900159,14750000.0,0
3785,666580,1.0,2,2.0,3,1.0,2024,6,9,85.0,296.0,3.273882163773784,741176.4705882353,0
3786,940030,2.0,1,2.7,4,2.0,2025,11,12,45.0,59.0,2.720871125385516,1100000.0,0
3787,636550,2.0,1,2.5,1,3.0,1965,1,4,6.0,51.0,3.253650116200008,6416666.666666667,0
3788,978290,2.0,2,3.3,4,2.0,2018,2,7,5.0,252.0,6.275832963422303,16800000.0,0
3789,881790,2.0,1,2.7,4,2.0,2023,13,17,6.0,273.0,2.8854109104771806,8500000.0,0
3790,992170,2.0,1,3.3,4,2.0,2019,5,8,117.0,102.0,7.148162927073448,940170.9401709401,0
3791,550100,1.0,2,2.8,4,4.0,2009,3,14,101.0,246.0,0.13435887977699174,533663.3663366337,0
3792,649480,2.0,1,2.0,4,2.0,2022,1,10,63.0,210.0,8.27428822765846,714285.7142857143,0
3793,537110,2.0,1,2.7,3,2.0,2015,5,5,77.0,119.0,6.973237706437116,480519.48051948054,0
3794,632000,2.0,1,2.8,3,2.0,2025,5,6,54.0,296.0,6.095764054222847,694444.4444444445,0
3795,672120,2.0,1,2.75,3,2.0,2026,2,7,46.0,275.0,4.389092086724616,539130.4347826086,0
3796,583440,1.0,1,2.0,1,1.0,2020,10,10,6.0,298.0,4.070047201405051,5083333.333333333,0
3797,846820,2.0,1,2.0,3,2.0,2025,6,16,75.0,200.0,1.9050094386114442,1160000.0,0
3798,829730,1.0,1,2.7,3,2.0,2023,9,19,76.0,131.0,2.8617995703158137,1063157.894736842,0
3799,658210,1.0,2,3.3,3,2.0,2024,5,13,90.0,250.0,4.796428709883744,688888.8888888889,0
3800,804620,1.0,2,2.0,4,2.0,2025,11,12,90.0,283.0,2.174128689625656,844444.4444444445,0
3801,983100,2.0,1,2.0,3,2.0,2022,13,17,70.0,10.0,0.9021862192650532,1128571.4285714286,0
3802,576070,1.0,1,2.0,3,2.0,2021,2,16,36.0,128.0,4.344653461828924,763888.8888888889,0
3803,649480,2.0,1,2.7,3,2.0,2022,5,9,9.0,251.0,8.560700614414982,3333333.3333333335,0
3804,649480,2.0,1,2.0,4,2.0,2023,5,9,9.0,296.0,7.994576185460147,4666666.666666667,0
3805,679690,1.0,1,2.7,3,2.0,2017,7,9,68.0,122.0,3.4841746386656753,632352.9411764706,0
3806,984720,2.0,2,2.0,1,1.0,1978,4,5,3.0,176.0,5.968227082111239,27166666.666666668,0
3807,992770,2.0,1,2.8,2,2.0,1994,5,12,60.0,1021.0,6.589352894663616,933333.3333333334,0
3808,625310,1.0,1,2.7,4,3.0,2020,11,16,54.0,248.0,4.754889393674535,575925.925925926,0
3809,551860,1.0,1,2.0,4,1.0,2021,6,16,44.0,72.0,9.729172208937067,443181.8181818182,0
3810,629940,2.0,2,2.85,4,2.0,2024,3,4,86.0,263.0,14.797511080388777,674418.6046511628,0
3811,719430,2.0,1,2.0,3,3.0,1975,1,5,16.0,152.0,5.405939294371004,2937500.0,0
3812,525580,2.0,2,2.9,3,2.0,2010,10,10,4.0,159.0,8.505942263699602,15250000.0,0
3813,549960,2.0,1,2.6,4,2.0,2012,3,9,4.0,182.0,4.904616325337657,11875000.0,0
3814,659120,1.0,2,2.7,1,1.0,2023,3,9,75.0,96.0,3.1341731797139607,473333.3333333333,0
3815,630330,2.0,1,2.0,4,2.0,2024,11,12,42.0,122.0,1.9758191633895434,976190.4761904762,0
3816,644140,1.0,1,2.0,1,2.0,2015,6,8,132.0,204.0,1.9415822678226788,545454.5454545454,0
3817,518330,1.0,1,2.7,1,2.0,2014,3,10,70.0,529.0,6.451354958926918,428571.4285714286,0
3818,899930,2.0,2,2.8,4,2.0,2021,1,10,85.0,219.0,7.774492467187151,870588.2352941176,0
3819,812770,1.0,2,2.0,3,2.0,2026,2,16,56.0,116.0,2.7188389480234783,1071428.5714285714,0
3820,688930,2.0,1,2.7,3,2.0,2024,1,3,86.0,296.0,10.009199220915209,581395.3488372093,0
3821,616310,1.0,1,2.7,4,3.0,2025,5,14,35.0,119.0,2.829613338137473,757142.8571428572,0
3822,632000,2.0,1,2.0,5,2.0,2025,1,5,50.0,64.0,6.859346137283466,500000.0,0
3823,657890,1.0,1,2.0,1,1.0,2016,9,10,5.0,82.0,3.1687670537675583,5000000.0,0
3824,491700,2.0,1,2.7,4,2.0,2021,8,8,6.0,308.0,6.036470925211653,4750000.0,0
3825,724360,2.0,1,2.74,3,3.0,2023,8,12,85.0,313.0,1.6088886160318288,858823.5294117647,0
3826,703830,2.0,1,2.7,3,2.0,2022,1,5,6.0,215.0,8.609662546092206,7333333.333333333,0
3827,386380,5.0,1,2.0,4,1.0,2018,1,5,5.0,851.0,7.066635771596322,6200000.0,0
3828,901260,2.0,1,2.7,3,4.0,2023,8,16,5.0,278.0,2.967536659795945,11060000.0,0
3829,640650,2.0,1,2.7,3,2.0,2023,6,10,4.0,122.0,10.790907926959532,11625000.0,0
3830,703830,2.0,1,2.8,4,2.0,2022,4,10,8.0,290.0,8.092444795606504,5875000.0,0
3831,933950,2.0,1,2.0,3,2.0,2019,10,13,43.0,198.0,4.008473933374144,976744.1860465116,0
3832,650160,1.0,1,2.0,3,1.0,2025,8,12,40.0,127.0,2.8327819468624176,737500.0,0
3833,746490,1.0,1,2.0,3,1.0,2021,4,7,134.0,30.0,3.2009388302712987,664179.104477612,0
3834,617130,2.0,1,2.0,4,2.0,2024,1,5,45.0,254.0,6.951031410825719,611111.1111111111,0
3835,829730,1.0,2,2.0,3,2.0,2023,6,8,89.0,53.0,2.1496348993515437,898876.404494382,0
3836,617130,2.0,1,2.0,5,2.0,2024,3,5,55.0,23.0,6.960678252599311,618181.8181818182,0
3837,881790,2.0,1,2.8,3,2.0,2023,4,12,60.0,134.0,2.6674257598181867,950000.0,0
3838,943440,2.0,1,2.0,3,2.0,2016,12,13,108.0,188.0,5.207973184947572,981481.4814814815,0
3839,668240,2.0,1,2.7,4,2.0,2024,2,13,59.0,254.0,7.659430120532378,830508.4745762711,0
3840,875210,2.0,2,3.1,4,2.0,2024,2,3,73.0,100.0,5.382927574339168,1136986.301369863,0
3841,786420,1.0,2,2.7,3,2.0,2023,9,10,75.0,205.0,8.675331186682492,533333.3333333334,0
3842,865480,2.0,1,2.0,3,2.0,2025,4,16,78.0,148.0,1.6280319685000226,653846.1538461539,0
3843,651140,2.0,1,2.8,3,3.0,1991,5,5,60.0,110.0,9.885978190268686,550000.0,0
3844,647920,1.0,1,2.7,3,1.0,2014,9,16,47.0,274.0,3.8214948475214157,487234.0425531915,0
3845,449800,1.0,1,2.8,3,1.0,2026,3,6,52.0,71.0,9.09316241939477,292307.6923076923,0
3846,976930,2.0,1,2.8,1,2.0,2023,12,16,60.0,223.0,6.318829072367021,941666.6666666666,0
3847,720790,1.0,1,2.7,1,2.0,2019,14,24,6.0,190.0,2.8689228915189675,5083333.333333333,0
3848,694650,2.0,1,2.7,4,2.0,2025,6,9,32.0,103.0,8.462431637129164,715625.0,0
3849,901350,2.0,2,2.0,3,2.0,2023,10,21,101.0,264.0,0.9352795535296227,752475.2475247525,0
3850,874680,2.0,1,2.0,4,2.0,2020,12,13,55.0,241.0,4.948436247713876,1309090.9090909092,0
3851,870550,2.0,1,2.74,3,2.0,2023,6,17,73.0,252.0,3.2226600234182294,780821.9178082192,0
3852,706550,1.0,1,3.3,4,1.0,2019,5,9,60.0,170.0,3.585004239861574,800000.0,0
3853,712420,2.0,1,2.7,3,3.0,1985,5,5,2.0,180.0,9.623988367650702,28000000.0,0
3854,585910,2.0,1,2.7,1,1.0,1985,1,3,60.0,147.0,3.3791525906446513,583333.3333333334,0
3855,687110,1.0,1,2.0,3,4.0,2019,3,18,38.0,184.0,3.0195498742401106,960526.3157894737,0
3856,694650,2.0,1,2.7,4,2.0,2025,4,9,5.0,33.0,8.369660711681066,5100000.0,0
3857,602080,1.0,1,2.0,3,1.0,2026,2,12,36.0,296.0,6.768900596806263,456944.44444444444,0
3858,666630,2.0,1,2.7,4,2.0,2025,7,9,3.0,274.0,2.7607709159539366,8833333.333333334,0
3859,786130,1.0,2,2.7,1,1.0,2018,2,8,115.0,1.0,3.5002083158532744,781739.1304347826,0
3860,683910,2.0,1,2.85,3,2.0,2025,2,6,92.0,127.0,11.836598187695044,314130.4347826087,0
3861,632000,2.0,1,2.85,3,2.0,2025,4,12,2.0,250.0,5.557731861342859,13850000.0,0
3862,564730,2.0,2,2.8,1,2.0,2015,1,5,2.0,66.0,7.171978610388992,16750000.0,0
3863,522820,2.0,1,2.0,1,2.0,2012,2,12,6.0,87.0,4.71261914031262,9666666.666666666,0
3864,949130,1.0,1,2.0,3,2.0,2024,3,20,84.0,2391.0,4.375567148059707,1285714.2857142857,0
3865,694650,2.0,1,2.7,4,2.0,2025,6,9,32.0,103.0,8.462431637129164,715625.0,0
3866,901350,2.0,2,2.0,3,2.0,2023,10,21,101.0,268.0,0.9352795535296227,752475.2475247525,0
3867,874680,2.0,1,2.0,4,2.0,2020,12,13,55.0,241.0,4.948436247713876,1309090.9090909092,0
3868,870550,2.0,1,2.74,3,2.0,2023,6,17,73.0,252.0,3.2226600234182294,780821.9178082192,0
3869,901350,2.0,2,2.0,3,2.0,2023,10,21,101.0,268.0,0.9352795535296227,752475.2475247525,0
3870,560770,2.0,1,2.0,4,2.0,2014,1,4,67.0,94.0,5.726843267763544,462686.5671641791,0
3871,649480,2.0,1,2.0,4,2.0,2022,1,10,63.0,210.0,8.27428822765846,714285.7142857143,0
3872,872950,2.0,1,3.2,4,2.0,2004,3,16,75.0,2.0,4.419800775600718,973333.3333333334,0
3873,562620,2.0,1,2.8,3,3.0,1987,5,5,51.0,242.0,11.960753192266747,568627.4509803922,0
3874,784570,2.0,1,2.0,4,2.0,2008,7,9,55.0,281.0,7.204801936699887,1090909.0909090908,0
3875,726030,2.0,1,2.8,3,2.0,2007,4,12,75.0,60.0,3.9280782918990047,768000.0,0
3876,578030,2.0,1,2.83,1,3.0,1981,5,5,76.0,285.0,8.755400531357102,519736.84210526315,0
3877,851280,1.0,1,2.9,3,2.0,2025,4,9,84.0,237.0,5.762459664742752,452380.95238095237,0
3878,653850,2.0,1,2.7,4,2.0,2020,2,6,59.0,7.0,7.575422440824765,627118.6440677966,0
3879,653850,2.0,1,2.7,4,2.0,2020,14,16,63.0,121.0,5.654386125802896,682539.6825396825,0
3880,588700,1.0,1,2.65,4,2.0,2026,9,12,35.0,306.0,6.746218079744984,628571.4285714285,0
3881,476200,1.0,1,2.7,3,2.0,2016,8,21,83.0,38.0,4.830640163922561,578313.2530120482,0
3882,649480,2.0,1,2.8,3,2.0,2024,5,9,8.0,165.0,8.012599966577243,4750000.0,0
3883,875210,2.0,1,3.2,4,2.0,2024,7,12,50.0,37.0,4.3925083699239895,1478000.0,0
3884,460850,1.0,1,2.0,2,3.0,1996,3,5,58.0,24.0,4.194729126027812,482586.2068965517,0
3885,770570,1.0,1,2.0,1,2.0,2022,12,16,5.0,195.0,5.421210474913963,6998000.0,0
3886,558220,1.0,1,2.0,4,1.0,2025,6,9,4.0,22.0,4.635586840866319,12175000.0,0
3887,633620,2.0,1,2.85,5,2.0,2026,4,6,4.0,312.0,11.836598187695044,9500000.0,0
3888,902700,2.0,1,2.0,1,2.0,2020,2,10,5.0,66.0,5.091285056240718,18400000.0,0
3889,666630,2.0,1,2.85,5,2.0,2025,3,6,5.0,121.0,5.178926369634897,5400000.0,0
3890,630330,2.0,1,2.0,3,2.0,2024,1,5,50.0,149.0,6.859346137283466,500000.0,0
3891,881790,2.0,1,2.7,4,2.0,2023,12,18,2.0,107.0,2.786625295539052,25500000.0,0
3892,703830,2.0,1,2.7,1,2.0,2022,5,5,77.0,298.0,8.75766762485062,376623.3766233766,0
3893,702140,2.0,1,2.7,2,2.0,2019,12,12,7.0,140.0,4.876413742320376,3285714.285714286,0
3894,588410,8.0,1,2.0,3,2.0,2025,8,16,4.0,558.0,0.2217690684114433,12000000.0,0
3895,594430,8.0,1,2.9,3,2.0,2024,14,14,75.0,81.0,1.1342469731419182,666666.6666666666,0
3896,829270,2.0,1,2.0,3,2.0,2023,2,15,77.0,170.0,7.644831886247402,922077.922077922,0
3897,677680,1.0,1,2.0,3,2.0,2025,13,15,5.0,184.0,6.348201013524184,5580000.0,0
3898,741660,1.0,1,2.0,3,2.0,2025,7,9,63.0,243.0,3.5414560828286805,650793.6507936508,0
3899,663570,2.0,1,2.0,4,2.0,2025,9,9,5.0,227.0,8.369660711681066,6780000.0,0
3900,777940,2.0,1,2.0,4,2.0,2007,6,9,4.0,274.0,4.006500781582321,12250000.0,0
3901,560770,2.0,1,2.8,4,2.0,2014,9,9,8.0,87.0,5.971539199412776,3975000.0,0
3902,740560,1.0,1,2.0,1,2.0,2018,4,8,4.0,285.0,3.1237785493348675,15125000.0,0
3903,576790,1.0,1,2.7,4,2.0,2022,13,13,8.0,61.0,6.518057052571061,2875000.0,0
3904,691440,2.0,1,2.7,3,2.0,2026,6,9,45.0,155.0,11.805381824869238,577777.7777777778,0
3905,579280,1.0,1,2.7,3,2.0,2025,6,14,35.0,167.0,7.220579271781691,534285.7142857143,0
3906,663570,2.0,1,2.7,4,2.0,2025,6,9,44.0,110.0,8.448976712144848,738636.3636363636,0
3907,863060,2.0,1,2.7,4,3.0,1978,5,5,6.0,119.0,2.1056347946393585,4833333.333333333,0
3908,630330,2.0,1,2.9,4,2.0,2024,4,6,40.0,148.0,4.738360701574096,825000.0,0
3909,814110,2.0,1,2.7,1,1.0,1975,2,4,4.0,22.0,2.138706066582883,14000000.0,0
3910,560630,1.0,2,2.7,1,1.0,2016,1,9,2.0,97.0,3.1391505039510683,24500000.0,0
3911,590070,1.0,1,2.0,1,1.0,2023,9,9,39.0,203.0,5.182644581105507,523076.92307692306,0
3912,400630,15.0,1,2.0,3,4.0,2024,9,10,103.0,25.0,5.208283420923312,436893.2038834951,0
3913,560630,1.0,1,2.7,4,1.0,2016,3,5,80.0,85.0,5.944464620133591,387500.0,0
3914,683910,2.0,1,2.0,3,2.0,2025,2,9,5.0,557.0,11.503082142932447,8399999.8,0
3915,738990,1.0,1,2.0,4,2.0,2024,14,17,5.0,1513.0,3.5836200834340377,6800000.0,0
3916,483000,1.0,1,2.7,1,1.0,2008,17,17,28.0,481.0,6.679920660823244,457142.85714285716,0
3917,481530,9.0,1,2.0,2,1.0,1979,5,5,87.0,87.0,5.020855613362949,316091.9540229885,0
3918,483420,10.0,1,2.5,3,1.0,2009,3,10,100.0,208.0,1.1776788573251062,470000.0,0
3919,666630,2.0,1,2.85,4,2.0,2025,4,6,40.0,194.0,4.698113789500991,875000.0,0
3920,817740,2.0,2,2.0,3,2.0,2007,11,13,165.0,229.0,2.408892717910381,848484.8484848485,0
3921,672600,2.0,1,3.3,3,2.0,2026,4,5,8.0,158.0,6.433274177461227,6750000.0,0
3922,670370,2.0,1,2.85,4,2.0,2024,5,12,49.0,322.0,5.547075030903852,612244.8979591837,0
3923,632150,2.0,1,2.0,3,4.0,2024,5,9,7.0,282.0,8.712980686073166,5071428.571428572,0
3924,586550,1.0,1,2.7,4,2.0,2023,8,24,3.0,47.0,4.568763240212543,8500000.0,0
3925,733050,1.0,1,2.0,3,4.0,2022,3,9,60.0,24.0,7.204520322017583,645000.0,0
3926,672120,2.0,1,2.7,3,2.0,2026,2,6,38.0,143.0,6.231746309045683,905263.1578947369,0
3927,474180,1.0,2,2.8,3,1.0,2005,8,9,135.0,260.0,4.274077840825531,481481.48148148146,0
3928,629050,2.0,1,2.6,4,3.0,1965,2,4,56.0,99.0,2.6189171624987275,714285.7142857143,0
3929,453560,1.0,1,2.7,1,1.0,2005,8,9,4.0,304.0,4.876054091765931,9000000.0,0
3930,759010,1.0,1,2.8,4,2.0,2021,2,3,94.0,230.0,11.047657123616693,472340.42553191487,0
3931,803430,1.0,2,3.3,3,2.0,2026,12,12,70.0,46.0,4.4940589092578485,907142.8571428572,0
3932,544240,2.0,1,2.0,3,1.0,1965,1,3,42.0,281.0,14.536081125317816,642857.1428571428,0
3933,813690,1.0,1,2.0,1,2.0,2022,2,14,90.0,291.0,0.4298011077642353,888888.8888888889,0
3934,604170,1.0,1,2.0,3,1.0,2025,4,12,38.0,245.0,3.3872954234598294,921052.6315789474,0
3935,488920,1.0,1,2.7,3,2.0,2015,5,9,99.0,277.0,5.154118663763212,373232.3232323232,0
3936,636610,2.0,1,2.0,3,2.0,2026,4,12,59.0,78.0,2.2018418498295427,523728.81355932204,0
3937,892940,2.0,1,2.0,3,2.0,2009,4,9,54.0,279.0,4.182996719307882,888888.8888888889,0
3938,940030,2.0,1,2.9,3,2.0,2025,13,17,4.0,220.0,2.7395111981411495,8750000.0,0
3939,992150,2.0,1,2.8,3,2.0,2022,9,16,95.0,124.0,6.293829158906176,736842.1052631579,0
3940,649480,2.0,1,2.75,3,2.0,2022,2,10,70.0,11.0,8.445212099443639,571428.5714285715,0
3941,460280,1.0,1,2.7,3,1.0,2007,9,9,5.0,44.0,4.128983918511727,9600000.0,0
3942,952720,2.0,1,2.8,4,2.0,2021,3,5,4.0,119.0,12.097860415543588,9875000.0,0
3943,675730,1.0,1,2.0,3,1.0,2025,11,12,39.0,130.0,4.87589808439621,951892.3076923077,0
3944,698340,2.0,2,2.7,3,2.0,2013,10,10,9.0,223.0,1.8576543983384255,5951111.111111111,0
3945,739020,2.0,2,2.0,4,2.0,2012,10,16,108.0,108.0,7.08243570630174,351851.85185185185,0
3946,979640,2.0,1,2.0,3,4.0,2008,1,5,95.0,155.0,6.78543046368516,1368421.0526315789,0
3947,384670,2.0,1,2.7,1,4.0,1964,2,2,2.0,129.0,12.72527716161,15000000.0,0
3948,687090,2.0,1,2.7,4,2.0,2024,5,9,29.0,131.0,8.11221692868847,948275.8620689656,0
3949,976930,2.0,1,3.5,3,2.0,2023,9,10,9.0,191.0,9.1723649211734,12777777.777777778,0
3950,561730,2.0,2,2.0,3,2.0,2018,1,12,88.0,287.0,4.701055088518338,517045.45454545453,0
3951,618420,2.0,1,2.75,1,2.0,2020,6,12,8.0,88.0,5.119902512847019,4250000.0,0
3952,638490,1.0,1,2.0,4,1.0,2024,2,9,58.0,228.0,3.3822759017184896,793103.448275862,0
3953,608560,1.0,1,2.8,3,2.0,2020,17,22,47.0,814.0,8.305695907699574,531914.8936170213,0
3954,771780,1.0,1,2.0,3,4.0,2024,13,14,4.0,55.0,3.856423993410233,7950000.0,0
3955,530510,2.0,1,2.85,3,2.0,2025,1,7,8.0,244.0,2.7021071730855946,3429375.0,0
3956,777660,2.0,1,2.5,1,3.0,1989,5,5,83.0,150.0,2.107715512235442,746987.951807229,0
3957,881790,2.0,1,2.0,4,2.0,2023,18,18,1.0,50.0,2.916679711151296,50000000.0,0
3958,742470,1.0,1,2.65,3,2.0,2025,10,14,2.0,131.0,5.334124119877994,13700000.0,0
3959,744830,2.0,1,2.6,1,3.0,1991,5,5,68.0,58.0,9.335169434331466,764705.8823529412,0
3960,831260,2.0,1,2.8,3,1.0,1980,5,5,54.0,153.0,5.89138009174161,1203703.7037037036,0
3961,670370,2.0,1,2.7,3,2.0,2024,4,12,44.0,220.0,5.899868140919861,886363.6363636364,0
3962,579860,1.0,1,2.7,3,1.0,2023,2,9,37.0,233.0,6.21880419962952,621621.6216216217,0
3963,529290,1.0,1,2.7,4,1.0,2014,2,12,46.0,309.0,5.1505832019014,510869.5652173913,0
3964,702140,2.0,1,2.7,2,2.0,2019,12,12,7.0,142.0,4.876413742320376,3285714.285714286,0
3965,925150,2.0,1,2.9,4,2.0,2023,12,13,3.0,270.0,2.4422813584977536,28333333.333333332,0
3966,619330,2.0,1,2.7,3,2.0,2012,4,9,5.0,128.0,5.002146810949823,6300000.0,0
3967,636610,2.0,1,3.3,4,2.0,2026,6,6,45.0,110.0,5.9077533340713,1055555.5555555555,0
3968,672600,2.0,1,2.0,3,2.0,2026,6,9,7.0,178.0,8.490466038154475,5400000.0,0
3969,551860,1.0,1,2.0,3,1.0,2021,5,9,37.0,147.0,4.534845523308954,700000.0,0
3970,712140,2.0,1,2.8,4,2.0,2020,9,10,6.0,315.0,7.673832368190777,8250000.0,0
3971,946560,2.0,1,2.6,1,2.0,2008,10,10,7.0,131.0,3.9403821876319203,6000000.0,0
3972,461130,13.0,2,2.0,3,2.0,2018,2,6,140.0,90.0,2.5732513866474345,314285.71428571426,0
3973,659280,2.0,1,2.75,4,1.0,1994,5,6,4.0,141.0,7.817755665235542,8925000.0,0
3974,875490,2.0,1,2.8,4,2.0,2022,10,10,31.0,234.0,1.8372117548657292,870967.7419354839,0
3975,525540,2.0,1,2.55,4,2.0,2010,6,9,5.0,180.0,4.74814929392138,6799800.0,0
3976,744460,1.0,1,2.0,3,2.0,2020,5,9,62.0,107.0,1.991597611390486,838709.6774193548,0
3977,495070,1.0,1,2.8,3,2.0,2008,3,5,8.0,4034.0,6.7066838787202805,1912500.0,0
3978,558440,2.0,1,2.7,3,2.0,2023,2,9,69.0,77.0,7.8435515390991615,637681.1594202898,0
3979,803430,1.0,1,2.0,3,2.0,2026,8,9,51.0,317.0,5.094197572150791,774509.8039215687,0
3980,629940,2.0,2,3.06,3,2.0,2024,4,4,6.0,167.0,14.842348350749228,9416666.666666666,0
3981,488290,1.0,1,2.7,1,1.0,2009,8,14,73.0,72.0,4.777597680134985,513698.6301369863,0
3982,683460,1.0,1,2.65,3,2.0,2026,5,17,55.0,112.0,4.860452033648367,490909.0909090909,0
3983,815540,2.0,1,3.2,1,1.0,1949,3,3,1.0,287.0,6.113884192298177,68000000.0,0
3984,630330,2.0,1,2.0,3,2.0,2024,3,5,47.0,195.0,6.859346137283466,500000.0,0
3985,625310,2.0,1,2.0,4,2.0,2021,3,6,53.0,20.0,11.458664196950494,500000.0,0
3986,803430,1.0,1,2.7,4,2.0,2026,5,9,37.0,178.0,5.870575340460531,672972.972972973,0
3987,741660,1.0,1,2.0,4,2.0,2025,8,17,9.0,69.0,1.3798459837355181,4555555.555555556,0
3988,636610,2.0,1,2.0,3,2.0,2026,3,12,5.0,2.0,2.2018418498295427,6100000.0,0
3989,670420,2.0,1,2.8,3,2.0,2020,4,7,71.0,245.0,11.305307088541431,661971.8309859155,0
3990,745320,1.0,1,3.3,3,1.0,2026,2,7,71.0,156.0,3.040701133818896,753521.1267605633,0
3991,631060,2.0,1,2.85,5,2.0,2025,6,7,2.0,354.0,2.6556903698261096,19623000.0,0
3992,789600,2.0,1,2.85,4,4.0,2020,1,17,95.0,215.0,3.291354926658195,789473.6842105263,0
3993,630330,2.0,1,2.85,3,2.0,2024,1,12,50.0,12.0,5.557731861342859,620000.0,0
3994,688930,2.0,2,2.7,4,2.0,2024,2,12,87.0,130.0,7.5295421967706515,770114.9425287356,0
3995,556410,2.0,1,2.8,1,1.0,1992,5,5,6.0,297.0,16.338236799845745,5333333.333333333,0
3996,687090,2.0,1,2.0,4,2.0,2022,8,10,26.0,234.0,8.577991126836787,826923.0769230769,0
3997,709400,2.0,2,2.7,3,2.0,2019,5,10,9.0,223.0,7.733292191049851,4722222.222222222,0
3998,687090,2.0,1,2.7,3,2.0,2022,6,12,39.0,245.0,7.581796300022536,820512.8205128205,0
3999,711560,2.0,1,2.7,3,2.0,2026,7,9,3.0,179.0,4.594732329390893,13000000.0,0
4000,741660,1.0,1,2.0,3,2.0,2025,6,16,2.0,223.0,4.561427205448889,11500000.0,0
4001,772830,2.0,1,3.2,1,2.0,2013,14,16,54.0,130.0,4.356048774275552,740740.7407407408,0
4002,777660,2.0,1,2.0,4,3.0,1989,5,5,6.0,267.0,2.0649499050628113,9333333.333333334,0
4003,595480,2.0,1,2.8,1,2.0,2006,3,5,60.0,57.0,7.900466520963781,600000.0,0
4004,625480,2.0,1,2.7,4,3.0,1965,1,4,58.0,253.0,3.2852128382965993,672413.7931034482,0
4005,652010,1.0,1,2.0,3,2.0,2017,5,12,50.0,171.0,5.67164981118268,576000.0,0
4006,473700,1.0,1,2.7,1,2.0,2009,15,16,7.0,133.0,4.931223184048529,4571428.571428572,0
4007,621350,2.0,1,2.7,4,2.0,2022,7,9,40.0,279.0,8.156086640904926,625000.0,0
4008,831400,2.0,1,2.8,3,2.0,2015,7,10,83.0,283.0,4.689492112136457,1361445.78313253,0
4009,691440,2.0,1,2.85,5,2.0,2026,5,6,67.0,117.0,11.836598187695044,405970.14925373136,0
4010,625310,1.0,1,2.7,3,3.0,2020,2,16,50.0,103.0,4.423800676651299,690000.0,0
4011,855810,2.0,1,2.7,3,1.0,1959,2,3,6.0,22.0,4.113490181766433,6916666.666666667,0
4012,792730,2.0,1,2.0,4,2.0,2022,2,10,80.0,123.0,3.102947220374294,987500.0,0
4013,622620,1.0,1,2.7,3,2.0,2021,4,9,3.0,210.0,4.400402266155754,12566666.666666666,0
4014,800030,1.0,2,2.0,3,2.0,2024,12,24,83.0,271.0,0.3315634524526905,1108433.7349397591,0
4015,556410,2.0,1,2.8,1,1.0,1992,5,5,6.0,297.0,16.338236799845745,5333333.333333333,0
4016,687090,2.0,1,2.0,4,2.0,2022,8,10,26.0,234.0,8.577991126836787,826923.0769230769,0
4017,696410,2.0,1,3.1,3,2.0,2026,1,3,54.0,362.0,6.057295433090681,381733.3333333333,0
4018,687090,2.0,1,2.7,3,2.0,2022,6,12,39.0,245.0,7.581796300022536,820512.8205128205,0
4019,711560,2.0,1,2.7,3,2.0,2026,7,9,3.0,179.0,4.594732329390893,13000000.0,0
4020,741660,1.0,1,2.0,3,2.0,2025,6,16,2.0,223.0,4.561427205448889,11500000.0,0
4021,772830,2.0,1,3.2,1,2.0,2013,14,16,54.0,130.0,4.356048774275552,740740.7407407408,0
4022,777660,2.0,1,2.0,4,3.0,1989,5,5,6.0,267.0,2.0649499050628113,9333333.333333334,0
4023,595480,2.0,1,2.8,1,2.0,2006,3,5,60.0,57.0,7.900466520963781,600000.0,0
4024,625480,2.0,1,2.7,4,3.0,1965,1,4,58.0,253.0,3.2852128382965993,672413.7931034482,0
4025,652010,1.0,1,2.0,3,2.0,2017,5,12,50.0,171.0,5.67164981118268,576000.0,0
4026,473700,1.0,1,2.7,1,2.0,2009,15,16,7.0,133.0,4.931223184048529,4571428.571428572,0
4027,621350,2.0,1,2.7,4,2.0,2022,7,9,40.0,279.0,8.156086640904926,625000.0,0
4028,831400,2.0,1,2.8,3,2.0,2015,7,10,83.0,283.0,4.689492112136457,1361445.78313253,0
4029,691440,2.0,1,2.85,5,2.0,2026,5,6,67.0,117.0,11.836598187695044,405970.14925373136,0
4030,625310,1.0,1,2.7,3,3.0,2020,2,16,50.0,103.0,4.423800676651299,690000.0,0
4031,855810,2.0,1,2.7,3,1.0,1959,2,3,6.0,22.0,4.113490181766433,6916666.666666667,0
4032,792730,2.0,1,2.0,4,2.0,2022,2,10,80.0,123.0,3.102947220374294,987500.0,0
4033,622620,1.0,1,2.7,3,2.0,2021,4,9,3.0,210.0,4.400402266155754,12566666.666666666,0
4034,800030,1.0,2,2.0,3,2.0,2024,12,24,83.0,271.0,0.3315634524526905,1108433.7349397591,0
4035,688690,1.0,2,2.7,3,1.0,2026,1,5,21.0,396.0,8.838531193180861,595238.0952380953,0
4036,865480,2.0,1,2.0,5,2.0,2025,6,13,48.0,56.0,1.4932253590449285,645833.3333333334,0
4037,593830,1.0,1,2.0,3,1.0,2026,8,9,38.0,137.0,5.004720302115277,513157.8947368421,0
4038,631060,2.0,1,2.0,4,2.0,2025,12,12,64.0,308.0,5.69011282596251,773437.5,0
4039,742470,1.0,1,2.7,4,2.0,2025,10,17,43.0,91.0,5.25976050674593,623255.8139534884,0
4040,592190,1.0,1,2.7,4,1.0,2024,2,5,5.0,113.0,9.859007339764068,3900000.0,0
4041,634450,1.0,1,2.0,3,1.0,2021,1,9,47.0,469.0,3.4172768601324433,627659.5744680851,0
4042,741660,1.0,1,2.0,4,2.0,2025,7,15,60.0,1306.0,6.403537088776722,683333.3333333334,0
4043,628650,1.0,1,2.0,3,4.0,2022,5,10,41.0,11.0,3.4424059990674434,656097.5609756098,0
4044,702140,2.0,1,2.7,3,2.0,2019,1,12,38.0,85.0,4.905629827669794,710526.3157894737,0
4045,879730,2.0,1,2.0,5,4.0,2026,3,3,7.0,526.0,8.270700984926536,17682857.14285714,0
4046,779860,1.0,1,2.0,3,2.0,2023,6,9,43.0,36.0,2.185072398140095,788372.0930232558,0
4047,588700,1.0,1,2.6,4,2.0,2026,8,12,2.0,46.0,6.62707330527508,9950000.0,0
4048,787570,2.0,1,2.75,1,2.0,2018,8,13,49.0,57.0,1.615693483073379,918367.3469387755,0
4049,562420,1.0,1,2.0,3,2.0,2025,18,18,48.0,50.0,4.719263519267712,583333.3333333334,0
4050,487710,1.0,1,2.7,3,1.0,2008,5,8,54.0,12.0,6.831674860551752,46296.2962962963,0
4051,804620,1.0,1,2.0,3,2.0,2025,21,22,2.0,71.0,2.3788470683030285,22250000.0,0
4052,305370,12.0,1,2.7,1,4.0,1987,1,5,50.0,214.0,0.5867248443849682,332000.0,0
4053,649480,2.0,1,2.75,3,2.0,2022,2,10,70.0,12.0,8.445212099443639,571428.5714285715,0
4054,744460,1.0,1,2.8,3,2.0,2020,7,22,60.0,94.0,4.03647870266381,608333.3333333334,0
4055,649480,2.0,1,2.7,4,2.0,2023,3,10,71.0,153.0,8.001451413895682,477464.78873239434,0
4056,656330,1.0,1,2.0,1,2.0,2016,11,11,90.0,249.0,5.513992712748693,433333.3333333333,0
4057,845530,2.0,2,2.7,1,2.0,2007,3,8,9.0,123.0,2.489686140163457,10333333.333333334,0
4058,933840,1.0,2,2.0,4,2.0,2024,12,12,112.0,78.0,6.090593685154121,758928.5714285715,0
4059,712940,2.0,1,2.0,4,2.0,2025,8,12,5.0,81.0,6.274976869292441,9800000.0,0
4060,670250,2.0,1,2.0,3,4.0,2022,3,9,4.0,90.0,15.484987200481786,6250000.0,0
4061,861120,1.0,2,2.0,3,2.0,2026,12,17,91.0,159.0,2.9148762340359338,668131.8681318681,0
4062,901350,2.0,1,2.0,3,2.0,2023,1,3,1.0,186.0,6.250933922617529,116000000.0,0
4063,515870,2.0,1,2.8,4,3.0,1982,9,9,9.0,30.0,3.3354934713894147,5555555.555555556,0
4064,627910,1.0,1,2.9,3,2.0,2022,15,15,1.0,145.0,6.2515006038979255,33000000.0,0
4065,640650,2.0,2,2.75,4,2.0,2022,9,10,100.0,50.0,10.594848010976905,710000.0,0
4066,819730,2.0,1,2.7,4,2.0,2022,9,13,53.0,17.0,3.98941315224646,1000000.0,0
4067,626740,2.0,1,2.7,4,2.0,2022,3,7,3.0,125.0,4.883834219983787,10333333.333333334,0
4068,649480,2.0,1,2.8,3,2.0,2023,2,3,47.0,81.0,10.080953353229043,615744.6808510638,0
4069,861120,1.0,2,2.0,3,2.0,2026,6,9,90.0,235.0,2.7220230968661774,705555.5555555555,0
4070,666630,2.0,1,2.0,3,2.0,2025,6,6,34.0,95.0,6.197581132924094,720588.2352941176,0
4071,678740,2.0,1,2.7,3,2.0,2025,7,8,5.0,197.0,11.614743942523322,4060000.0,0
4072,595910,2.0,1,2.8,1,3.0,2014,5,5,1.0,234.0,5.782196757332054,30000000.0,0
4073,744460,1.0,1,2.0,3,2.0,2020,12,17,57.0,185.0,2.7480338338009145,736842.1052631579,0
4074,603350,2.0,1,2.8,3,2.0,2013,3,4,47.0,88.0,5.911013228756097,542553.1914893617,0
4075,650160,1.0,1,2.8,4,1.0,2025,1,10,38.0,1998.0,5.07279024373214,539473.6842105263,0
4076,630330,2.0,1,2.0,4,2.0,2024,11,12,60.0,88.0,5.91631397849377,750000.0,0
4077,617130,2.0,1,2.9,3,2.0,2024,2,5,46.0,100.0,6.9688105747730065,684782.6086956522,0
4078,709340,1.0,2,2.7,1,2.0,2017,8,9,2.0,139.0,3.4149369944560237,30500000.0,0
4079,881790,2.0,1,2.0,3,2.0,2023,2,12,63.0,242.0,5.048428392981553,1349206.349206349,0
4080,636610,2.0,1,2.8,3,2.0,2026,5,9,66.0,50.0,10.466906557572953,545454.5454545454,0
4081,541270,1.0,1,2.0,1,2.0,2014,4,24,74.0,288.0,4.13694762404091,385135.13513513515,0
4082,594820,1.0,1,2.7,1,2.0,2015,7,12,80.0,78.0,3.631063466358545,537500.0,0
4083,833830,2.0,1,2.7,1,2.0,1988,12,12,60.0,196.0,1.2554045765770465,750000.0,0
4084,703830,2.0,1,2.7,3,2.0,2022,4,6,79.0,194.0,7.655766695439672,481012.6582278481,0
4085,525540,2.0,1,2.55,4,2.0,2010,6,9,5.0,182.0,4.74814929392138,6799800.0,0
4086,625310,2.0,1,2.7,1,2.0,2021,3,3,4.0,127.0,5.097956523113975,6500000.0,0
4087,651480,2.0,1,2.9,4,4.0,2024,2,3,4.0,57.0,8.639288613596024,14250000.0,0
4088,580190,2.0,2,2.8,3,2.0,2017,7,12,6.0,246.0,4.87504281240196,6250000.0,0
4089,591000,1.0,1,2.0,4,1.0,2025,8,12,37.0,171.0,7.317450850759656,783783.7837837838,0
4090,620910,1.0,1,2.0,3,1.0,2026,3,12,6.0,245.0,5.9088531571994585,4575833.333333333,0
4091,604500,1.0,1,2.0,3,2.0,2022,11,12,37.0,80.0,5.1771614261103736,675675.6756756756,0
4092,852790,2.0,1,2.0,3,4.0,2024,11,13,6.0,36.0,1.3450646681451217,5333333.333333333,0
4093,624320,2.0,1,2.0,4,2.0,2023,2,5,36.0,32.0,6.781005020980116,750000.0,0
4094,738990,1.0,1,2.0,4,2.0,2024,11,14,49.0,237.0,2.6759798071636567,877551.0204081633,0
4095,881700,2.0,1,2.7,3,4.0,2023,2,15,4.0,289.0,2.962853771210522,12700000.0,0
4096,636050,2.0,1,2.7,4,2.0,2018,1,9,2.0,84.0,4.730090856140148,14995000.0,0
4097,590940,2.0,1,2.8,1,2.0,2008,3,5,5.0,196.0,7.76240576382034,11300000.0,0
4098,786420,1.0,2,2.0,4,2.0,2023,9,9,1.0,20.0,6.090593685154121,50000000.0,0
4099,618070,2.0,1,2.8,3,2.0,2016,9,9,4.0,214.0,11.19374537159302,7500000.0,0
4100,795830,2.0,1,2.7,3,2.0,2019,5,12,1.0,202.0,3.6576021729361328,49000000.0,0
4101,875490,2.0,1,2.8,4,2.0,2022,2,10,33.0,111.0,1.8993045492168068,787878.7878787878,0
4102,907820,2.0,1,2.8,1,1.0,1988,1,5,8.0,238.0,2.679500758191701,6875000.0,0
4103,922880,2.0,2,2.0,4,2.0,2022,10,17,2.0,145.0,2.2881918878644316,48000000.0,0
4104,562900,1.0,1,2.0,3,2.0,2018,11,23,82.0,29.0,4.244958073494234,536585.3658536585,0
4105,640650,2.0,1,2.8,4,2.0,2022,4,9,9.0,256.0,11.737380559115813,4333333.333333333,0
4106,570680,2.0,1,2.0,5,2.0,2019,6,8,2.0,157.0,8.601199267863054,12495000.0,0
4107,484670,1.0,1,2.7,3,1.0,2010,7,12,67.0,231.0,5.441133375389655,507462.6865671642,0
4108,632000,2.0,2,2.0,3,2.0,2025,11,12,2.0,28.0,5.934655570953352,21500000.0,0
4109,881790,2.0,2,2.7,3,2.0,2023,13,18,55.0,58.0,2.786625295539052,845454.5454545454,0
4110,603850,2.0,1,2.7,1,2.0,2020,5,5,76.0,96.0,6.471078353871551,427631.5789473684,0
4111,413210,1.0,1,2.7,1,3.0,1991,5,6,63.0,119.0,6.330828540421585,388888.8888888889,0
4112,897840,2.0,1,2.0,3,2.0,2021,10,12,87.0,252.0,2.4850918027464273,942528.735632184,0
4113,638490,1.0,1,2.0,3,4.0,2025,7,9,28.0,53.0,2.343028293332414,892857.1428571428,0
4114,669790,2.0,1,2.7,3,2.0,2022,1,7,48.0,84.0,4.954618552809058,499999.9791666667,0
4115,401690,14.0,1,2.5,2,1.0,1982,4,5,3.0,0.0,1.850350469244175,1566666.6666666667,0
4116,952720,2.0,2,2.8,4,2.0,2021,2,9,71.0,217.0,7.8016628911593875,859154.9295774648,0
4117,560770,2.0,1,2.8,4,2.0,2014,9,9,8.0,91.0,5.971539199412776,3975000.0,0
4118,650160,1.0,1,2.0,4,1.0,2025,6,9,5.0,94.0,2.8327819468624176,7200000.0,0
4119,679690,1.0,2,2.0,4,2.0,2017,15,21,77.0,239.0,1.6591649845758896,714285.7142857143,0
4120,655970,1.0,1,2.0,3,1.0,2026,2,9,7.0,119.0,3.7840570908772713,6000000.0,0
4121,764410,1.0,2,2.7,4,4.0,2025,3,9,78.0,117.0,3.3601907071568133,576923.0769230769,0
4122,683910,2.0,1,2.75,4,2.0,2023,9,9,7.0,140.0,12.373484420110422,5071428.571428572,0
4123,659120,1.0,2,2.7,4,1.0,2023,5,9,90.0,157.0,6.477826759417321,688888.8888888889,0
4124,454830,1.0,1,2.0,3,2.0,1991,7,10,62.0,63.0,6.046118377844956,508064.51612903224,0
4125,672640,1.0,1,2.0,4,1.0,2023,4,10,42.0,41.0,2.3221071560253037,833333.3333333334,0
4126,883760,2.0,2,2.7,5,2.0,2025,3,14,1.0,252.0,2.595183310423671,55000000.0,0
4127,603350,2.0,1,2.8,1,2.0,2013,6,7,36.0,40.0,7.621070897342987,597222.2222222222,0
4128,670370,2.0,1,2.85,4,2.0,2024,12,12,30.0,154.0,5.557731861342859,600000.0,0
4129,481560,1.0,1,2.7,4,1.0,2001,7,9,2.0,90.0,4.736562798465115,17500000.0,0
4130,711560,2.0,1,2.0,3,2.0,2026,14,14,35.0,134.0,6.866311589426188,971428.5714285715,0
4131,672120,2.0,1,2.0,3,2.0,2026,10,12,44.0,32.0,6.271033431614246,454545.45454545453,0
4132,683910,2.0,1,2.85,5,2.0,2025,1,6,4.0,175.0,11.85136684917702,5875000.0,0
4133,780960,1.0,1,2.0,3,4.0,2026,8,9,45.0,143.0,3.5179821136720313,577777.7777777778,0
4134,739020,2.0,2,2.8,4,2.0,2013,16,16,3.0,273.0,7.0398233023395065,19166666.666666668,0
4135,387690,6.0,1,2.0,3,1.0,2024,9,9,50.0,1.0,1.539577176299291,450000.0,0
4136,322930,13.0,1,2.7,4,1.0,1998,3,4,45.0,27384.0,2.5083214835678094,155555.55555555556,0
4137,780280,2.0,1,2.8,1,3.0,1982,5,5,60.0,41.0,1.2217984304705474,725000.0,0
4138,865480,2.0,1,2.0,3,2.0,2025,9,13,3.0,61.0,1.245637283846544,11166666.666666666,0
4139,481560,1.0,1,2.7,4,1.0,2001,7,9,2.0,90.0,4.736562798465115,17500000.0,0
4140,741660,1.0,1,2.0,3,2.0,2025,7,9,41.0,4088.0,8.062431389956437,582926.8292682926,0
4141,430260,13.0,1,2.8,4,2.0,2024,4,6,102.0,2238.0,2.187901838660809,294117.64705882355,0
4142,635090,1.0,1,2.7,1,2.0,2014,9,14,40.0,843.0,1.517635788054924,617500.0,0
4143,797480,1.0,2,2.0,3,2.0,2020,8,17,2.0,2420.0,2.978773864612851,44900000.0,0
4144,356410,9.0,1,2.7,1,1.0,1990,3,5,50.0,112.0,5.611582823081355,287000.0,0
4145,679690,1.0,2,2.0,4,2.0,2017,15,21,77.0,239.0,1.6591649845758896,714285.7142857143,0
4146,655970,1.0,1,2.0,3,1.0,2026,2,9,7.0,119.0,3.7840570908772713,6000000.0,0
4147,764410,1.0,2,2.7,4,4.0,2025,3,9,78.0,117.0,3.3601907071568133,576923.0769230769,0
4148,683910,2.0,1,2.75,4,2.0,2023,9,9,7.0,140.0,12.373484420110422,5071428.571428572,0
4149,659120,1.0,2,2.7,4,1.0,2023,5,9,90.0,157.0,6.477826759417321,688888.8888888889,0
4150,454830,1.0,1,2.0,3,2.0,1991,7,10,62.0,63.0,6.046118377844956,508064.51612903224,0
4151,672640,1.0,1,2.0,4,1.0,2023,4,10,42.0,41.0,2.3221071560253037,833333.3333333334,0
4152,883760,2.0,2,2.7,5,2.0,2025,3,14,1.0,252.0,2.595183310423671,55000000.0,0
4153,426590,1.0,1,2.6,1,1.0,1963,2,4,3.0,3668.0,5.6741697884169815,5333333.333333333,0
4154,695750,1.0,1,2.0,4,2.0,2020,14,18,50.0,4147.0,2.005099203191541,950000.0,0
4155,487100,1.0,2,2.0,3,4.0,2006,9,10,243.0,1047.0,2.2706746200447707,492592.5925925926,0
4156,474210,1.0,1,2.0,1,4.0,2005,5,16,7.0,499.0,3.2978205231437077,6428571.428571428,0
4157,878920,2.0,1,2.0,3,2.0,2026,1,9,5.0,308.0,3.1547757926344597,14900000.0,0
4158,737650,1.0,1,2.7,3,1.0,2025,4,6,40.0,1223.0,6.234362433782964,587500.0,0
4159,767330,2.0,1,2.8,3,3.0,1988,4,5,86.0,8618.0,4.906047599331272,767441.8604651163,0
4160,269320,13.0,1,2.7,4,3.0,1990,3,5,71.0,193.0,0.7147815293083856,309859.1549295775,0
4161,727810,1.0,1,2.0,4,2.0,2023,17,22,55.0,2128.0,2.4265864784645848,781818.1818181818,0
4162,677680,1.0,1,2.0,3,2.0,2025,17,22,8.0,308.0,2.6751702101578103,3625000.0,0
4163,748300,1.0,1,2.0,3,2.0,2026,5,12,40.0,1111.0,5.709359977843119,692500.0,0
4164,225030,17.0,1,2.6,1,3.0,1980,5,9,53.0,8318.0,1.857400054671184,207547.16981132075,0
4165,741660,1.0,1,2.0,3,2.0,2025,1,22,50.0,822.0,2.605634154312062,700000.0,0
4166,687090,2.0,1,2.7,4,2.0,2021,3,10,30.0,1751.0,8.34580674770184,666666.6666666666,0
4167,642330,1.0,1,2.0,3,2.0,2018,5,12,55.0,186.0,2.2905836593229005,581818.1818181818,0
4168,605430,1.0,1,2.7,3,2.0,2016,4,18,76.0,6.0,5.826304695306256,486842.1052631579,0
4169,610230,1.0,1,3.2,3,4.0,2022,4,7,65.0,133.0,4.030388800600337,853846.1538461539,0
4170,474680,1.0,1,2.8,1,2.0,2012,8,14,77.0,68.0,5.291538567963754,467532.4675324675,0
4171,543950,5.0,1,2.0,3,2.0,2025,7,9,64.0,47.0,0.40478258743773765,937500.0,0
4172,531830,1.0,2,3.3,4,2.0,2016,6,6,107.0,11.0,4.157251904263719,560747.6635514018,0
4173,469650,1.0,2,2.85,1,1.0,2005,2,5,1.0,279.0,6.18576701466174,51000000.0,0
4174,950160,2.0,1,2.8,3,2.0,2017,12,12,55.0,207.0,1.5129625759514986,1054545.4545454546,0
4175,637790,2.0,1,2.0,3,2.0,2012,6,9,75.0,125.0,4.452654256241546,666666.6666666666,0
4176,629840,2.0,1,2.0,4,4.0,2024,2,12,8.0,21.0,1.6870451497022365,5125000.0,0
4177,829730,1.0,1,2.75,3,2.0,2023,9,10,71.0,51.0,2.7498765899367257,830985.9154929577,0
4178,875210,2.0,1,2.0,4,2.0,2024,1,3,61.0,15.0,8.844067313215886,1098360.6557377048,0
4179,663570,2.0,1,2.0,3,2.0,2025,4,12,2.0,260.0,6.213552040371044,14000000.0,0
4180,632000,2.0,1,2.0,3,2.0,2025,11,12,45.0,116.0,1.6944552371882207,922222.2222222222,0
4181,590070,1.0,1,2.0,4,1.0,2023,7,10,36.0,98.0,2.864907430479021,888888.8888888889,0
4182,691230,2.0,1,2.0,3,4.0,2026,2,6,43.0,14.0,11.816886914860955,619953.4883720931,0
4183,859160,1.0,1,2.0,3,2.0,2023,6,9,120.0,311.0,4.8202434679595445,791666.6666666666,0
4184,629830,1.0,1,2.9,3,2.0,2026,9,9,32.0,145.0,964.8350202178826,531250.0,0
4185,939330,2.0,1,2.0,4,2.0,2022,9,10,77.0,35.0,12.334600575961602,571298.7012987013,0
4186,557600,1.0,1,2.7,1,4.0,2022,3,4,40.0,81.0,10.019366148255024,412500.0,0
4187,719430,2.0,1,2.8,1,3.0,1975,5,5,9.0,211.0,2.273782316277127,4722222.222222222,0
4188,557160,1.0,1,2.7,4,1.0,2019,7,9,64.0,261.0,5.278043494927368,531250.0,0
4189,992170,2.0,1,3.3,4,2.0,2019,7,8,60.0,52.0,7.162800887629207,1000000.0,0
4190,825610,2.0,1,2.75,1,3.0,1986,1,9,40.0,74.0,3.1357179132494117,1024999.975,0
4191,793670,2.0,1,2.0,3,2.0,2026,2,13,40.0,137.0,2.4978099470365054,900000.0,0
4192,904770,2.0,1,2.0,1,2.0,2022,3,3,3.0,81.0,8.797246706538623,22333333.333333332,0
4193,982060,2.0,1,2.0,4,2.0,2023,1,13,8.0,193.0,1.9393644817431466,5437500.0,0
4194,974030,2.0,1,2.8,1,1.0,1991,5,5,90.0,268.0,4.696611212717051,766666.6666666666,0
4195,657890,1.0,1,2.0,3,1.0,2016,13,17,3.0,74.0,3.1514814100599464,8666666.666666666,0
4196,701760,2.0,1,2.5,3,3.0,1972,2,4,4.0,12.0,2.3097424763105248,11750000.0,0
4197,741660,1.0,1,2.7,3,2.0,2025,6,10,2.0,198.0,4.053032143978886,22000000.0,0
4198,724360,2.0,2,2.7,3,3.0,2025,4,15,108.0,167.0,2.75079073095367,629629.6296296297,0
4199,881790,2.0,1,2.7,3,2.0,2023,16,18,51.0,306.0,2.8990527041267313,921568.6274509804,0
4200,542920,1.0,2,2.7,1,2.0,2016,7,21,86.0,302.0,4.830640163922561,464534.88372093026,0
4201,943870,2.0,2,2.0,3,4.0,2024,9,9,82.0,220.0,1.733896982189176,573170.731707317,0
4202,645490,2.0,1,2.0,3,3.0,1974,1,5,62.0,228.0,2.7697845612363485,604838.7096774194,0
4203,543950,5.0,1,2.0,3,2.0,2025,7,9,64.0,49.0,0.40478258743773765,937500.0,0
4204,531830,1.0,2,3.3,4,2.0,2016,6,6,107.0,11.0,4.157251904263719,560747.6635514018,0
4205,469650,1.0,2,2.85,1,1.0,2005,2,5,1.0,279.0,6.18576701466174,51000000.0,0
4206,548590,2.0,1,2.8,1,2.0,2015,5,6,7.0,302.0,7.590817024016842,5285714.285714285,0
4207,854530,2.0,1,2.0,4,2.0,2024,1,13,8.0,186.0,1.293004807018905,4875000.0,0
4208,866770,2.0,1,2.7,3,2.0,2025,2,15,67.0,163.0,2.786625295539052,701492.5373134328,0
4209,444740,8.0,1,2.75,3,1.0,1990,5,5,64.0,797.0,6.592731628026627,382812.5,0
4210,596040,1.0,1,2.7,1,2.0,2020,3,12,40.0,1226.0,9.738141346317121,500000.0,0
4211,664320,1.0,1,2.7,4,2.0,2022,9,9,4.0,44.0,7.441331165840233,6750000.0,0
4212,607150,1.0,1,2.9,3,2.0,2022,12,14,16.0,37.0,4.70634199224889,1875000.0,0
4213,861380,2.0,1,3.1,3,2.0,2026,1,3,14.0,170.0,6.803924733931026,3928571.4285714286,0
4214,602080,1.0,1,2.0,3,1.0,2026,12,12,5.0,154.0,6.768900596806263,3530000.0,0
4215,596040,1.0,1,2.7,4,2.0,2020,19,26,51.0,292.0,3.8982639331586455,480392.1568627451,0
4216,970650,2.0,2,2.0,3,2.0,2017,19,21,94.0,235.0,1.7629641825348976,648936.1702127659,0
4217,647440,2.0,2,2.8,4,2.0,2012,17,21,2.0,99.0,0.6200808391628192,29000000.0,0
4218,651480,2.0,1,2.6,3,4.0,2021,3,5,52.0,173.0,8.288088507236244,576923.0769230769,0
4219,625780,2.0,1,2.7,5,2.0,2023,7,9,9.0,311.0,5.470893301664276,2777777.777777778,0
4220,675730,1.0,1,2.0,3,1.0,2025,5,12,89.0,94.0,5.845088702811019,707865.1685393258,0
4221,718450,2.0,1,2.8,1,3.0,2008,7,10,25.0,27.0,4.071515511017583,820000.0,0
4222,881790,2.0,1,2.0,3,2.0,2023,8,16,62.0,168.0,4.2552300837787325,1177419.3548387096,0
4223,865480,2.0,1,2.0,4,2.0,2025,5,13,45.0,16.0,1.3206956679138344,1022222.2222222222,0
4224,694650,2.0,1,2.7,3,2.0,2025,2,9,39.0,333.0,8.369660711681066,717948.717948718,0
4225,894940,2.0,1,2.7,1,1.0,1984,1,5,50.0,71.0,2.4898722414771686,970000.0,0
4226,901350,2.0,1,2.0,3,2.0,2023,10,16,9.0,210.0,2.9736016165982337,6633333.333333333,0
4227,607150,1.0,1,2.0,4,2.0,2022,12,12,42.0,70.0,6.26472030614815,640476.1904761905,0
4228,643450,2.0,1,2.5,1,3.0,1990,3,5,5.0,18.0,12.86980282333318,11400000.0,0
4229,667200,2.0,1,2.8,4,2.0,2006,1,9,6.0,103.0,3.6216415372189443,13333333.333333334,0
4230,982060,2.0,1,2.7,3,2.0,2023,1,12,2.0,292.0,2.0366646378268807,33500000.0,0
4231,459220,4.0,1,2.7,4,1.0,2017,2,5,83.0,2.0,7.0979742329845,433734.9397590361,0
4232,687090,2.0,1,2.7,4,2.0,2022,4,6,2.0,135.0,7.783806640377224,11950000.0,0
4233,659120,1.0,2,2.0,4,1.0,2023,4,9,87.0,269.0,7.826511725536019,655172.4137931034,0
4234,933080,2.0,2,2.9,3,2.0,2021,5,10,110.0,143.0,8.47765429417232,727272.7272727273,0
4235,709400,2.0,1,2.7,3,2.0,2019,5,6,76.0,295.0,7.565970051220574,480263.15789473685,0
4236,942920,2.0,2,2.8,1,1.0,1979,4,5,137.0,245.0,6.620940203392789,875912.4087591241,0
4237,648830,1.0,1,2.7,4,2.0,2023,9,9,70.0,261.0,8.675331186682492,500000.0,0
4238,912090,2.0,1,2.8,1,3.0,1970,3,4,3.0,158.0,5.4426822173811,21666666.666666668,0
4239,475440,1.0,1,2.7,4,4.0,2006,4,4,3.0,57.0,9.433057126099193,2333333.3333333335,0
4240,630330,2.0,1,2.0,3,2.0,2024,5,12,42.0,210.0,1.8800062239945563,809523.8095238095,0
4241,592190,1.0,1,2.7,3,1.0,2024,1,9,5.0,61.0,8.434198551430095,3800000.0,0
4242,703830,2.0,1,2.7,4,2.0,2022,4,9,60.0,224.0,7.820495404380815,683333.3333333334,0
4243,484670,1.0,1,2.7,3,1.0,2010,1,9,60.0,195.0,6.99999279132388,443333.3333333333,0
4244,625780,2.0,1,2.0,4,2.0,2023,5,5,58.0,193.0,6.661414450634512,672241.3793103448,0
4245,723320,2.0,1,3.25,5,2.0,2026,4,5,81.0,187.0,6.427040077261284,777777.7777777778,0
4246,679700,2.0,1,2.0,3,3.0,1978,2,5,1.0,297.0,1.4431355304108309,48000000.0,0
4247,533340,1.0,1,3.5,3,1.0,2022,1,12,71.0,113.0,7.014824992496645,556338.0281690141,0
4248,409220,6.0,1,2.0,3,1.0,2026,4,9,47.0,852.0,1.7056710924169383,351063.829787234,0
4249,476200,1.0,1,2.7,1,2.0,2016,4,21,3.0,269.0,4.846067764859892,16000000.0,0
4250,806480,2.0,1,2.7,3,3.0,1970,1,4,56.0,269.0,6.574354269889672,910714.2857142857,0
4251,868750,2.0,1,2.95,1,2.0,2022,5,10,43.0,141.0,1.5837406660404074,1034883.7209302326,0
4252,748300,1.0,1,2.0,3,2.0,2026,16,18,44.0,460.0,1.344541840582449,1022727.2727272727,0
4253,373400,8.0,1,2.8,3,3.0,1968,1,4,90.0,24.0,7.036819374128609,255555.55555555556,0
4254,637300,1.0,1,2.85,3,2.0,2013,9,14,5.0,104.0,1.326176518443054,5100000.0,0
4255,798490,1.0,1,2.0,3,2.0,2025,14,17,41.0,423.0,3.0003889261932284,939024.3902439025,0
4256,491060,1.0,1,2.8,4,2.0,2010,8,9,37.0,205.0,4.274017681738817,662162.1621621621,0
4257,691540,9.0,1,2.5,4,1.0,1963,3,5,7.0,1273.0,2.6027001270742987,4271428.571428572,0
4258,777660,2.0,1,2.0,3,3.0,1989,1,9,6.0,30.0,5.560534203536062,11666666.666666666,0
4259,511050,9.0,2,2.0,4,4.0,2015,2,4,95.0,1685.0,3.7349783674556782,831578.947368421,0
4260,745320,1.0,1,2.0,3,1.0,2026,9,12,43.0,307.0,2.9703499196024614,976744.1860465116,0
4261,436570,1.0,1,2.7,1,3.0,1984,1,5,70.0,2375.0,5.3705691024603395,428428.5714285714,0
4262,408560,2.0,1,2.6,4,3.0,1994,3,5,9.0,1232.0,16.135854190426457,6222222.222222222,0
4263,522770,1.0,1,2.0,3,2.0,2019,8,9,94.0,42.0,3.7808567164688887,441489.3617021277,0
4264,641170,1.0,1,2.0,4,1.0,2022,7,9,41.0,189.0,5.589841050824735,656097.5609756098,0
4265,307790,6.0,1,2.5,1,3.0,1975,4,5,31.0,1206.0,2.8972099303397862,322580.6451612903,0
4266,587010,1.0,1,3.2,4,1.0,2022,4,15,2.0,192.0,4.513785841070235,12250000.0,0
4267,723240,2.0,1,2.8,1,1.0,1985,5,5,5.0,50.0,5.595458980807709,2500000.0,0
4268,891050,2.0,2,2.0,3,2.0,2024,1,20,2.0,63.0,0.9992119875254819,27750000.0,0
4269,503140,2.0,1,2.8,4,2.0,2010,2,10,70.0,184.0,4.2041533092989996,557142.8571428572,0
4270,847130,2.0,1,2.75,4,2.0,2019,1,10,50.0,71.0,2.695901969348282,840000.0,0
4271,782940,2.0,1,2.0,3,4.0,2018,10,10,60.0,123.0,3.389554475886324,833333.3333333334,0
4272,627910,1.0,1,2.0,3,2.0,2022,1,15,72.0,278.0,6.259178980268932,534722.2222222222,0
4273,670250,2.0,1,2.0,3,4.0,2022,3,9,4.0,90.0,15.484987200481786,6250000.0,0
4274,646680,2.0,1,2.85,4,2.0,2026,2,6,2.0,212.0,4.845415142302199,22900000.0,0
4275,786420,1.0,1,2.0,4,2.0,2023,10,18,9.0,237.0,2.4265864784645848,8666666.666666666,0
4276,617080,2.0,1,2.0,4,2.0,2017,4,5,31.0,201.0,8.860496163380406,709677.4193548387,0
4277,939330,2.0,1,2.75,3,2.0,2022,6,13,1.0,140.0,6.484664518338038,41000000.0,0
4278,666630,2.0,1,2.0,3,2.0,2025,8,12,6.0,216.0,4.960444738885906,3150000.0,0
4279,786420,1.0,2,2.0,4,2.0,2023,1,9,4.0,266.0,3.7414601332792095,14125000.0,0
4280,865480,2.0,1,2.0,3,2.0,2025,5,12,92.0,115.0,5.305470546332815,978260.8695652174,0
4281,797480,1.0,2,2.0,1,2.0,2020,2,18,6.0,39.0,3.442187934938882,11916666.666666666,0
4282,627910,1.0,2,2.0,4,2.0,2022,13,20,7.0,106.0,5.880274105902458,8214285.714285715,0
4283,591000,1.0,1,2.0,3,1.0,2025,5,9,36.0,162.0,5.256955205153486,819444.4444444445,0
4284,630330,2.0,1,2.85,3,2.0,2024,6,6,56.0,302.0,4.820767175695318,821428.5714285715,0
4285,727810,1.0,2,3.3,4,2.0,2023,2,20,19.0,166.0,1.8224115886736838,2894736.8421052634,0
4286,401690,14.0,1,2.5,2,1.0,1982,4,5,3.0,6.0,1.850350469244175,1566666.6666666667,0
4287,741660,1.0,1,2.0,3,2.0,2025,11,14,43.0,3465.0,4.551846880820805,672093.023255814,0
4288,745320,1.0,1,2.0,3,1.0,2026,3,12,44.0,1996.0,3.040701133818896,909090.9090909091,0
4289,520720,1.0,2,3.2,3,1.0,2010,4,5,190.0,2577.0,2.8048317379201024,605263.1578947369,0
4290,741660,1.0,1,2.0,3,2.0,2025,5,18,44.0,47.0,1.372492811575534,1045454.5454545454,0
4291,635090,1.0,1,2.7,1,2.0,2014,9,14,40.0,844.0,1.517635788054924,617500.0,0
4292,646680,2.0,1,2.85,4,2.0,2026,2,6,2.0,212.0,4.845415142302199,22900000.0,0
4293,786420,1.0,1,2.0,4,2.0,2023,10,18,9.0,237.0,2.4265864784645848,8666666.666666666,0
4294,617080,2.0,1,2.0,4,2.0,2017,4,5,31.0,201.0,8.860496163380406,709677.4193548387,0
4295,939330,2.0,1,2.75,3,2.0,2022,6,13,1.0,140.0,6.484664518338038,41000000.0,0
4296,666630,2.0,1,2.0,3,2.0,2025,8,12,6.0,217.0,4.960444738885906,3150000.0,0
4297,786420,1.0,2,2.0,4,2.0,2023,1,9,4.0,266.0,3.7414601332792095,14125000.0,0
4298,865480,2.0,1,2.0,3,2.0,2025,5,12,92.0,115.0,5.305470546332815,978260.8695652174,0
4299,797480,1.0,2,2.0,1,2.0,2020,2,18,6.0,39.0,3.442187934938882,11916666.666666666,0
4300,627910,1.0,2,2.0,4,2.0,2022,13,20,7.0,106.0,5.880274105902458,8214285.714285715,0
4301,591000,1.0,1,2.0,3,1.0,2025,5,9,36.0,162.0,5.256955205153486,819444.4444444445,0
4302,630330,2.0,1,2.85,3,2.0,2024,6,6,56.0,302.0,4.820767175695318,821428.5714285715,0
4303,727810,1.0,2,3.3,4,2.0,2023,2,20,19.0,166.0,1.8224115886736838,2894736.8421052634,0
4304,401690,14.0,1,2.5,2,1.0,1982,4,5,3.0,7.0,1.850350469244175,1566666.6666666667,0
4305,562900,1.0,1,2.0,3,2.0,2018,15,16,6.0,45.0,4.285735453836839,4750000.0,0
4306,815540,2.0,1,3.2,1,1.0,1949,3,3,1.0,290.0,6.113884192298177,68000000.0,0
4307,624860,2.0,1,2.8,1,2.0,2017,6,10,63.0,114.0,10.74406363881993,634920.6349206349,0
4308,711560,2.0,1,2.7,3,2.0,2026,1,9,44.0,49.0,11.687107530547689,522727.2727272727,0
4309,868750,2.0,1,2.0,1,2.0,2022,2,17,4.0,150.0,3.2074358705584376,17750000.0,0
4310,672120,2.0,1,2.85,3,2.0,2026,5,6,40.0,14.0,4.720820043151028,685000.0,0
4311,649480,2.0,1,2.7,1,2.0,2022,8,10,61.0,201.0,8.781576954934165,581967.2131147541,0
4312,878920,2.0,2,2.0,5,2.0,2026,5,13,3.0,125.0,2.6554762930767004,18666666.666666668,0
4313,490070,1.0,2,2.8,3,1.0,2014,4,9,4.0,216.0,4.075516063968231,19500000.0,0
4314,628310,2.0,2,2.0,4,2.0,2024,4,12,4.0,79.0,1.6870451497022365,17750000.0,0
4315,739500,2.0,2,2.8,1,3.0,1988,4,9,8.0,23.0,3.791655783464289,9375000.0,0
4316,794870,2.0,1,2.8,1,1.0,1963,2,4,45.0,305.0,1.947618146008623,777777.7777777778,0
4317,573260,2.0,1,2.7,4,2.0,2016,1,5,64.0,176.0,7.056815041710493,507812.5,0
4318,689440,1.0,1,2.7,3,2.0,2018,3,9,1.0,195.0,4.553391927054566,21000000.0,0
4319,953170,1.0,2,2.0,4,2.0,2025,18,21,120.0,99.0,4.504396828222748,999166.6666666666,0
4320,622400,2.0,1,2.7,3,1.0,1988,6,6,7.0,244.0,7.631669889233077,5571428.571428572,0
4321,901350,2.0,1,2.0,4,2.0,2023,3,12,70.0,229.0,3.7367186612317815,1014142.8571428572,0
4322,602080,1.0,1,3.2,3,1.0,2026,9,9,99.0,270.0,3.864069663506448,287878.7878787879,0
4323,875970,2.0,2,2.0,4,2.0,2023,7,12,136.0,218.0,1.6280319685000226,875000.0,0
4324,666630,2.0,1,2.8,4,2.0,2025,3,9,52.0,247.0,5.324424979754927,500000.0,0
4325,636610,2.0,1,2.0,3,2.0,2026,3,6,47.0,151.0,5.69011282596251,787234.0425531915,0
4326,700680,2.0,1,2.69,4,2.0,2020,4,9,1.0,114.0,7.820495404380815,27500000.0,0
4327,829730,1.0,1,2.75,3,2.0,2023,9,10,71.0,51.0,2.7498765899367257,830985.9154929577,0
4328,654000,1.0,2,2.0,4,1.0,2022,4,10,84.0,264.0,3.457025669915164,773809.5238095238,0
4329,582760,2.0,1,2.8,2,1.0,1984,3,3,59.0,281.0,15.19914531055045,457627.1186440678,0
4330,658210,1.0,1,3.3,4,2.0,2024,4,13,85.0,0.0,4.793164459440645,964705.8823529412,0
4331,800030,1.0,1,2.0,3,2.0,2024,9,9,97.0,123.0,1.3798459837355181,907216.4948453609,0
4332,511760,1.0,1,2.0,3,4.0,2010,4,10,35.0,3328.0,4.123221540711404,571428.5714285715,0
4333,709400,2.0,1,2.0,1,2.0,2019,7,10,80.0,452.0,7.812487795901251,500000.0,0
4334,506540,1.0,2,2.0,1,1.0,2016,4,12,112.0,106.0,4.128683878268144,669642.8571428572,0
4335,683910,2.0,1,2.7,5,2.0,2025,5,6,15.0,62.0,12.656242610353665,3133333.3333333335,0
4336,612220,2.0,1,2.8,1,2.0,2006,9,9,2.0,151.0,4.140630772411558,16999999.5,0
4337,601360,2.0,1,2.8,1,1.0,1964,2,3,44.0,205.0,11.558744869878971,590909.0909090909,0
4338,866770,2.0,1,2.7,3,2.0,2025,8,16,46.0,21.0,2.786625295539052,782608.695652174,0
4339,625730,1.0,1,2.8,3,2.0,2017,5,6,2.0,241.0,3.229762662110507,21495000.0,0
4340,654000,1.0,2,2.0,3,1.0,2022,11,12,86.0,107.0,5.01444107877836,463953.488372093,0
4341,573470,1.0,2,2.0,3,1.0,2025,5,10,55.0,27.0,4.224732346708644,954545.4545454546,0
4342,488290,1.0,1,2.7,3,1.0,2009,4,9,55.0,174.0,7.143191782578785,509090.9090909091,0
4343,727810,1.0,2,2.0,2,2.0,2023,18,20,2.0,237.0,1.8115085851457287,24750000.0,0
4344,592190,1.0,1,2.8,3,1.0,2024,7,9,7.0,193.0,8.565535465644748,2500000.0,0
4345,656330,1.0,2,3.15,4,2.0,2016,8,15,79.0,262.0,1.218511425050636,987341.7721518987,0
4346,621350,2.0,1,2.7,3,2.0,2025,6,9,5.0,14.0,7.726038366883447,3900000.0,0
4347,645230,1.0,1,2.0,4,2.0,2025,4,20,8.0,133.0,5.715229343500475,3368750.0,0
4348,921090,1.0,2,2.0,4,2.0,2023,2,18,145.0,111.0,3.43097391216505,1206896.551724138,0
4349,675730,1.0,1,2.0,3,1.0,2025,11,12,39.0,261.0,4.874294086233896,1087876.923076923,0
4350,487740,1.0,2,2.7,3,2.0,1998,20,25,90.0,268.0,5.580673276496216,400000.0,0
4351,659120,1.0,2,2.0,4,1.0,2023,4,10,6.0,161.0,3.7470946785076884,11666666.666666666,0
4352,408620,3.0,1,2.0,4,4.0,1966,2,5,43.0,108.0,0.8599614897219714,453488.37209302327,0
4353,528000,14.0,1,2.0,4,1.0,2020,1,9,82.0,743.0,1.0720690280375742,426829.26829268294,0
4354,609490,1.0,1,2.0,3,2.0,2024,1,10,43.0,144.0,5.116112817964112,604651.1627906977,0
4355,671550,2.0,1,2.0,4,2.0,2023,5,8,46.0,160.0,8.795386889980412,586956.5217391305,0
4356,630330,2.0,1,2.0,3,2.0,2024,12,12,51.0,208.0,5.229322934763038,558823.5294117647,0
4357,665380,2.0,1,2.7,3,2.0,2026,2,6,11.0,148.0,11.862499470727645,2718181.8181818184,0
4358,650160,1.0,1,2.0,3,1.0,2025,1,12,40.0,83.0,5.84629170376332,687500.0,0
4359,865480,2.0,1,2.8,3,2.0,2025,12,17,68.0,145.0,3.554775585197212,750000.0,0
4360,683460,1.0,1,3.2,3,2.0,2026,10,14,40.0,220.0,4.330914842006363,725000.0,0
4361,788190,1.0,2,3.2,4,1.0,2020,3,7,5.0,164.0,2.1203760899340436,38000000.0,0
4362,734480,2.0,2,2.0,1,2.0,2012,6,13,90.0,265.0,0.6729832222627065,738888.8888888889,0
4363,746930,1.0,2,2.0,4,1.0,2018,7,12,8.0,267.0,2.272704720171131,14875000.0,0
4364,551600,2.0,2,2.6,1,2.0,2017,3,16,7.0,193.0,5.238035990444625,6857142.857142857,0
4365,741660,1.0,1,2.0,3,2.0,2025,8,12,4.0,169.0,2.812673009531708,9125000.0,0
4366,445600,1.0,2,2.7,1,1.0,2003,3,5,85.0,308.0,6.387277927268678,458705.8823529412,0
4367,627730,2.0,1,2.7,2,3.0,1999,1,5,3.0,91.0,14.55223673825982,14000000.0,0
4368,715260,2.0,1,2.8,4,3.0,1983,1,5,6.0,235.0,1.2602930465621975,7000000.0,0
4369,881790,2.0,1,2.7,3,2.0,2023,5,16,9.0,195.0,2.962209019186837,5000000.0,0
4370,572790,2.0,1,2.7,4,1.0,2024,4,5,2.0,185.0,8.671375729718417,18250000.0,0
4371,906700,2.0,2,2.0,3,1.0,2009,1,3,130.0,278.0,8.864668241391907,469230.76923076925,0
4372,861120,1.0,2,2.7,3,2.0,2026,9,10,85.0,229.0,8.076467243469194,452941.17647058825,0
4373,854530,2.0,1,2.0,3,2.0,2024,9,13,5.0,288.0,1.3445313812648771,7200000.0,0
4374,457680,1.0,1,2.0,3,3.0,1977,1,5,40.0,1491.0,4.336393356993951,462500.0,0
4375,551860,1.0,1,2.0,3,1.0,2021,5,9,38.0,44.0,4.522395147769382,707894.7368421053,0
4376,720790,1.0,1,2.0,1,2.0,2019,12,21,50.0,5473.0,2.7828264380105026,776000.0,0
4377,579700,1.0,1,2.0,3,1.0,2020,12,15,50.0,440.0,4.517253132513405,712000.0,0
4378,659120,1.0,1,2.0,4,1.0,2023,4,9,3.0,801.0,1.9495447526838383,23000000.0,0
4379,417060,13.0,2,3.2,4,2.0,2017,9,9,145.0,1039.0,1.4266468666512537,379310.3448275862,0
4380,636610,2.0,1,2.0,3,2.0,2026,3,5,47.0,300.0,6.913513664569845,510638.2978723404,0
4381,683460,1.0,1,2.0,3,2.0,2026,8,12,36.0,281.0,4.064407664734419,722222.2222222222,0
4382,436780,1.0,1,2.0,3,1.0,1997,5,5,82.0,78.0,3.988873781483251,420731.7073170732,0
4383,597590,1.0,1,2.8,3,1.0,2025,2,5,5.0,80.0,10.055313713480476,1960000.0,0
4384,625780,2.0,1,2.7,4,2.0,2023,7,7,6.0,179.0,4.897363830906863,6166666.666666667,0
4385,798490,1.0,1,2.0,3,2.0,2025,15,22,55.0,619.0,3.461488849799795,1090909.0909090908,0
4386,905830,2.0,2,2.0,4,2.0,2013,1,5,4.0,261.0,6.886211277658002,24000000.0,0
4387,882380,2.0,1,3.3,5,2.0,2024,6,6,68.0,286.0,11.202801754957287,720588.2352941176,0
4388,644680,1.0,1,2.7,4,1.0,2016,10,10,66.0,131.0,3.960070460743284,583333.3333333334,0
4389,445620,16.0,2,2.0,1,1.0,1949,3,3,5.0,1746.0,1.566748761149999,7400000.0,0
4390,494740,4.0,1,2.0,5,2.0,2025,7,9,76.0,2896.0,6.593932858295747,585526.3157894737,0
4391,901550,2.0,2,2.7,4,2.0,2020,10,13,97.0,75.0,4.139883889762162,730927.8350515463,0
4392,741660,1.0,1,2.0,4,2.0,2025,10,14,55.0,237.0,2.5716756608252305,818181.8181818182,0
4393,757870,2.0,2,2.7,3,2.0,2017,16,17,84.0,148.0,3.047332949652241,892857.1428571428,0
4394,777660,2.0,1,2.0,4,3.0,1989,5,5,6.0,267.0,2.0649499050628113,9333333.333333334,0
4395,573470,1.0,2,2.0,3,1.0,2025,5,10,55.0,27.0,4.224732346708644,954545.4545454546,0
4396,537610,2.0,1,2.5,4,1.0,1989,5,5,37.0,59.0,7.513019353129758,621621.6216216217,0
4397,668240,2.0,1,2.8,4,2.0,2024,9,12,54.0,194.0,2.4745881238812837,722222.2222222222,0
4398,686350,2.0,1,2.8,3,2.0,2018,4,5,6.0,133.0,12.736265619913857,4000000.0,0
4399,866770,2.0,1,2.0,3,2.0,2025,11,12,9.0,269.0,1.6992503069808702,5555555.555555556,0
4400,628310,2.0,2,2.7,3,2.0,2024,11,12,88.0,237.0,4.240472807857985,988636.3636363636,0
4401,861380,2.0,1,2.7,3,2.0,2026,7,14,53.0,294.0,2.6429400040564706,754716.9811320754,0
4402,881790,2.0,1,2.9,4,2.0,2023,2,20,1.0,106.0,5.248591558527679,55500000.0,0
4403,672600,2.0,1,2.62,3,2.0,2026,6,9,54.0,13.0,7.537605253424797,555555.5370370371,0
4404,665070,2.0,1,2.85,3,2.0,2025,1,9,5.0,98.0,14.328756401163236,6000000.0,0
4405,677680,1.0,1,2.0,4,2.0,2025,2,10,38.0,239.0,7.459922385237505,763157.8684210526,0
4406,780040,2.0,1,2.8,1,3.0,1984,1,5,84.0,276.0,3.3396853947520078,869047.619047619,0
4407,751380,2.0,1,2.7,1,3.0,1967,3,4,8.0,235.0,2.335848703862136,2125000.0,0
4408,561730,2.0,1,2.7,1,2.0,2018,1,5,9.0,316.0,6.942594400407809,4500000.0,0
4409,653850,2.0,1,2.7,3,2.0,2020,2,12,59.0,106.0,5.647849629070346,779661.0169491526,0
4410,846820,2.0,1,2.0,4,2.0,2025,5,9,90.0,137.0,3.041569787103627,955555.5555555555,0
4411,635200,2.0,1,2.0,3,3.0,1969,3,4,9.0,66.0,2.8207641145443305,4443333.333333333,0
4412,649480,2.0,1,2.5,4,2.0,2022,4,5,8.0,254.0,8.528957233055662,3875000.0,0
4413,581190,8.0,1,2.0,3,4.0,2024,2,5,34.0,6389.0,3.5644443204447085,573529.4117647059,0
4414,853120,2.0,1,2.7,4,2.0,2013,2,6,2.0,209.0,3.319663535334133,28250000.0,0
4415,901550,2.0,1,2.7,1,2.0,2020,8,13,68.0,60.0,4.008473933374144,860294.1176470588,0
4416,602730,2.0,1,2.75,1,2.0,2019,10,12,2.0,248.0,5.086140108922142,17000000.0,0
4417,883760,2.0,1,2.7,3,2.0,2025,9,12,7.0,266.0,2.8264387101947817,7271428.571428572,0
4418,705700,2.0,1,2.8,1,1.0,1986,5,5,1.0,153.0,8.611770096718113,20000000.0,0
4419,881790,2.0,1,2.8,4,2.0,2023,6,9,1.0,204.0,1.7096695895524865,52000000.0,0
4420,899930,2.0,2,2.85,1,2.0,2021,15,17,70.0,222.0,4.096661454626762,1157142.857142857,0
4421,851280,1.0,2,2.0,3,2.0,2025,9,16,100.0,71.0,0.2843586082618026,845000.0,0
4422,597590,1.0,1,2.0,3,1.0,2025,6,9,7.0,161.0,72.21936982181765,1857142.857142857,0
4423,829200,2.0,1,2.9,4,3.0,1976,2,8,90.0,259.0,5.578288169654788,1122222.2222222222,0
4424,948720,2.0,1,2.76,3,1.0,2025,1,4,84.0,66.0,9.843504672305622,476190.4761904762,0
4425,630280,2.0,1,2.75,3,2.0,2018,7,12,58.0,259.0,5.1096510554439964,577586.2068965518,0
4426,701350,1.0,1,2.0,3,4.0,2025,12,12,40.0,164.0,8.171637627602319,522500.0,0
4427,723320,2.0,1,2.8,3,2.0,2026,3,3,3.0,12.0,9.994604111650196,13666666.666666666,0
4428,711760,2.0,2,2.75,1,1.0,2003,2,9,110.0,139.0,2.6002914178661767,709090.9090909091,0
4429,650160,1.0,1,2.0,3,1.0,2025,12,12,51.0,155.0,4.87589808439621,437741.17647058825,0
4430,612020,2.0,1,2.8,1,2.0,2014,4,5,47.0,265.0,5.737256745242366,568085.1063829787,0
4431,779860,1.0,1,2.7,4,2.0,2023,7,9,47.0,235.0,5.586574067866185,744680.8510638297,0
4432,627910,1.0,1,2.7,4,2.0,2022,5,18,56.0,165.0,8.236471563794726,580357.1428571428,0
4433,720790,1.0,1,2.0,3,2.0,2019,6,12,39.0,68.0,4.0700326771848205,806410.2564102564,0
4434,683910,2.0,1,2.85,4,2.0,2022,3,10,68.0,197.0,14.495645282282561,588235.2941176471,0
4435,867340,2.0,1,2.0,4,2.0,2021,1,18,1.0,107.0,0.9767211575840679,56400000.0,0
4436,652830,2.0,1,2.0,4,3.0,1983,5,5,58.0,0.0,8.881430347220725,637931.0344827586,0
4437,883760,2.0,1,2.7,3,2.0,2025,9,12,7.0,266.0,2.8264387101947817,7271428.571428572,0
4438,705700,2.0,1,2.8,1,1.0,1986,5,5,1.0,153.0,8.611770096718113,20000000.0,0
4439,881790,2.0,1,2.8,4,2.0,2023,6,9,1.0,204.0,1.7096695895524865,52000000.0,0
4440,899930,2.0,2,2.85,1,2.0,2021,15,17,70.0,222.0,4.096661454626762,1157142.857142857,0
4441,851280,1.0,2,2.0,3,2.0,2025,9,16,100.0,72.0,0.2843586082618026,845000.0,0
4442,597590,1.0,1,2.0,3,1.0,2025,6,9,7.0,161.0,72.21936982181765,1857142.857142857,0
4443,829200,2.0,1,2.9,4,3.0,1976,2,8,90.0,259.0,5.578288169654788,1122222.2222222222,0
4444,948720,2.0,1,2.76,3,1.0,2025,1,4,84.0,66.0,9.843504672305622,476190.4761904762,0
4445,630280,2.0,1,2.75,3,2.0,2018,7,12,58.0,259.0,5.1096510554439964,577586.2068965518,0
4446,851280,1.0,1,2.0,3,2.0,2025,2,15,120.0,67.0,4.366933805112209,974166.6666666666,0
4447,948720,2.0,1,2.7,4,1.0,2020,3,9,88.0,17.0,8.020934534057659,625000.0,0
4448,883760,2.0,1,2.0,4,2.0,2008,11,15,80.0,254.0,4.738576333054314,937500.0,0
4449,622150,2.0,1,2.7,3,3.0,1968,1,4,58.0,154.0,3.4480651076204722,612068.9655172414,0
4450,804620,1.0,1,2.0,4,2.0,2025,15,16,95.0,100.0,3.5187407944494824,715789.4736842106,0
4451,587010,1.0,1,2.0,1,1.0,2022,5,9,37.0,283.0,2.458842934534365,878378.3783783783,0
4452,711780,2.0,1,2.8,1,3.0,1983,7,9,72.0,64.0,2.486958036659578,833333.3333333334,0
4453,659120,1.0,2,2.7,1,1.0,2023,9,10,5.0,54.0,6.43207365868241,7300000.0,0
4454,688690,1.0,2,2.0,3,1.0,2026,10,12,3.0,15.0,3.7357767212994024,18333333.333333332,0
4455,854530,2.0,1,2.0,3,2.0,2024,7,13,6.0,137.0,1.419130540314576,6000000.0,0
4456,671600,2.0,1,2.0,3,4.0,2023,2,9,9.0,122.0,5.470893301664276,2937777.777777778,0
4457,633620,2.0,1,2.8,3,2.0,2026,5,6,22.0,115.0,11.866389152245864,2136363.6363636362,0
4458,592190,1.0,1,2.7,4,1.0,2024,6,9,9.0,280.0,8.402400328150579,2611111.111111111,0
4459,665070,2.0,1,2.0,3,2.0,2025,5,6,38.0,219.0,12.680785508371676,802631.5789473684,0
4460,865480,2.0,1,2.0,4,2.0,2025,1,13,42.0,107.0,1.2858454909964714,869047.619047619,0
4461,586030,2.0,1,2.4,3,1.0,1972,2,2,6.0,64.0,2.656608183949914,3916666.6666666665,0
4462,525540,2.0,1,2.8,3,2.0,2010,8,9,69.0,150.0,4.094018674169819,565217.3913043478,0
4463,636050,2.0,1,2.8,4,2.0,2018,4,10,1.0,155.0,2.906060704314051,22500000.0,0
4464,640650,2.0,1,2.85,3,2.0,2022,6,7,5.0,21.0,14.365264082092699,11600000.0,0
4465,673580,2.0,1,2.7,4,2.0,2016,8,12,4.0,241.0,4.724755856121376,6375000.0,0
4466,984720,2.0,2,2.0,1,1.0,1978,4,5,3.0,180.0,5.968227082111239,27166666.666666668,0
4467,604780,2.0,1,2.7,2,3.0,1983,5,5,2.0,264.0,6.563911570430828,12250000.0,0
4468,562420,1.0,1,2.0,3,2.0,2025,15,16,49.0,107.0,4.921521059534386,563265.306122449,0
4469,677680,1.0,1,2.0,3,2.0,2025,2,12,3.0,45.0,4.0935710655059445,7800000.0,0
4470,643450,2.0,1,2.5,1,3.0,1990,3,5,5.0,19.0,12.86980282333318,11400000.0,0
4471,899930,2.0,1,2.0,1,2.0,2021,11,14,64.0,291.0,5.487711924166999,1404687.5,0
4472,806310,2.0,1,2.7,4,1.0,1962,4,4,6.0,167.0,2.5597958359884947,5000000.0,0
4473,866770,2.0,1,2.7,3,2.0,2025,2,15,67.0,164.0,2.786625295539052,701492.5373134328,0
4474,899020,2.0,1,2.0,3,2.0,2026,12,13,1.0,257.0,2.4978099470365054,79000000.0,0
4475,793670,2.0,1,2.0,3,2.0,2026,4,12,3.0,153.0,9.171070504350451,5666666.666666667,0
4476,782240,1.0,1,2.8,4,4.0,2026,2,5,39.0,334.0,6.28229050253749,684615.3846153846,0
4477,625650,1.0,2,2.0,3,1.0,2019,5,6,163.0,136.0,2.951526931720247,736196.3190184049,0
4478,751990,2.0,1,2.8,3,2.0,2011,9,20,90.0,135.0,0.13226425491046037,794444.4444444445,0
4479,670000,1.0,1,2.0,1,1.0,2022,3,12,8.0,300.0,5.012324918335493,3125000.0,0
4480,868750,2.0,1,2.95,1,2.0,2022,5,10,43.0,142.0,1.5837406660404074,1034883.7209302326,0
4481,874480,2.0,2,2.0,1,4.0,2020,7,32,86.0,318.0,5.984772004618482,1220930.2325581396,0
4482,633520,2.0,1,2.8,1,2.0,2012,2,12,58.0,252.0,6.969411105630755,482758.6206896552,0
4483,899910,2.0,2,3.25,4,2.0,2018,1,3,5.0,591.0,6.308862135362973,37000000.0,0
4484,540870,16.0,2,2.0,3,1.0,2026,4,7,82.0,673.0,3.4111163417081256,366129.26829268294,0
4485,719730,1.0,1,2.7,3,2.0,2021,2,9,40.0,716.0,1.6876294327330528,637500.0,0
4486,804620,1.0,1,2.0,3,2.0,2025,4,18,70.0,7128.0,2.7497199456372234,698571.4285714285,0
4487,837520,2.0,2,2.0,1,2.0,2008,4,7,169.0,2440.0,6.578925686032018,940828.4023668639,0
4488,737650,1.0,1,2.0,3,1.0,2025,7,9,42.0,2205.0,6.0254048194435015,854761.9047619047,0
4489,679690,1.0,1,2.0,4,2.0,2017,18,19,1.0,807.0,2.3614004157797046,48000000.0,0
4490,336780,13.0,1,3.2,4,1.0,2016,3,14,76.0,93.0,2.253533254854687,432894.7368421053,0
4491,741660,1.0,1,2.0,3,2.0,2025,12,16,1.0,2027.0,8.058199554808132,27800000.0,0
4492,675730,1.0,1,2.0,3,1.0,2025,11,12,67.0,1157.0,2.7752419673281454,744776.1194029851,0
4493,763580,2.0,2,2.7,3,2.0,2025,2,6,106.0,119.0,6.171214862450398,697169.8113207547,0
4494,951650,2.0,1,2.0,3,2.0,2026,7,14,3.0,5.0,2.3406659565236922,16166666.666666666,0
4495,461400,1.0,1,2.0,1,1.0,2006,12,17,95.0,83.0,5.070780873213447,415789.4736842105,0
4496,777660,2.0,1,2.9,1,3.0,1986,8,9,5.0,276.0,1.7246871159969956,13840000.0,0
4497,776080,1.0,1,2.7,3,4.0,2025,4,5,2.0,314.0,6.274251955886979,12250000.0,0
4498,323730,15.0,1,2.0,3,3.0,1990,7,9,2.0,858.0,1.726674471976846,9200000.0,0
4499,712440,2.0,1,2.64,2,3.0,1984,11,18,2.0,124.0,5.79862655237375,47500000.0,0
4500,705700,2.0,1,2.8,1,1.0,1986,5,5,1.0,154.0,8.611770096718113,20000000.0,0
4501,788320,2.0,1,2.8,1,1.0,2021,2,3,46.0,223.0,6.78121096180744,760869.5652173914,0
4502,672600,2.0,1,2.0,5,2.0,2026,7,9,63.0,27.0,8.04814290203791,809523.8095238095,0
4503,420840,1.0,1,2.7,3,4.0,1989,3,6,5.0,36.0,6.165151912593089,5600000.0,0
4504,649480,2.0,2,2.0,3,2.0,2022,1,4,3.0,86.0,7.127768137695672,27333333.333333332,0
4505,867340,2.0,1,3.3,4,2.0,2021,9,9,48.0,246.0,7.148162927073448,958333.3333333334,0
4506,474680,1.0,1,2.8,1,2.0,2012,8,14,77.0,72.0,5.291538567963754,467532.4675324675,0
4507,444620,1.0,1,2.9,4,3.0,1992,5,6,52.0,234.0,9.036641422303983,326923.07692307694,0
4508,560770,2.0,1,2.0,4,2.0,2014,1,4,67.0,98.0,5.726843267763544,462686.5671641791,0
4509,922880,2.0,1,2.7,4,2.0,2022,11,12,70.0,320.0,0.9139113441360822,1142857.142857143,0
4510,719560,1.0,1,2.0,1,2.0,2022,12,12,44.0,244.0,2.7523272426711136,772727.2727272727,0
4511,861120,1.0,2,2.0,3,2.0,2026,14,14,1.0,227.0,3.582171871304198,65000000.0,0
4512,540660,1.0,1,2.7,4,1.0,2023,12,12,61.0,12.0,6.950479759297505,516393.4426229508,0
4513,770570,1.0,1,2.0,3,2.0,2022,14,14,48.0,226.0,3.7078742197937715,893750.0,0
4514,663570,2.0,1,2.7,3,2.0,2025,9,9,22.0,60.0,8.378647902658004,1090909.0909090908,0
4515,629940,2.0,1,2.75,5,2.0,2025,5,9,69.0,245.0,12.29776131696081,500000.0,0
4516,607750,2.0,1,2.7,4,2.0,2017,12,12,59.0,116.0,4.94630865902974,550847.4576271187,0
4517,650160,1.0,1,2.0,3,1.0,2025,7,12,49.0,82.0,6.052303519248526,551020.4081632653,0
4518,647440,2.0,1,2.8,3,2.0,2016,9,12,92.0,65.0,0.9569597981934233,597826.0869565217,0
4519,905880,2.0,1,2.65,1,1.0,1995,9,9,4.0,138.0,3.04842993816097,9850000.0,0
4520,885570,2.0,1,2.0,3,3.0,1970,3,4,16.0,121.0,5.7846105930596465,600000.0,0
4521,627380,2.0,1,2.5,3,2.0,2017,1,9,9.0,293.0,5.429809028891354,2833333.3333333335,0
4522,683460,1.0,1,2.0,4,2.0,2026,8,9,1.0,141.0,4.44194614435643,30000000.0,0
4523,727810,1.0,1,2.0,3,2.0,2023,11,12,2.0,44.0,1.3798459837355181,18999999.5,0
4524,802920,1.0,2,2.7,4,2.0,2021,3,12,102.0,268.0,4.248365529872005,843137.2549019608,0
4525,636050,2.0,1,2.7,4,2.0,2018,5,6,30.0,307.0,7.1986858382637475,800000.0,0
4526,709400,2.0,1,2.0,4,2.0,2019,1,3,60.0,306.0,6.636237129175898,916666.6666666666,0
4527,664320,1.0,1,2.7,1,2.0,2022,8,22,38.0,255.0,2.1738163236453665,736842.1052631579,0
4528,668480,1.0,1,2.0,4,2.0,2024,7,9,5.0,284.0,4.088905384649608,6300000.0,0
4529,515680,1.0,1,2.0,1,2.0,2011,17,22,53.0,283.0,3.1500035715458554,547169.8113207547,0
4530,784570,2.0,1,2.9,1,2.0,2012,10,10,4.0,226.0,8.333670238503814,9875000.0,0
4531,866770,2.0,1,2.7,3,2.0,2025,2,3,58.0,18.0,8.785932801594113,827586.2068965518,0
4532,493290,1.0,1,2.0,3,1.0,2015,6,13,39.0,187.0,5.039669073929142,564102.5641025641,0
4533,594670,2.0,1,2.7,1,2.0,2006,9,9,74.0,81.0,3.0571919171339794,581081.0810810811,0
4534,462040,1.0,2,2.7,3,1.0,2011,5,12,112.0,174.0,5.441133375389655,482142.85714285716,0
4535,683910,2.0,1,2.6,3,2.0,2024,4,5,42.0,151.0,11.280705821942712,833333.3333333334,0
4536,675730,1.0,1,2.0,3,1.0,2025,11,12,39.0,131.0,4.87589808439621,951892.3076923077,0
4537,813690,1.0,1,2.7,3,2.0,2022,7,14,107.0,149.0,4.477913962858894,514018.69158878503,0
4538,891050,2.0,1,2.0,4,2.0,2024,9,20,72.0,305.0,0.9992119875254819,847222.2222222222,0
4539,558220,1.0,1,2.7,4,1.0,2025,8,10,4.0,45.0,6.632889019338522,5700000.0,0
4540,499850,1.0,1,2.7,3,3.0,1990,1,5,6.0,207.0,5.631053283511786,2916666.6666666665,0
4541,702550,2.0,2,2.8,4,1.0,2007,10,10,6.0,11.0,4.317643084570649,10333333.333333334,0
4542,620910,2.0,1,2.8,1,2.0,2015,10,12,5.0,269.0,4.594885666329799,4600000.0,0
4543,883760,2.0,2,2.0,4,2.0,2025,2,3,6.0,50.0,8.825558273399023,11666666.666666666,0
4544,703830,2.0,1,2.85,4,2.0,2022,10,12,73.0,141.0,6.519759046888142,657534.2465753425,0
4545,687160,2.0,1,2.8,4,4.0,2021,6,6,5.0,249.0,7.988654798443133,5400000.0,0
4546,992170,2.0,2,2.8,4,2.0,2019,12,16,80.0,292.0,3.7620160500839797,1112500.0,0
4547,631440,2.0,1,2.9,3,4.0,2025,2,3,31.0,157.0,7.115448692549649,725806.4516129033,0
4548,982060,2.0,1,2.7,3,2.0,2023,1,12,2.0,296.0,2.0366646378268807,33500000.0,0
4549,589520,1.0,1,2.8,3,1.0,2023,12,12,46.0,62.0,6.50951518023656,619565.2173913043,0
4550,638490,1.0,1,2.0,4,1.0,2024,3,9,57.0,116.0,3.3882467011932276,789298.245614035,0
4551,984640,2.0,1,2.0,4,2.0,2024,3,13,2.0,114.0,4.169423835539085,18250000.0,0
4552,672600,2.0,1,2.0,3,2.0,2026,9,9,4.0,273.0,8.581008904130751,7800000.0,0
4553,587010,1.0,1,2.75,4,1.0,2022,10,11,36.0,32.0,1.936386553752568,708333.3333333334,0
4554,549530,1.0,2,2.8,1,1.0,2018,5,7,64.0,278.0,6.764869100964016,570312.5,0
4555,741990,2.0,1,2.8,3,3.0,1989,5,5,8.0,208.0,3.9386021194867773,7500000.0,0
4556,784570,2.0,1,2.9,4,2.0,2012,8,10,51.0,94.0,8.394926643139964,813725.4901960784,0
4557,802790,2.0,1,2.0,3,1.0,1959,2,2,2.0,45.0,5.129307803807315,21000000.0,0
4558,727810,1.0,1,2.0,4,2.0,2023,3,12,69.0,303.0,2.4318723232088773,685507.2463768116,0
4559,586990,2.0,1,2.8,1,2.0,2018,8,9,67.0,108.0,4.725487908855359,552238.8059701492,0
4560,700680,2.0,1,2.7,4,2.0,2020,2,12,38.0,281.0,5.569179968384312,750000.0,0
4561,665070,2.0,1,2.75,4,2.0,2025,6,9,2.0,80.0,12.205619721842002,12000000.0,0
4562,723320,2.0,1,3.25,5,2.0,2026,2,5,48.0,66.0,6.432216087171322,1770833.3333333333,0
4563,631690,1.0,1,2.8,3,1.0,2020,4,9,5.0,136.0,5.1946089373952145,5160000.0,0
4564,847300,2.0,2,2.0,3,2.0,2024,9,12,8.0,223.0,1.7517550299834888,10100000.0,0
4565,702140,2.0,1,2.7,4,2.0,2019,10,12,35.0,128.0,4.948349737402376,685714.2857142857,0
4566,933900,1.0,1,3.6,3,2.0,2023,2,4,142.0,121.0,6.357196928247784,894366.1971830986,0
4567,713800,1.0,1,2.0,3,4.0,2026,10,21,4.0,132.0,2.9714276138749303,7125000.0,0
4568,648950,1.0,1,2.7,1,2.0,2020,5,10,40.0,215.0,8.550305307240441,525000.0,0
4569,672120,2.0,1,2.8,3,2.0,2026,4,9,5.0,140.0,5.479328897950317,5000000.0,0
4570,666400,2.0,1,2.7,3,3.0,1995,1,5,81.0,128.0,1.2628699861450579,740740.7407407408,0
4571,879730,2.0,2,2.0,3,4.0,2026,5,6,1.0,271.0,15.74600615261665,37700000.0,0
4572,800540,2.0,1,2.6,2,4.0,2023,1,3,9.0,176.0,12.956922443311958,2444444.4444444445,0
4573,617570,1.0,1,2.9,3,2.0,2025,2,9,5.0,92.0,8.313040858073851,4000000.0,0
4574,825260,2.0,1,2.85,4,2.0,2024,1,6,44.0,31.0,11.202801754957287,1000000.0,0
4575,612040,2.0,1,2.75,3,2.0,2020,11,12,3.0,139.0,5.100390822589864,12666666.666666666,0
4576,650160,1.0,1,2.0,4,1.0,2025,2,9,39.0,267.0,3.265257307844878,766358.9743589744,0
4577,322440,15.0,1,2.5,1,3.0,1976,5,5,1.0,1.0,1.5432097916527878,18000000.0,0
4578,666900,1.0,1,2.0,3,2.0,2023,5,18,5.0,156.0,2.4318723232088773,5300000.0,0
4579,881790,2.0,1,2.7,3,2.0,2023,10,12,57.0,231.0,3.7628146610011988,1122807.0175438595,0
4580,687160,2.0,1,2.0,3,4.0,2024,9,9,33.0,132.0,8.216212536060505,710303.0303030303,0
4581,741660,1.0,1,2.0,3,2.0,2025,5,9,45.0,2780.0,2.7067543990622083,708888.8888888889,0
4582,552980,1.0,1,2.8,4,1.0,2020,4,12,39.0,0.0,6.7377400694151275,638461.5384615385,0
4583,174130,17.0,1,2.5,2,4.0,1963,5,5,52.0,171.0,0.11136508198901848,119230.76923076923,0
4584,678100,1.0,1,2.0,3,4.0,2021,7,8,1.0,105.0,2.897445962794692,37000000.0,0
4585,403110,13.0,1,2.0,3,4.0,1991,5,5,4.0,213.0,2.1482594771352517,5875000.0,0
4586,723320,2.0,1,3.25,5,2.0,2026,2,5,48.0,68.0,6.432216087171322,1770833.3333333333,0
4587,631690,1.0,1,2.8,3,1.0,2020,4,9,5.0,136.0,5.1946089373952145,5160000.0,0
4588,847300,2.0,2,2.0,3,2.0,2024,9,12,8.0,223.0,1.7517550299834888,10100000.0,0
4589,564970,1.0,1,2.0,4,1.0,2009,3,8,69.0,661.0,1.4239664446869238,637681.1594202898,0
4590,992170,2.0,1,2.7,4,2.0,2019,7,13,61.0,1434.0,2.9161653615074505,867213.1147540984,0
4591,554550,14.0,2,2.0,4,1.0,2024,6,10,109.0,1361.0,2.2983137719908213,1146788.990825688,0
4592,375140,7.0,1,2.8,4,1.0,1978,2,5,75.0,18276.0,3.2339813457583992,386666.6666666667,0
4593,386250,1.0,1,2.0,3,1.0,1991,7,9,7.0,320.0,6.096075452945809,4071428.5714285714,0
4594,362210,5.0,1,2.0,4,3.0,1993,3,5,1.0,15145.0,4.4262405032999865,30000000.0,0
4595,812770,1.0,1,2.0,3,2.0,2026,4,12,7.0,2002.0,5.70066465405907,8357142.857142857,0
4596,689440,1.0,1,2.7,5,2.0,2018,10,16,3.0,229.0,4.5297051294204875,7300000.0,0
4597,978520,2.0,1,2.0,4,4.0,2018,10,12,80.0,950.0,3.56420662025994,862500.0,0
4598,567810,1.0,1,2.7,3,2.0,2013,2,9,5.0,40.0,3.7515662667169085,4700000.0,0
4599,688930,2.0,2,3.3,5,2.0,2024,1,3,92.0,36.0,6.143563730230614,760869.5652173914,0
4600,670560,1.0,1,2.0,3,1.0,2018,5,9,40.0,1117.0,2.1176626461813197,736250.0,0
4601,785860,2.0,1,2.7,1,3.0,1977,5,5,46.0,160.0,5.860606345060337,750000.0,0
4602,402970,10.0,1,2.5,1,3.0,1987,9,10,9.0,22.0,0.7110892232392165,2544444.4444444445,0
4603,925150,2.0,2,2.0,4,2.0,2023,2,13,75.0,58.0,1.9393644817431466,840000.0,0
4604,737650,1.0,1,2.0,3,1.0,2025,7,10,68.0,150.0,2.3522787131416165,661764.7058823529,0
4605,405820,15.0,1,2.7,3,4.0,2018,1,6,9.0,114.0,2.6398481615250518,3333333.3333333335,0
4606,649480,2.0,2,2.7,4,2.0,2024,3,9,8.0,1002.0,8.275366341505316,5125000.0,0
4607,424250,6.0,1,2.0,3,4.0,2025,9,10,140.0,925.0,3.3026308614723843,499285.71428571426,0
4608,737140,2.0,1,2.7,3,3.0,1969,1,4,8.0,12.0,1.852866239988049,3112500.0,0
4609,741660,1.0,1,2.0,3,2.0,2025,3,9,51.0,168.0,4.1976571478129605,782352.9411764706,0
4610,691250,2.0,1,2.0,1,1.0,2007,2,5,89.0,67.0,3.540084933962788,651685.3932584269,0
4611,899020,2.0,2,2.0,3,2.0,2026,4,12,3.0,272.0,0.46530365102952587,19300000.0,0
4612,902700,2.0,2,2.9,4,2.0,2020,8,12,1.0,222.0,4.633911318971028,95000000.0,0
4613,630280,2.0,2,2.7,3,2.0,2019,4,12,4.0,215.0,4.585861557623093,9625000.0,0
4614,552070,2.0,1,2.8,3,2.0,2017,5,5,59.0,150.0,8.792070966673306,508474.57627118647,0
4615,861380,2.0,1,2.0,5,2.0,2026,1,3,7.0,79.0,10.501763918307217,10142857.142857144,0
4616,517140,2.0,1,2.7,1,2.0,2009,7,9,68.0,55.0,4.974919048724059,544117.6470588235,0
4617,703830,2.0,1,2.7,3,2.0,2021,8,9,85.0,201.0,7.961074661165245,647058.8235294118,0
4618,654000,1.0,1,2.7,3,1.0,2022,2,9,74.0,128.0,5.368895228114959,500000.0,0
4619,664320,1.0,1,2.0,3,2.0,2022,2,9,2.0,37.0,1.856149281290016,17500000.0,0
4620,694650,2.0,1,2.7,3,2.0,2025,4,9,9.0,331.0,7.954253876258889,2111111.111111111,0
4621,379510,10.0,1,2.6,4,3.0,1987,5,9,6.0,646.0,2.4682719455191036,2483333.3333333335,0
4622,383060,6.0,1,2.0,3,1.0,2020,5,5,73.0,13.0,1.5168955480751873,335616.4383561644,0
4623,395800,10.0,1,2.5,1,3.0,1979,5,5,7.0,69.0,1.6218636641641528,4071428.5714285714,0
4624,694650,2.0,1,2.0,3,2.0,2025,3,9,30.0,243.0,8.369660711681066,733333.3333333334,0
4625,764970,2.0,1,2.0,3,3.0,1975,2,4,9.0,269.0,2.8481887649427726,2300000.0,0
4626,680640,1.0,1,2.8,4,1.0,2024,1,5,31.0,49.0,8.469563292848207,480645.1612903226,0
4627,503490,2.0,1,2.8,5,2.0,2007,2,6,59.0,283.0,15.982626393700675,525423.7288135593,0
4628,933900,1.0,2,2.0,3,2.0,2023,3,14,140.0,213.0,2.9730730400246665,1000000.0,0
4629,630330,2.0,1,2.0,4,2.0,2024,11,12,60.0,91.0,5.91631397849377,750000.0,0
4630,853120,2.0,1,2.7,4,2.0,2013,2,6,2.0,210.0,3.319663535334133,28250000.0,0
4631,607520,1.0,2,2.8,4,1.0,2025,3,7,110.0,276.0,6.736145640484551,636363.6363636364,0
4632,742470,1.0,1,2.0,3,2.0,2025,9,9,2.0,178.0,5.10490460562074,15000000.0,0
4633,722100,2.0,1,2.8,3,3.0,1990,1,5,70.0,235.0,4.112695551810912,714285.7142857143,0
4634,538470,2.0,1,2.8,4,2.0,2025,6,9,5.0,250.0,14.107194493032454,4540000.0,0
4635,629940,2.0,1,2.7,4,2.0,2024,4,9,3.0,16.0,8.730575256292838,14333333.333333334,0
4636,881790,2.0,1,2.8,3,2.0,2023,4,12,60.0,134.0,2.6674257598181867,950000.0,0
4637,590300,1.0,1,2.0,3,1.0,2022,6,9,90.0,104.0,3.1180893167922505,833333.3333333334,0
4638,741660,1.0,1,2.0,3,2.0,2025,3,12,41.0,114.0,5.3045922231767335,656097.5609756098,0
4639,545600,1.0,1,2.7,4,1.0,2024,6,12,58.0,24.0,6.730453776655364,577586.2068965518,0
4640,655970,1.0,1,2.0,3,1.0,2026,6,9,65.0,180.0,4.89939162693211,369230.76923076925,0
4641,632000,2.0,1,2.85,3,2.0,2025,2,6,8.0,252.0,4.832106011004716,4375000.0,0
4642,769150,2.0,1,2.0,1,3.0,1980,5,5,3.0,55.0,1.5885167067935002,11166666.666666666,0
4643,631690,1.0,1,2.0,1,1.0,2020,5,9,1.0,260.0,6.502688897079774,29000000.0,0
4644,658970,2.0,1,2.8,4,2.0,2014,6,6,5.0,10.0,7.589387753069033,7700000.0,0
4645,757870,2.0,2,2.7,3,2.0,2017,16,17,84.0,151.0,3.047332949652241,892857.1428571428,0
4646,737650,1.0,1,2.0,3,1.0,2025,7,8,2.0,148.0,5.802995730123497,18000000.0,0
4647,737650,1.0,1,2.0,4,1.0,2025,11,12,39.0,195.0,2.853589589014601,987179.4871794871,0
4648,650160,1.0,1,2.0,4,1.0,2025,6,9,5.0,101.0,2.8327819468624176,7200000.0,0
4649,802920,1.0,1,2.7,1,2.0,2021,5,10,65.0,320.0,2.761998811783466,860000.0,0
4650,696410,2.0,1,2.7,3,2.0,2026,9,9,8.0,281.0,7.964676410420788,2562500.0,0
4651,636610,2.0,1,2.0,3,2.0,2026,1,12,49.0,167.0,2.137011578489679,622448.9795918367,0
4652,670420,2.0,1,2.8,3,2.0,2020,4,7,71.0,249.0,11.305307088541431,661971.8309859155,0
4653,851280,1.0,2,2.0,3,2.0,2025,11,22,110.0,262.0,4.5017010750717175,872727.2727272727,0
4654,881850,2.0,1,2.8,3,3.0,1984,5,5,5.0,192.0,5.1779274279087,6400000.0,0
4655,854530,2.0,1,2.0,4,2.0,2024,8,13,48.0,298.0,1.4932253590449285,833333.3333333334,0
4656,741660,1.0,1,2.0,3,2.0,2025,5,9,64.0,154.0,4.124772394460205,554687.5,0
4657,882380,2.0,1,2.85,4,2.0,2024,3,6,8.0,26.0,11.084761482286014,9625000.0,0
4658,496630,1.0,1,2.0,3,1.0,2000,1,6,3.0,266.0,3.89768327375872,18000000.0,0
4659,630330,2.0,1,2.7,4,2.0,2024,2,12,18.0,182.0,5.904387131323835,2777777.777777778,0
4660,794850,2.0,1,2.7,1,2.0,2022,15,15,8.0,223.0,3.1959432392515743,5187500.0,0
4661,630330,2.0,1,2.0,3,2.0,2024,1,12,43.0,99.0,1.6870451497022365,779069.7674418605,0
4662,702140,2.0,1,2.7,1,2.0,2019,6,12,37.0,51.0,4.892726067935168,702702.7027027027,0
4663,669760,2.0,1,3.3,3,2.0,2021,3,3,5.0,121.0,3.905008691147962,4400000.0,0
4664,627470,2.0,2,2.75,4,2.0,2006,9,10,2.0,262.0,4.025801480562623,49450000.0,0
4665,550100,1.0,2,2.8,4,4.0,2009,3,14,101.0,255.0,0.13435887977699174,533663.3663366337,0
4666,642550,2.0,1,2.7,3,2.0,2025,2,6,106.0,241.0,11.913327583211133,990566.037735849,0
4667,543000,2.0,1,2.8,1,2.0,2007,5,5,59.0,96.0,16.146584265796104,584745.7627118644,0
4668,712140,2.0,1,2.7,4,2.0,2020,8,14,83.0,281.0,5.682401703288022,662650.5903614458,0
4669,709440,1.0,1,2.0,3,2.0,2021,3,12,66.0,241.0,3.0043929640431384,545454.5454545454,0
4670,642520,2.0,1,2.8,3,2.0,1990,5,5,55.0,4.0,6.614041627886305,672727.2727272727,0
4671,881790,2.0,1,2.8,3,2.0,2023,7,12,6.0,247.0,3.858683694131359,13666666.666666666,0
4672,697280,2.0,1,2.85,1,2.0,1998,12,12,7.0,103.0,3.958676650508349,6142857.142857143,0
4673,688930,2.0,2,3.3,3,2.0,2023,1,4,31.0,39.0,6.148795246716153,2580645.1612903224,0
4674,398470,1.0,2,2.7,4,1.0,2016,10,11,140.0,37.0,5.862548387221864,328571.4285714286,0
4675,703830,2.0,1,2.7,3,2.0,2022,1,5,6.0,215.0,8.609662546092206,7333333.333333333,0
4676,677680,1.0,1,2.0,4,2.0,2025,14,16,6.0,161.0,5.589841050824735,4666666.666666667,0
4677,881790,2.0,1,2.7,4,2.0,2023,7,16,53.0,80.0,2.9242229173885472,905660.3773584906,0
4678,896410,2.0,1,2.0,4,2.0,2025,11,13,4.0,291.0,1.4140231596260324,9000000.0,0
4679,397430,1.0,1,2.0,3,1.0,1963,1,3,51.0,117.0,4.774292212505084,507843.137254902,0
4680,631560,2.0,1,2.8,4,2.0,2024,2,5,32.0,305.0,6.9575207783602515,765625.0,0
4681,746490,1.0,1,2.0,3,1.0,2021,8,9,2.0,83.0,3.515165747043851,47500000.0,0
4682,551600,2.0,1,2.8,1,2.0,2017,2,5,8.0,188.0,7.159556703645955,7500000.0,0
4683,770570,1.0,1,2.0,4,2.0,2022,10,16,66.0,74.0,5.2629087375193695,606060.6060606061,0
4684,626150,2.0,1,2.8,3,2.0,2025,9,12,35.0,8.0,5.017196969320959,542857.1428571428,0
4685,896410,2.0,1,2.0,3,2.0,2025,5,9,48.0,84.0,3.0729468930549415,1083333.3333333333,0
4686,847300,2.0,2,2.0,3,2.0,2024,9,12,8.0,223.0,1.7517550299834888,10100000.0,0
4687,647440,2.0,2,2.8,4,2.0,2012,17,21,2.0,100.0,0.6200808391628192,29000000.0,0
4688,672600,2.0,1,3.3,3,2.0,2026,4,5,8.0,159.0,6.433274177461227,6750000.0,0
4689,358400,6.0,2,2.0,3,1.0,2002,7,9,186.0,1539.0,3.555360212272254,365591.39784946234,0
4690,613520,1.0,1,2.0,3,2.0,2017,4,12,42.0,290.0,4.44656512685972,516666.6666666667,0
4691,650160,1.0,1,2.0,4,1.0,2025,10,13,41.0,326.0,2.7752419673281454,778048.7804878049,0
4692,583240,8.0,1,2.9,3,2.0,2021,5,7,75.0,748.0,2.134860081648866,560000.0,0
4693,481170,1.0,1,2.7,1,2.0,1983,5,5,60.0,823.0,5.3705691024603395,383333.3333333333,0
4694,829730,1.0,2,2.0,3,2.0,2023,19,23,96.0,1035.0,4.454555385963799,1244791.6666666667,0
4695,741660,1.0,1,2.0,3,2.0,2025,3,12,46.0,2578.0,4.520285793730033,650000.0,0
4696,574010,1.0,1,2.0,3,2.0,2014,5,24,3.0,584.0,3.984062878479925,16833333.333333332,0
4697,697980,1.0,1,2.7,1,2.0,2018,14,14,7.0,1439.0,1.2689898040741185,4914285.714285715,0
4698,889600,2.0,1,2.0,4,2.0,2024,10,13,57.0,459.0,4.127346531709279,833333.3333333334,0
4699,287840,7.0,1,2.5,1,3.0,1970,3,5,30.0,6548.0,1.0931431725974574,293333.3333333333,0
4700,652010,1.0,1,2.0,4,2.0,2017,11,15,61.0,886.0,2.644123286389943,900000.0,0
4701,448470,1.0,2,2.7,3,2.0,2008,7,16,127.0,130.0,4.619850433535313,413385.82677165355,0
4702,445600,1.0,1,2.7,1,1.0,2003,4,5,75.0,158.0,5.9746999584939555,440000.0,0
4703,223550,9.0,1,2.5,3,3.0,1965,3,5,42.0,893.0,9.443313257460707,228571.42857142858,0
4704,617130,2.0,1,2.9,3,2.0,2024,2,5,46.0,102.0,6.9688105747730065,684782.6086956522,0
4705,563670,2.0,1,2.0,3,4.0,2015,8,9,64.0,270.0,4.809393466420951,546875.0,0
4706,623710,2.0,1,2.8,3,3.0,1975,6,9,1.0,18.0,3.9979092955586624,45000000.0,0
4707,516430,2.0,1,2.0,4,2.0,2012,1,5,90.0,63.0,5.798548303980236,533333.3333333334,0
4708,522420,2.0,1,2.0,3,4.0,2013,5,9,4.0,206.0,4.554512168482846,12000000.0,0
4709,631060,2.0,1,2.8,3,2.0,2025,12,12,71.0,136.0,5.987894179117492,598591.5492957747,0
4710,629840,2.0,1,2.0,3,4.0,2024,2,6,53.0,148.0,4.738360701574096,745283.0188679246,0
4711,637980,2.0,2,2.7,3,2.0,2021,5,9,90.0,235.0,10.722469757970837,622222.2222222222,0
4712,476200,1.0,1,2.7,3,2.0,2016,8,21,83.0,38.0,4.830640163922561,578313.2530120482,0
4713,847300,2.0,1,2.0,4,2.0,2024,6,12,2.0,278.0,1.3978078352279055,23500000.0,0
4714,802080,2.0,1,2.0,3,3.0,1991,1,9,4.0,309.0,3.335463182498825,7750000.0,0
4715,891050,2.0,2,2.0,3,2.0,2024,1,3,5.0,136.0,7.4015759116357716,17000000.0,0
4716,741660,1.0,1,2.0,3,2.0,2025,13,16,1.0,269.0,4.350241546772765,35500000.0,0
4717,881790,2.0,1,2.0,4,2.0,2023,17,20,5.0,41.0,5.2650785204834385,16000000.0,0
4718,854530,2.0,1,2.0,4,2.0,2024,2,13,56.0,89.0,1.3598013896493608,848214.2857142857,0
4719,561730,2.0,2,2.0,1,2.0,2018,3,9,3.0,189.0,4.761169453509938,18333333.333333332,0
4720,597020,1.0,2,2.0,4,1.0,2024,9,9,90.0,163.0,5.2531275264579875,788888.8888888889,0
4721,724870,2.0,1,2.0,3,2.0,2012,5,14,76.0,90.0,3.2513850152389496,750000.0,0
4722,621150,1.0,1,2.65,4,3.0,2026,4,12,28.0,151.0,4.032463033590171,785714.2857142857,0
4723,745510,2.0,1,2.8,1,3.0,1976,1,5,74.0,332.0,3.8464532003302017,810810.8108108108,0
4724,734480,2.0,1,2.8,3,2.0,2012,6,18,61.0,68.0,0.061906947429578536,655737.7049180327,0
4725,875210,2.0,1,2.0,4,2.0,2024,10,13,9.0,115.0,1.7130558827002398,7000000.0,0
4726,630330,2.0,1,2.7,4,2.0,2024,3,9,2.0,60.0,2.7703150853133427,18500000.0,0
4727,476450,1.0,2,2.0,4,1.0,2019,2,9,5.0,264.0,5.372545042670778,14300000.0,0
4728,683830,2.0,1,2.8,2,3.0,1981,4,5,9.0,287.0,9.067874702216447,4444444.444444444,0
4729,484670,1.0,2,2.0,5,1.0,2010,12,12,3.0,225.0,4.1415833893527045,18666666.666666668,0
4730,607300,1.0,1,2.0,3,1.0,2026,7,9,55.0,277.0,4.983181261963713,572727.2727272727,0
4731,649480,2.0,1,2.8,5,2.0,2024,9,10,56.0,160.0,8.793295823493445,464285.71428571426,0
4732,610110,2.0,1,2.7,1,4.0,2015,2,5,55.0,293.0,14.803700678760041,563636.3636363636,0
4733,784570,2.0,1,2.0,1,2.0,2012,3,16,6.0,82.0,6.995760917380374,6000000.0,0
4734,687090,2.0,1,2.75,1,2.0,2022,2,3,4.0,189.0,5.487152913799203,4750000.0,0
4735,859780,2.0,2,2.7,3,4.0,2025,5,12,6.0,284.0,3.994451623309446,10500000.0,0
4736,847510,1.0,1,2.0,4,2.0,2024,12,19,1.0,1099.0,2.7537245597906854,60000000.0,0
4737,340470,16.0,1,2.5,3,1.0,1971,5,5,4.0,462.0,0.46531080879013265,4375000.0,0
4738,542190,9.0,1,2.7,3,1.0,2018,3,10,70.0,1.0,2.683352519868464,467142.85714285716,0
4739,734480,2.0,1,2.8,3,2.0,2012,6,18,61.0,69.0,0.061906947429578536,655737.7049180327,0
4740,875210,2.0,1,2.0,4,2.0,2024,10,13,9.0,115.0,1.7130558827002398,7000000.0,0
4741,630330,2.0,1,2.7,4,2.0,2024,3,9,2.0,60.0,2.7703150853133427,18500000.0,0
4742,476450,1.0,2,2.0,4,1.0,2019,2,9,5.0,264.0,5.372545042670778,14300000.0,0
4743,683830,2.0,1,2.8,2,3.0,1981,4,5,9.0,287.0,9.067874702216447,4444444.444444444,0
4744,484670,1.0,2,2.0,5,1.0,2010,12,12,3.0,226.0,4.1415833893527045,18666666.666666668,0
4745,607300,1.0,1,2.0,3,1.0,2026,7,9,55.0,278.0,4.983181261963713,572727.2727272727,0
4746,649480,2.0,1,2.8,5,2.0,2024,9,10,56.0,160.0,8.793295823493445,464285.71428571426,0
4747,610110,2.0,1,2.7,1,4.0,2015,2,5,55.0,293.0,14.803700678760041,563636.3636363636,0
4748,771700,2.0,1,2.8,3,3.0,1986,2,9,74.0,228.0,1.5785921694435214,801351.3513513514,0
4749,881790,2.0,1,2.0,4,2.0,2023,18,18,1.0,50.0,2.916679711151296,50000000.0,0
4750,662660,1.0,2,2.7,1,1.0,2016,5,17,96.0,94.0,3.2243931514594975,645833.3333333334,0
4751,649480,2.0,1,2.0,4,2.0,2024,2,3,5.0,170.0,7.704757783627324,10100000.0,0
4752,607750,2.0,1,2.64,3,2.0,2017,11,12,8.0,72.0,4.606888552632006,4750000.0,0
4753,694650,2.0,1,2.0,3,2.0,2025,7,9,4.0,141.0,7.9092115301061074,5250000.0,0
4754,671550,2.0,1,2.8,1,2.0,2023,2,5,2.0,279.0,6.634849039804043,15600000.0,0
4755,491700,2.0,1,2.7,4,2.0,2021,8,8,6.0,315.0,6.036470925211653,4750000.0,0
4756,539290,1.0,2,2.0,4,4.0,2006,15,16,120.0,18.0,0.7020774074832117,458333.3333333333,0
4757,742470,1.0,1,2.0,4,2.0,2025,5,17,46.0,162.0,3.600856750100982,804347.8260869565,0
4758,589180,1.0,1,2.0,4,1.0,2025,7,12,8.0,48.0,5.738509480914573,3562500.0,0
4759,701350,1.0,1,2.0,4,4.0,2025,3,4,48.0,24.0,5.743742100086298,614583.3333333334,0
4760,654660,2.0,1,2.0,3,2.0,1993,11,12,2.0,129.0,3.7497516708635548,24250000.0,0
4761,883290,2.0,1,2.0,4,4.0,2024,9,9,52.0,183.0,13.16227598359675,826923.0769230769,0
4762,666900,2.0,1,2.7,4,3.0,1983,4,5,6.0,152.0,3.2213233446341247,5666666.666666667,0
4763,750020,2.0,1,2.75,3,3.0,1990,9,9,9.0,38.0,3.302361151889514,4611111.111111111,0
4764,683910,2.0,1,2.0,3,2.0,2025,6,6,56.0,220.0,12.598305298759865,748214.2857142857,0
4765,737640,2.0,1,2.0,3,1.0,1962,4,4,1.0,305.0,2.5585634360874048,46000000.0,0
4766,683910,2.0,1,2.7,5,2.0,2025,5,6,15.0,63.0,12.656242610353665,3133333.3333333335,0
4767,650160,1.0,1,2.0,3,1.0,2025,12,12,43.0,260.0,6.722428003848491,439534.88372093026,0
4768,901350,2.0,2,2.0,3,2.0,2023,11,20,6.0,149.0,5.3578411568165265,20000000.0,0
4769,542290,8.0,1,2.0,3,2.0,2023,1,12,86.0,1.0,2.581433971407264,602325.5813953489,0
4770,666580,1.0,1,2.0,3,1.0,2024,3,12,74.0,29.0,3.3091520926555305,824324.3243243244,0
4771,699080,2.0,1,2.8,3,3.0,1990,1,5,92.0,230.0,1.306439809045778,652173.9130434783,0
4772,634970,2.0,1,2.0,4,3.0,1965,4,4,9.0,98.0,6.085054053467761,4333333.333333333,0
4773,665340,2.0,1,2.0,3,3.0,1969,4,4,6.0,202.0,3.095763482542093,4583333.333333333,0
4774,625310,1.0,1,2.7,3,3.0,2020,2,16,50.0,104.0,4.423800676651299,690000.0,0
4775,727960,2.0,2,2.0,4,2.0,2008,16,17,7.0,189.0,2.954405725941752,8285714.285714285,0
4776,687090,2.0,1,2.7,4,2.0,2023,10,12,4.0,256.0,7.530593879104801,8000000.0,0
4777,649480,2.0,1,2.0,3,2.0,2023,3,10,47.0,128.0,8.400936980369796,585106.3829787234,0
4778,659020,1.0,1,2.0,1,4.0,2018,6,9,85.0,211.0,3.9943153612709508,470588.23529411765,0
4779,507990,1.0,1,2.7,3,2.0,2007,10,12,46.0,214.0,6.726188835586914,391304.347826087,0
4780,688620,2.0,1,2.7,1,2.0,2016,2,9,44.0,243.0,11.174721726987688,625000.0,0
4781,731710,2.0,1,2.8,1,2.0,2007,10,10,60.0,203.0,7.006557094974487,666666.6666666666,0
4782,535300,2.0,2,2.8,4,2.0,2024,1,9,2.0,279.0,13.985700051672673,19250000.0,0
4783,535220,2.0,1,2.8,3,2.0,2012,9,9,88.0,142.0,7.340966719716578,443181.8181818182,0
4784,588030,2.0,1,2.0,4,1.0,2010,6,6,65.0,291.0,15.823888415911116,569230.7692307692,0
4785,948370,2.0,1,2.0,4,1.0,1987,1,5,65.0,199.0,7.088141349197645,946153.8461538461,0
4786,604170,1.0,1,2.7,3,1.0,2025,4,12,43.0,24053.0,8.157504318314366,511627.9069767442,0
4787,673750,1.0,1,2.0,3,1.0,2025,10,12,41.0,757.0,2.8789202451766633,829268.2926829269,0
4788,643840,1.0,1,2.7,4,1.0,2021,10,10,60.0,1190.0,1.9857379773286146,500000.0,0
4789,650160,1.0,1,2.0,3,1.0,2025,10,13,41.0,369.0,2.8357616885525876,778048.7804878049,0
4790,837570,2.0,1,2.8,3,2.0,1977,8,8,4.0,204.0,2.695074144661363,7625000.0,0
4791,866770,2.0,1,2.8,4,2.0,2025,7,9,6.0,196.0,12.591868788400982,6250000.0,0
4792,996110,2.0,2,2.0,4,2.0,2012,1,6,228.0,106.0,6.1451718853634905,1311403.50877193,0
4793,857490,2.0,1,2.0,3,4.0,2026,12,13,47.0,501.0,1.2648801364608833,787234.0425531915,0
4794,683460,1.0,1,2.65,3,2.0,2026,5,17,55.0,120.0,4.860452033648367,490909.0909090909,0
4795,737210,1.0,2,2.0,3,2.0,2016,9,12,138.0,113.0,1.6873986277780764,797101.4492753623,0
4796,908860,2.0,1,2.0,3,1.0,1969,1,4,43.0,255.0,2.595958882179161,883720.9302325582,0
4797,611950,1.0,1,2.7,4,1.0,2013,4,9,2.0,948.0,0.7360083342590438,18000000.0,0
4798,906700,2.0,2,2.0,3,1.0,2009,1,3,130.0,283.0,8.864668241391907,469230.76923076925,0
4799,638490,1.0,1,2.0,3,1.0,2024,4,12,40.0,82.0,3.7637358742350107,837500.0,0
4800,376310,6.0,1,2.0,4,1.0,2017,10,10,7.0,2505.0,1.0880787154240181,5000000.0,0
4801,636050,2.0,1,2.7,4,2.0,2018,1,9,2.0,86.0,4.730090856140148,14995000.0,0
4802,465840,1.0,1,2.7,1,1.0,2004,4,5,50.0,40.0,6.534481229429884,500000.0,0
4803,905830,2.0,2,2.0,4,2.0,2013,1,5,4.0,264.0,6.886211277658002,24000000.0,0
4804,829270,2.0,1,2.8,4,2.0,2023,7,10,8.0,213.0,1.6968127269535276,6750000.0,0
4805,640650,2.0,2,2.7,4,2.0,2022,2,7,7.0,199.0,11.816467916450254,8142857.142857143,0
4806,538470,2.0,1,2.7,3,2.0,2024,7,9,7.0,154.0,14.137441298233792,3271428.5714285714,0
4807,831400,2.0,1,2.8,4,2.0,2015,14,15,75.0,180.0,4.566178143996675,946666.6666666666,0
4808,623230,1.0,1,2.7,3,2.0,2014,2,12,8.0,229.0,3.8913281757275895,6187500.0,0
4809,874680,2.0,1,2.0,4,2.0,2020,12,13,55.0,242.0,4.948436247713876,1309090.9090909092,0
4810,560770,2.0,2,2.8,2,2.0,2014,1,9,4.0,34.0,4.5662393610669065,8750000.0,0
4811,650160,1.0,1,2.0,4,1.0,2025,10,12,2.0,254.0,2.780515136476167,18750000.0,0
4812,590110,1.0,1,2.75,5,1.0,2022,8,9,37.0,67.0,6.682051650011176,554054.0540540541,0
4813,708630,2.0,1,2.8,3,2.0,2026,7,9,59.0,229.0,13.086110608412582,457610.16949152545,0
4814,697280,2.0,1,2.7,3,2.0,1998,12,12,2.0,128.0,3.9410876137627695,20500000.0,0
4815,722210,2.0,1,2.8,3,2.0,2010,1,9,89.0,159.0,6.18392376731652,539325.8426966292,0
4816,538470,2.0,1,2.8,5,2.0,2024,6,9,7.0,214.0,12.935759794085245,2657142.8571428573,0
4817,450170,1.0,1,2.7,4,1.0,2008,9,12,54.0,34.0,6.778333322301865,453703.7037037037,0
4818,723320,2.0,2,2.0,3,2.0,2026,2,12,92.0,261.0,8.04814290203791,847826.0869565217,0
4819,641980,2.0,1,2.7,1,2.0,2019,6,6,4.0,61.0,7.5305847838046756,7500000.0,0
4820,688500,2.0,1,2.58,1,1.0,1994,4,9,50.0,274.0,4.332197178687089,810000.0,0
4821,793670,2.0,1,2.0,5,2.0,2026,3,12,42.0,281.0,2.2805833599147753,880952.380952381,0
4822,731520,2.0,1,2.0,3,4.0,2022,2,9,65.0,159.0,11.592764804713974,915384.6153846154,0
4823,483200,1.0,1,2.0,3,4.0,1980,1,5,45.0,220.0,5.259960914339727,444444.44444444444,0
4824,901420,2.0,1,3.3,3,2.0,2025,6,7,1.0,306.0,8.175038895181244,136000000.0,0
4825,269320,13.0,1,2.0,3,3.0,1975,5,5,72.0,2.0,1.4570135515708218,263888.8888888889,0
4826,695750,1.0,1,2.0,3,2.0,2020,6,18,60.0,9.0,3.16144467174531,708333.3333333334,0
4827,560630,1.0,2,2.7,1,1.0,2016,1,9,2.0,98.0,3.1391505039510683,24500000.0,0
4828,631440,2.0,1,2.9,3,4.0,2025,2,3,31.0,159.0,7.115448692549649,725806.4516129033,0
4829,571270,1.0,1,2.7,3,1.0,2019,6,9,37.0,0.0,6.912187871771816,567567.5675675676,0
4830,901350,2.0,1,2.7,4,2.0,2023,10,16,75.0,133.0,3.0531298563312097,866666.6666666666,0
4831,667480,2.0,1,2.0,3,3.0,1976,5,5,45.0,4.0,2.918894016755031,644444.4444444445,0
4832,733780,2.0,1,2.7,1,4.0,2012,10,16,106.0,3.0,7.01269169080418,396226.41509433964,0
4833,639300,1.0,2,3.3,3,1.0,2023,9,9,80.0,21.0,5.401992338725523,500000.0,0
4834,649480,2.0,1,2.7,3,2.0,2024,4,10,18.0,105.0,8.793295823493445,1500000.0,0
4835,797480,1.0,1,3.2,4,2.0,2020,4,8,100.0,58.0,1.6497256911771114,780000.0,0
4836,865480,2.0,1,2.0,3,2.0,2025,5,13,5.0,220.0,1.3206956679138344,8600000.0,0
4837,683240,2.0,1,2.0,3,4.0,2019,5,5,8.0,265.0,12.867442800563971,3187500.0,0
4838,675730,1.0,2,2.0,3,1.0,2025,2,9,5.0,91.0,3.2520367617189376,10600000.0,0
4839,866770,2.0,1,2.0,3,2.0,2025,4,16,80.0,118.0,4.329374409238262,1287500.0,0
4840,636050,2.0,1,2.8,1,2.0,2018,4,5,45.0,51.0,7.086773942116044,544444.4444444445,0
4841,970650,2.0,2,2.0,2,2.0,2017,1,21,2.0,13.0,1.762675809851746,39999999.5,0
4842,741660,1.0,1,2.0,4,2.0,2025,2,9,47.0,143.0,2.6430471232164403,893617.0212765958,0
4843,704120,2.0,1,2.8,4,4.0,2022,5,6,73.0,59.0,7.498083489665205,575342.4657534247,0
4844,597590,1.0,1,2.8,3,1.0,2025,3,9,11.0,205.0,5.650050055627313,1318181.8181818181,0
4845,499850,1.0,1,2.8,3,2.0,2009,11,16,5.0,109.0,4.765209876227186,3900000.0,0
4846,574720,1.0,1,2.0,3,2.0,2026,8,9,57.0,254.0,4.889388828272447,663157.8947368421,0
4847,847510,1.0,2,2.0,3,2.0,2024,11,12,90.0,184.0,3.4832868329298385,798888.8888888889,0
4848,809660,2.0,1,2.64,3,2.0,2021,6,10,64.0,164.0,1.8433416562031295,703125.0,0
4849,580190,2.0,1,2.7,4,2.0,2017,5,9,55.0,238.0,5.245494127409441,636363.6363636364,0
4850,637980,2.0,2,2.7,3,2.0,2021,5,9,90.0,235.0,10.722469757970837,622222.2222222222,0
4851,687090,2.0,1,2.0,3,2.0,2024,4,9,30.0,276.0,8.061382196762269,750000.0,0
4852,385150,6.0,1,3.2,3,1.0,2019,3,5,132.0,2089.0,1.0967323539671316,435606.0606060606,0
4853,719560,1.0,1,2.7,3,2.0,2022,6,9,5.0,35.0,7.359372126356599,6600000.0,0
4854,747420,1.0,1,2.0,3,2.0,2027,11,17,41.0,170.0,4.41802356880392,558536.5853658536,0
4855,643840,1.0,2,2.0,3,1.0,2021,4,9,90.0,152.0,3.346049293710736,730000.0,0
4856,727610,2.0,2,3.1,1,2.0,2010,1,5,5.0,65.0,9.27095945170841,21400000.0,0
4857,670000,1.0,1,2.0,4,1.0,2022,6,10,39.0,157.0,3.457025669915164,717948.717948718,0
4858,741660,1.0,1,2.0,3,2.0,2025,3,12,66.0,284.0,5.630769394486889,605909.0909090909,0
4859,683460,1.0,1,2.0,4,2.0,2026,8,9,1.0,143.0,4.44194614435643,30000000.0,0
4860,891050,2.0,1,2.0,4,2.0,2024,9,20,72.0,314.0,0.9992119875254819,847222.2222222222,0
4861,625780,2.0,1,2.7,5,2.0,2023,7,9,9.0,312.0,5.470893301664276,2777777.777777778,0
4862,499200,1.0,1,2.7,1,2.0,2010,13,15,49.0,46.0,5.198533321543013,520408.1632653061,0
4863,691440,2.0,1,2.85,3,2.0,2026,3,6,8.0,159.0,11.836598187695044,4437500.0,0
4864,793670,2.0,1,2.0,3,2.0,2026,6,16,9.0,76.0,2.3406659565236922,3222222.222222222,0
4865,643840,1.0,2,2.7,3,1.0,2021,5,10,85.0,320.0,8.555760786374549,452941.17647058825,0
4866,585600,2.0,1,2.8,1,3.0,1983,3,5,5.0,42.0,6.414752347178814,1900000.0,0
4867,537110,2.0,1,2.8,4,2.0,2015,2,5,75.0,224.0,7.662524839740474,613200.0,0
4868,951650,2.0,1,2.0,5,2.0,2026,3,9,6.0,65.0,2.2204833390569996,9833333.333333334,0
4869,950090,2.0,2,2.75,1,2.0,2019,8,15,138.0,177.0,5.207460937796734,1304347.8260869565,0
4870,562340,1.0,1,2.7,4,1.0,2022,9,12,46.0,191.0,6.86802592232163,584782.6086956522,0
4871,899020,2.0,1,2.0,3,2.0,2026,5,9,83.0,87.0,2.3406659565236922,777108.4337349398,0
4872,673750,1.0,1,2.0,3,1.0,2025,4,10,42.0,160.0,2.314713151639506,654761.9047619047,0
4873,612030,2.0,1,2.0,4,3.0,1980,1,5,9.0,318.0,1.6070439305906306,4444444.444444444,0
4874,669000,2.0,1,2.85,3,2.0,2023,5,5,5.0,139.0,12.43800749062355,6000000.0,0
4875,865480,2.0,1,2.0,4,2.0,2025,8,9,50.0,286.0,3.0179800090193525,1120000.0,0
4876,703830,2.0,1,2.0,3,2.0,2021,5,5,81.0,40.0,8.820468629058508,456790.1234567901,0
4877,883760,2.0,1,2.0,3,2.0,2025,4,9,94.0,14.0,2.036719014636428,1053191.4893617022,0
4878,614380,2.0,1,2.8,3,2.0,2021,9,12,4.0,173.0,5.145906708496973,12750000.0,0
4879,881790,2.0,1,2.0,3,2.0,2023,11,17,60.0,197.0,2.7370227459821943,883333.3333333334,0
4880,904770,2.0,2,2.0,4,2.0,2022,11,18,104.0,319.0,0.9356555196660185,817307.6923076923,0
4881,640650,2.0,2,2.7,4,2.0,2022,2,7,7.0,200.0,11.816467916450254,8142857.142857143,0
4882,976720,2.0,1,2.0,3,2.0,2021,3,13,1.0,283.0,4.011407725915922,45000000.0,0
4883,650540,1.0,2,2.0,1,4.0,2016,2,8,8.0,212.0,3.9518344581498845,5625000.0,0
4884,604170,1.0,1,2.0,4,1.0,2025,10,12,56.0,19.0,3.3872954234598294,758928.5714285715,0
4885,772010,1.0,2,2.0,1,2.0,2017,3,22,149.0,314.0,2.8631581136581854,449664.42953020136,0
4886,813690,1.0,1,2.0,3,2.0,2022,3,9,93.0,196.0,4.990196348156676,751612.9032258064,0
4887,666630,2.0,1,2.0,3,2.0,2025,7,12,35.0,55.0,5.017196969320959,542857.1428571428,0
4888,748220,1.0,2,2.7,4,1.0,2016,6,6,112.0,233.0,4.5104689620589316,700000.0,0
4889,313140,15.0,1,2.5,1,3.0,1974,5,5,5.0,0.0,3.2185521624039057,3300000.0,0
4890,634450,1.0,1,2.0,3,1.0,2021,1,10,62.0,1.0,3.457025669915164,661290.3225806452,0
4891,669000,2.0,1,2.85,3,2.0,2023,5,5,5.0,139.0,12.43800749062355,6000000.0,0
4892,865480,2.0,1,2.0,4,2.0,2025,8,9,50.0,286.0,3.0179800090193525,1120000.0,0
4893,349640,,1,2.0,3,1.0,2020,2,7,47.0,630.0,0.0,361702.12765957444,0
4894,435480,10.0,1,2.0,3,1.0,1990,6,9,86.0,729.0,2.9432289314787945,436046.511627907,0
4895,802920,1.0,2,2.0,4,2.0,2021,8,8,99.0,1769.0,1.1188065785354075,1505050.505050505,0
4896,593830,1.0,1,2.75,3,1.0,2026,10,12,9.0,406.0,3.7466691912679906,2170566.6666666665,0
4897,304470,5.0,1,2.0,1,4.0,1977,2,5,47.0,1955.0,1.564963722918812,287234.0425531915,0
4898,537560,1.0,1,2.7,1,2.0,2006,4,9,103.0,60.0,0.43513382041912707,592233.0097087378,0
4899,667830,1.0,1,2.9,3,1.0,2021,3,9,22.0,157.0,6.836496936676347,627272.7272727273,0
4900,786420,1.0,1,2.7,3,2.0,2023,3,9,60.0,1697.0,2.328937700800826,633333.3333333334,0
4901,666580,1.0,2,2.7,3,1.0,2024,9,10,80.0,376.0,8.391568103260818,600000.0,0
4902,633520,2.0,1,2.8,4,2.0,2012,16,16,6.0,162.0,7.035772546694578,5000000.0,0
4903,654020,2.0,1,2.0,3,2.0,2017,3,10,27.0,299.0,7.674653633580829,777777.7777777778,0
4904,798490,1.0,1,2.7,3,2.0,2025,5,9,22.0,91.0,5.10490460562074,1659090.9090909092,0
4905,589180,1.0,1,2.7,3,1.0,2025,10,10,6.0,275.0,6.646611939892095,3916666.6666666665,0
4906,465680,1.0,1,2.7,1,2.0,2007,4,5,7.0,289.0,8.128464970114097,3314285.714285714,0
4907,679690,1.0,1,2.7,1,2.0,2017,8,9,8.0,14.0,3.505064651733789,5625000.0,0
4908,865480,2.0,1,2.0,4,2.0,2025,2,9,2.0,118.0,3.0578983403131397,27500000.0,0
4909,708290,2.0,2,2.8,3,2.0,2012,16,21,7.0,159.0,0.6250948650183624,11428571.42857143,0
4910,897840,2.0,2,2.0,4,2.0,2021,1,10,77.0,305.0,0.5106848346909613,844155.8441558442,0
4911,663270,2.0,1,2.0,3,3.0,1989,5,5,86.0,12.0,3.960773084395431,720930.2325581395,0
4912,687090,2.0,1,2.7,4,2.0,2022,6,10,31.0,232.0,8.37019964014701,725806.4516129033,0
4913,756150,2.0,2,2.8,4,2.0,2004,8,16,100.0,43.0,4.419824189043664,650000.0,0
4914,602080,1.0,1,2.0,3,1.0,2026,11,12,5.0,235.0,4.143295155749216,4620000.0,0
4915,598970,2.0,1,2.75,1,1.0,1971,3,4,8.0,207.0,11.664896060227719,3875000.0,0
4916,703830,2.0,1,2.7,4,2.0,2022,9,12,70.0,134.0,7.573143917469109,785714.2857142857,0
4917,384670,2.0,1,2.7,1,4.0,1964,2,2,2.0,133.0,12.72527716161,15000000.0,0
4918,677680,1.0,1,2.7,3,2.0,2025,8,9,32.0,230.0,8.888617918992816,453125.0,0
4919,883760,2.0,2,3.2,3,2.0,2025,1,3,8.0,165.0,8.658253961628372,11000000.0,0
4920,703830,2.0,1,2.0,3,2.0,2022,1,4,84.0,147.0,7.130492851434802,726190.4761904762,0
4921,757870,2.0,2,2.8,1,2.0,2017,11,17,118.0,33.0,3.442214549969711,694915.2542372881,0
4922,770570,1.0,1,2.0,3,2.0,2022,10,10,52.0,55.0,4.44177662033912,913461.5384615385,0
4923,579810,1.0,1,2.7,4,2.0,2012,6,12,5.0,26.0,0.37058244498474413,7000000.0,0
4924,648830,1.0,1,2.0,3,2.0,2023,9,9,62.0,190.0,3.534676691572906,725806.4516129033,0
4925,738080,2.0,1,2.8,1,2.0,2014,10,13,9.0,232.0,3.8979050903910357,5888888.888888889,0
4926,561730,2.0,2,2.8,4,2.0,2018,8,9,90.0,112.0,4.662319911415638,600000.0,0
4927,684010,2.0,1,2.75,1,3.0,1990,3,9,3.0,171.0,3.942500540563437,21766666.666666668,0
4928,833830,2.0,1,2.7,1,2.0,1988,12,12,60.0,197.0,1.2554045765770465,750000.0,0
4929,665070,2.0,1,2.85,3,2.0,2025,1,6,8.0,187.0,11.836598187695044,2437500.0,0
4930,595910,2.0,1,2.7,4,3.0,2011,5,5,5.0,75.0,5.737328055271059,6320000.0,0
4931,526580,1.0,1,2.8,3,2.0,2012,3,6,2.0,249.0,1.8886101869249652,21950000.0,0
4932,447280,1.0,1,2.0,1,4.0,1988,1,5,40.0,38.0,4.756053742384176,497500.0,0
4933,649480,2.0,2,3.2,4,2.0,2022,3,4,79.0,147.0,7.906423732761485,1000000.0,0
4934,771380,1.0,1,3.3,5,1.0,2025,9,12,5.0,101.0,5.669361863579717,10900000.0,0
4935,631060,2.0,2,2.0,3,2.0,2025,3,7,4.0,182.0,5.245731578342972,19250000.0,0
4936,602080,1.0,1,2.0,3,1.0,2026,14,17,67.0,49.0,8.075837522613618,319402.98507462686,0
4937,737590,1.0,1,2.0,3,2.0,2026,13,14,64.0,141.0,5.325891410794489,351562.5,0
4938,639300,1.0,1,2.0,4,1.0,2023,10,10,63.0,87.0,8.675331186682492,523809.5238095238,0
4939,896410,2.0,1,2.0,3,2.0,2025,6,13,1.0,50.0,1.3206956679138344,30500000.0,0
4940,561730,2.0,2,2.7,1,2.0,2018,5,9,87.0,298.0,4.738876399069463,609195.4022988506,0
4941,558440,2.0,1,2.7,4,2.0,2021,2,9,61.0,294.0,7.983352962136713,672131.1475409836,0
4942,648950,1.0,1,2.0,4,2.0,2020,3,12,1.0,137.0,3.009466375544944,32500000.0,0
4943,737650,1.0,1,2.0,4,1.0,2025,8,9,40.0,140.0,2.9793550279845693,772500.0,0
4944,675730,1.0,1,2.0,3,1.0,2025,4,9,71.0,0.0,3.9779784747086633,894352.1126760563,0
4945,874480,2.0,2,2.0,3,4.0,2020,2,3,70.0,10.0,7.097961525549777,957142.8571428572,0
4946,854530,2.0,1,2.0,4,2.0,2024,4,13,4.0,247.0,1.4283583184438717,10625000.0,0
4947,709440,1.0,1,2.0,3,2.0,2021,5,10,41.0,236.0,2.6234581199944778,804878.0487804879,0
4948,950160,2.0,1,2.8,3,2.0,2017,12,12,55.0,207.0,1.5129625759514986,1054545.4545454546,0
4949,862520,2.0,1,2.0,2,3.0,1977,2,4,5.0,283.0,0.5737562407900753,4800000.0,0
4950,793670,2.0,1,2.0,3,2.0,2026,6,9,5.0,270.0,3.1902535219394603,8300000.0,0
4951,575360,1.0,1,2.0,3,2.0,2018,7,23,4.0,132.0,4.285735453836839,4500000.0,0
4952,727730,2.0,1,2.84,1,3.0,1993,1,9,75.0,37.0,0.821522913392715,773333.3333333334,0
4953,628310,2.0,1,2.0,4,2.0,2024,1,6,67.0,175.0,4.6567533151818745,649253.7313432836,0
4954,740110,2.0,1,2.8,1,1.0,1993,1,5,1.0,24.0,4.8230733088720905,88000000.0,0
4955,902700,2.0,2,2.0,4,2.0,2020,10,12,100.0,230.0,3.6339092851349224,1090000.0,0
4956,525580,2.0,2,2.8,4,2.0,2012,5,16,160.0,141.0,7.08092498013697,453125.0,0
4957,656450,2.0,1,2.0,4,2.0,1987,6,9,120.0,213.0,0.7963381894978971,658333.3333333334,0
4958,651480,2.0,1,2.6,3,4.0,2021,3,5,52.0,173.0,8.288088507236244,576923.0769230769,0
4959,762040,1.0,2,2.0,3,1.0,2024,7,9,86.0,115.0,2.8367617283082955,953488.3720930233,0
4960,733930,1.0,1,2.0,4,1.0,2024,8,12,62.0,44.0,3.1430661445139934,967741.9354838709,0
4961,537690,1.0,2,2.7,3,2.0,2022,9,9,1.0,304.0,5.442104847186617,42000000.0,0
4962,455820,1.0,2,2.7,3,2.0,2007,4,14,115.0,77.0,4.777597680134985,391304.347826087,0
4963,631060,2.0,2,2.7,4,2.0,2025,4,6,86.0,66.0,6.224816544544486,883720.9302325582,0
4964,727810,1.0,1,2.0,4,2.0,2023,3,9,58.0,199.0,6.090593685154121,724137.9310344828,0
4965,701350,1.0,1,2.0,3,4.0,2025,5,14,3.0,318.0,1.3811099248747185,20233333.333333332,0
4966,586990,2.0,2,2.8,4,2.0,2018,3,9,67.0,111.0,4.780002830649609,589552.2388059702,0
4967,833540,2.0,1,2.0,1,2.0,1986,5,9,3.0,236.0,1.391648742239894,17500000.0,0
4968,735250,1.0,1,2.0,1,1.0,2021,10,10,9.0,79.0,2.6203735386703655,7166666.666666667,0
4969,573260,2.0,1,2.7,1,2.0,2016,7,9,64.0,11.0,5.832746865176095,546875.0,0
4970,933080,2.0,2,3.1,4,2.0,2021,5,5,285.0,139.0,6.367425085202867,1228070.1754385964,0
4971,741660,1.0,1,2.0,3,2.0,2025,16,18,9.0,42.0,2.813400209878238,4555555.555555556,0
4972,804620,1.0,2,2.9,4,2.0,2025,4,9,94.0,114.0,3.6412459644005533,617021.2765957447,0
4973,917070,1.0,2,2.7,4,4.0,2024,3,21,104.0,21.0,1.0699673922106527,879807.6923076923,0
4974,649480,2.0,1,2.8,3,2.0,2024,1,10,61.0,279.0,8.118266923629621,524590.1639344263,0
4975,556410,2.0,1,2.8,1,1.0,1992,5,5,6.0,299.0,16.338236799845745,5333333.333333333,0
4976,522420,2.0,2,2.8,4,4.0,2013,4,4,87.0,154.0,5.94610138006679,555172.4137931034,0
4977,689160,2.0,1,2.5,1,3.0,1987,5,5,3.0,246.0,1.2179947636093469,10333333.333333334,0
4978,419430,1.0,1,2.5,1,1.0,1977,3,5,45.0,200.0,6.60143447970462,555555.5555555555,0
4979,929670,1.0,2,2.0,3,2.0,2022,6,9,150.0,305.0,2.577478152882524,1066666.6666666667,0
4980,784490,2.0,1,2.8,1,1.0,1986,3,5,59.0,310.0,7.130304051811353,1016949.1525423729,0
4981,522210,1.0,1,2.7,3,1.0,2011,7,9,130.0,187.0,3.40103630901877,692307.6923076923,0
4982,741660,1.0,1,2.0,3,2.0,2025,8,12,4.0,171.0,2.812673009531708,9125000.0,0
4983,562420,1.0,1,2.0,4,2.0,2025,14,18,42.0,96.0,4.878233261411301,666666.6666666666,0
4984,582400,1.0,1,2.7,4,3.0,2021,2,12,47.0,149.0,2.1417839638503815,702127.659574468,0
4985,547170,1.0,1,2.0,3,2.0,2015,16,16,38.0,156.0,4.516766935608865,652631.5789473684,0
4986,759910,1.0,1,2.0,3,2.0,2021,4,12,63.0,78.0,5.246688928925333,728571.4285714285,0
4987,687160,2.0,1,2.0,3,4.0,2024,9,9,33.0,133.0,8.216212536060505,710303.0303030303,0
4988,688930,2.0,1,2.0,3,2.0,2023,4,5,2.0,8.0,8.030584336594481,28750000.0,0
4989,536910,1.0,2,2.0,3,4.0,2013,16,30,138.0,275.0,2.9419485539219385,702898.5507246377,0
4990,733340,2.0,1,2.8,4,1.0,2024,8,10,108.0,111.0,1.748112968435992,555555.5555555555,0
4991,746490,1.0,2,2.0,3,1.0,2021,12,12,124.0,146.0,2.9738589553305794,749596.7741935484,0
4992,861120,1.0,2,2.0,3,2.0,2026,2,14,86.0,142.0,3.9557620457356513,488372.0930232558,0
4993,428400,1.0,2,2.55,1,1.0,1983,3,5,1.0,502.0,5.8795883551279315,28900000.0,0
4994,623820,2.0,1,2.8,1,3.0,1973,4,4,8.0,48.0,3.5828156368523416,5000000.0,0
4995,859360,2.0,1,2.5,1,3.0,1981,1,5,8.0,2611.0,1.1493424532095695,3750000.0,0
4996,430260,13.0,1,2.0,3,2.0,2020,7,8,105.0,703.0,1.2722320125639002,361904.7619047619,0
4997,370400,4.0,1,2.5,4,3.0,1963,1,5,78.0,120.0,1.2711708219167923,230769.23076923078,0
4998,499180,9.0,1,2.0,4,1.0,2021,6,10,55.0,3877.0,3.206737530976626,590909.0909090909,0
4999,989720,2.0,1,2.9,4,2.0,2025,12,17,30.0,3029.0,2.7395111981411495,956666.6666666666,0
5000,457680,1.0,1,2.8,3,2.0,2009,2,16,85.0,348.0,4.765209876227186,447058.82352941175,0
5001,430260,13.0,1,2.8,4,2.0,2024,4,6,104.0,6641.0,2.1873484901102924,307692.3076923077,0
5002,748300,1.0,1,2.0,4,2.0,2026,4,16,75.0,3169.0,4.787367331381175,519933.3333333333,0
5003,781300,2.0,1,2.8,4,1.0,1990,5,5,34.0,30.0,6.471324818714194,1279411.7647058824,0
5004,648430,1.0,1,2.7,1,2.0,2015,17,17,6.0,968.0,3.2243931514594975,4166666.6666666665,0
5005,893950,2.0,1,2.0,3,2.0,2026,6,6,56.0,189.0,13.11136296654184,973214.2857142857,0
5006,621350,2.0,1,2.8,3,2.0,2022,1,5,30.0,86.0,7.943713468692514,700000.0,0
5007,650160,1.0,1,2.0,4,1.0,2025,5,12,54.0,225.0,5.845088702811019,703703.7037037037,0
5008,695150,2.0,1,2.0,1,2.0,2007,14,15,4.0,62.0,3.82532005869789,22250000.0,0
5009,597590,1.0,1,2.0,3,1.0,2025,3,9,2.0,189.0,7.824720649927617,10475000.0,0
5010,901350,2.0,1,2.7,3,2.0,2023,4,12,69.0,314.0,2.8305927392663532,884057.9710144928,0
5011,587310,1.0,1,2.7,3,1.0,2020,2,9,85.0,162.0,4.421347713450798,588235.2941176471,0
5012,942920,2.0,2,2.8,1,1.0,1979,4,5,137.0,249.0,6.620940203392789,875912.4087591241,0
5013,650160,1.0,1,2.0,3,1.0,2025,8,12,40.0,129.0,2.8327819468624176,737500.0,0
5014,673750,1.0,1,2.0,3,1.0,2025,12,12,5.0,147.0,3.6598610070817115,7000000.0,0
5015,797480,1.0,2,2.0,4,2.0,2020,3,9,72.0,201.0,3.1222569050491784,736111.1111111111,0
5016,630670,1.0,1,2.0,3,4.0,2023,12,12,40.0,183.0,1.13654729812478,775000.0,0
5017,665070,2.0,1,2.7,3,2.0,2025,3,6,65.0,127.0,12.598305298759865,461538.46153846156,0
5018,901350,2.0,2,2.0,3,2.0,2023,10,21,101.0,286.0,0.9352795535296227,752475.2475247525,0
5019,709400,2.0,1,2.7,3,2.0,2019,5,6,76.0,297.0,7.565970051220574,480263.15789473685,0
5020,547960,2.0,1,2.8,4,2.0,2009,6,6,2.0,245.0,12.9419929743934,9500000.0,0
5021,687090,2.0,1,2.9,1,2.0,2021,1,9,40.0,318.0,8.156282322413663,600000.0,0
5022,815540,2.0,1,2.0,4,1.0,1947,1,3,68.0,212.0,4.18523428445187,750000.0,0
5023,669000,2.0,1,2.7,4,2.0,2024,8,9,46.0,223.0,14.500530650866697,760869.5652173914,0
5024,804620,1.0,1,2.0,3,2.0,2025,13,16,66.0,171.0,4.491194138978968,659090.9090909091,0
5025,497550,1.0,1,2.7,1,2.0,2011,12,14,4.0,222.0,5.943953869364423,7125000.0,0
5026,595910,2.0,1,2.0,3,3.0,2026,2,5,6.0,248.0,6.906719109094477,3666666.6666666665,0
5027,901350,2.0,1,2.0,4,2.0,2023,3,12,70.0,232.0,3.7367186612317815,1014142.8571428572,0
5028,663570,2.0,1,2.7,4,2.0,2025,6,9,44.0,117.0,8.448976712144848,738636.3636363636,0
5029,634450,1.0,1,2.7,1,1.0,2021,9,9,40.0,77.0,5.623673693788578,587500.0,0
5030,631060,2.0,1,2.85,5,2.0,2025,1,6,8.0,45.0,4.877590433924122,4500000.0,0
5031,584060,1.0,1,2.0,3,1.0,2024,4,10,31.0,1903.0,5.4008560867427455,435483.87096774194,0
5032,381850,16.0,1,2.5,3,3.0,1978,1,5,68.0,923.0,0.9320134078638379,364705.8823529412,0
5033,759010,1.0,2,2.0,4,2.0,2021,10,16,85.0,1608.0,3.0877256360279306,694117.6470588235,0
5034,673750,1.0,1,2.0,3,1.0,2025,12,12,5.0,147.0,3.6598610070817115,7000000.0,0
5035,797480,1.0,2,2.0,4,2.0,2020,3,9,72.0,201.0,3.1222569050491784,736111.1111111111,0
5036,630670,1.0,1,2.0,3,4.0,2023,12,12,40.0,183.0,1.13654729812478,775000.0,0
5037,587310,1.0,1,2.7,3,1.0,2020,2,9,85.0,164.0,4.421347713450798,588235.2941176471,0
5038,665070,2.0,1,2.7,3,2.0,2025,3,6,65.0,127.0,12.598305298759865,461538.46153846156,0
5039,901350,2.0,2,2.0,3,2.0,2023,10,21,101.0,286.0,0.9352795535296227,752475.2475247525,0
5040,709400,2.0,1,2.7,3,2.0,2019,5,6,76.0,297.0,7.565970051220574,480263.15789473685,0
5041,547960,2.0,1,2.8,4,2.0,2009,6,6,2.0,246.0,12.9419929743934,9500000.0,0
5042,687090,2.0,1,2.9,1,2.0,2021,1,9,40.0,320.0,8.156282322413663,600000.0,0
5043,580930,1.0,1,2.7,3,2.0,2014,7,12,2.0,8.0,3.7252566445771933,9749999.5,0
5044,650740,2.0,2,2.85,4,2.0,2016,9,16,135.0,90.0,7.35741170051573,337037.037037037,0
5045,847300,2.0,1,2.0,4,2.0,2024,2,13,7.0,178.0,1.4932253590449285,8857142.857142856,0
5046,881790,2.0,1,2.0,4,2.0,2023,7,20,58.0,601.0,5.313796582049017,1327586.2068965517,0
5047,738990,1.0,1,2.0,3,2.0,2024,7,17,58.0,301.0,3.5777111800236043,732758.6206896552,0
5048,741660,1.0,1,2.0,3,2.0,2025,6,16,2.0,234.0,4.561427205448889,11500000.0,0
5049,700680,2.0,1,2.7,4,2.0,2020,2,12,38.0,283.0,5.569179968384312,750000.0,0
5050,837200,2.0,1,2.65,1,1.0,1986,4,5,8.0,307.0,4.815934008373161,7250000.0,0
5051,627380,2.0,1,2.5,3,2.0,2017,1,9,9.0,296.0,5.429809028891354,2833333.3333333335,0
5052,866770,2.0,1,2.0,5,2.0,2025,12,17,1.0,29.0,2.622470640083376,40000000.0,0
5053,625480,2.0,1,2.7,4,3.0,1965,1,4,58.0,258.0,3.2852128382965993,672413.7931034482,0
5054,663570,2.0,1,2.0,3,2.0,2025,7,12,7.0,16.0,6.236485107919834,4142857.1428571427,0
5055,632000,2.0,1,2.85,4,2.0,2025,10,12,60.0,12.0,5.566041385658705,583333.3333333334,0
5056,649480,2.0,1,2.8,1,2.0,2022,1,12,57.0,188.0,6.5325040483144505,684210.5263157894,0
5057,666630,2.0,1,2.0,4,2.0,2025,3,5,50.0,138.0,6.859346137283466,676000.0,0
5058,533250,2.0,1,2.0,1,2.0,2014,3,9,4.0,109.0,5.889165473476082,9125000.0,0
5059,741660,1.0,1,2.7,3,2.0,2025,6,10,2.0,198.0,4.053032143978886,22000000.0,0
5060,668430,2.0,1,2.7,4,3.0,1970,4,4,5.0,312.0,3.1513848576229733,10000000.0,0
5061,583440,1.0,1,2.0,1,1.0,2020,10,10,6.0,303.0,4.070047201405051,5083333.333333333,0
5062,771780,1.0,1,2.0,3,4.0,2024,2,9,9.0,37.0,5.637627157500557,5722222.222222222,0
5063,759070,2.0,1,2.7,1,1.0,1991,5,5,68.0,37.0,2.4151407705867514,904411.7647058824,0
5064,842810,2.0,1,2.0,4,4.0,2023,9,10,8.0,100.0,1.8047443692851497,6375000.0,0
5065,834470,2.0,2,2.0,1,2.0,2015,3,12,5.0,10.0,7.129728772610757,16200000.0,0
5066,851280,1.0,1,2.0,3,2.0,2025,16,18,68.0,808.0,2.7629961836789123,911764.7058823529,0
5067,604170,1.0,1,2.0,3,1.0,2025,9,12,40.0,259.0,3.3872954234598294,780000.0,0
5068,628310,2.0,1,2.85,4,2.0,2024,4,12,3.0,35.0,5.33402877902049,15000000.0,0
5069,812770,1.0,2,2.0,3,2.0,2026,4,27,5.0,1014.0,1.197863611071576,22000000.0,0
5070,522210,1.0,1,2.7,3,1.0,2011,4,9,116.0,711.0,3.40103630901877,637931.0344827586,0
5071,640650,2.0,1,2.8,3,2.0,2022,7,9,70.0,195.0,14.522630075927813,685714.2857142857,0
5072,648830,1.0,1,2.7,3,2.0,2023,3,9,74.0,239.0,8.640649568532377,540540.5405405406,0
5073,629840,2.0,1,2.0,3,4.0,2024,3,12,9.0,48.0,5.450037123748387,3333333.3333333335,0
5074,943440,2.0,1,2.95,4,2.0,2016,13,16,4.0,107.0,4.294909850769185,15000000.0,0
5075,579850,1.0,1,2.7,1,2.0,2019,4,25,40.0,193.0,5.659151122573145,562500.0,0
5076,740560,1.0,1,2.0,3,2.0,2018,5,10,98.0,253.0,3.198713707959692,570408.1632653062,0
5077,866770,2.0,1,2.0,3,2.0,2025,2,6,18.0,170.0,12.598305298759865,2444444.4444444445,0
5078,548450,1.0,1,2.7,4,2.0,2017,12,12,1.0,296.0,5.012145515512153,34000000.0,0
5079,785370,1.0,1,2.0,3,1.0,2026,2,7,86.0,171.0,3.040701133818896,790697.6744186047,0
5080,615280,1.0,1,2.0,3,4.0,2023,12,12,96.0,301.0,4.791296936038323,634375.0,0
5081,630330,2.0,1,2.85,4,2.0,2024,2,6,53.0,20.0,4.722488876179299,764150.9433962264,0
5082,881790,2.0,1,2.7,4,2.0,2023,7,17,5.0,224.0,2.884880667014456,9800000.0,0
5083,602080,1.0,1,2.7,3,1.0,2026,3,12,22.0,40.0,8.171637627602319,977272.7272727273,0
5084,881790,2.0,1,2.0,4,2.0,2023,7,20,58.0,603.0,5.313796582049017,1327586.2068965517,0
5085,738990,1.0,1,2.0,3,2.0,2024,7,17,58.0,301.0,3.5777111800236043,732758.6206896552,0
5086,938680,2.0,1,2.7,1,2.0,2014,8,10,100.0,8249.0,4.677341804926694,850000.0,0
5087,603960,1.0,1,2.7,4,2.0,2021,5,9,2.0,17.0,4.445538886986502,12950000.0,0
5088,590070,1.0,1,2.0,3,1.0,2023,2,10,30.0,51.0,3.5944585409426497,851851.8333333334,0
5089,675310,1.0,1,2.8,3,2.0,2016,1,7,9.0,298.0,3.8707357861112737,5555555.555555556,0
5090,709440,1.0,1,2.9,3,2.0,2021,10,10,45.0,169.0,3.483856119555964,644444.4444444445,0
5091,865480,2.0,1,2.0,4,2.0,2025,3,9,44.0,99.0,3.0687249278492086,1545454.5454545454,0
5092,456920,1.0,1,2.7,1,1.0,1989,1,2,4.0,143.0,5.8323224927717305,7000000.0,0
5093,784540,2.0,1,2.0,3,3.0,2026,5,6,38.0,21.0,11.85159611878769,565789.4736842106,0
5094,497550,1.0,1,2.7,3,2.0,2011,4,10,53.0,290.0,6.453422869007359,471698.11320754717,0
5095,735460,2.0,1,2.0,3,2.0,2011,17,20,6.0,23.0,0.0565512919787828,8000000.0,0
5096,827470,2.0,1,2.65,1,1.0,1981,5,5,6.0,231.0,5.258381326423919,14833333.333333334,0
5097,748300,1.0,1,2.0,3,2.0,2026,8,9,63.0,244.0,2.6295278925394703,690476.1904761905,0
5098,649480,2.0,1,2.7,3,2.0,2022,5,9,9.0,254.0,8.560700614414982,3333333.3333333335,0
5099,750910,1.0,1,2.0,3,2.0,2020,2,12,86.0,272.0,3.16144467174531,674418.023255814,0
5100,992150,2.0,2,2.0,4,2.0,2022,9,14,150.0,286.0,6.827431450991434,1133333.3333333333,0
5101,739020,2.0,2,2.67,4,2.0,2012,4,10,3.0,182.0,8.443286936464874,21500000.0,0
5102,509250,2.0,2,2.7,3,4.0,2010,16,16,84.0,131.0,5.169340306014301,452380.95238095237,0
5103,881790,2.0,1,2.7,4,2.0,2023,3,15,58.0,77.0,2.786625295539052,1025862.0689655172,0
5104,812770,1.0,2,2.0,3,2.0,2026,4,27,5.0,1016.0,1.197863611071576,22000000.0,0
5105,522210,1.0,1,2.7,3,1.0,2011,4,9,116.0,711.0,3.40103630901877,637931.0344827586,0
5106,640650,2.0,1,2.8,3,2.0,2022,7,9,70.0,195.0,14.522630075927813,685714.2857142857,0
5107,904340,2.0,1,2.0,3,1.0,2013,6,6,113.0,23.0,7.589387753069033,548672.5663716814,0
5108,866770,2.0,2,2.0,3,2.0,2025,6,6,50.0,690.0,2.0848724128874236,1100000.0,0
5109,754270,2.0,1,2.0,4,3.0,1978,5,5,9.0,88.0,2.042122618523764,3611111.111111111,0
5110,551860,1.0,1,2.7,3,1.0,2021,8,9,42.0,459.0,6.586171346290301,475952.38095238095,0
5111,389270,7.0,1,2.8,4,1.0,1990,3,5,70.0,110.0,1.354567944288315,542857.1428571428,0
5112,741660,1.0,1,2.0,3,2.0,2025,6,12,56.0,2090.0,1.2936631259684925,1026785.7142857143,0
5113,580930,1.0,1,2.75,1,2.0,2014,8,14,43.0,1363.0,1.3825129098001017,720930.2325581395,0
5114,754250,1.0,2,2.7,3,1.0,2024,9,10,80.0,320.0,8.391568103260818,600000.0,0
5115,642140,1.0,1,2.7,4,3.0,2018,3,9,5.0,1648.0,4.432602413253827,5000000.0,0
5116,484670,1.0,1,2.7,1,1.0,2010,2,9,53.0,4572.0,4.92094930038477,452830.1886792453,0
5117,487240,1.0,1,2.7,1,2.0,2009,9,17,5.0,2944.0,5.791868132450845,4500000.0,0
5118,466590,1.0,1,2.7,3,1.0,2009,5,9,70.0,110.0,4.121267836073259,600000.0,0
5119,543510,1.0,1,2.0,4,4.0,2022,6,13,75.0,2446.0,6.518057052571061,399999.9866666667,0
5120,585000,8.0,1,2.0,3,1.0,2022,1,5,52.0,60.0,3.564152731270169,576923.0769230769,0
5121,771380,1.0,1,2.0,3,1.0,2025,9,9,98.0,878.0,5.949731821967799,883673.4693877551,0
5122,622620,1.0,1,2.0,4,2.0,2021,16,16,75.0,152.0,4.116232141315232,593333.3333333334,0
5123,642630,2.0,1,2.7,1,2.0,2023,4,6,40.0,188.0,5.96689699074219,662500.0,0
5124,470700,8.0,1,2.0,3,2.0,2012,6,10,4.0,1427.0,0.58975832091756,8750000.0,0
5125,703830,2.0,1,2.8,4,2.0,2022,3,9,80.0,41.0,7.501099517243833,700000.0,0
5126,543490,1.0,1,2.0,3,1.0,2018,6,8,85.0,108.0,7.8014664270698875,564705.8823529412,0
5127,560630,1.0,2,2.7,1,1.0,2016,9,9,95.0,275.0,3.8088688991983095,410526.3157894737,0
5128,720710,1.0,1,2.7,4,1.0,2021,7,7,50.0,242.0,6.478244975642303,558000.0,0
5129,503140,2.0,1,2.8,4,2.0,2010,2,10,70.0,185.0,4.2041533092989996,557142.8571428572,0
5130,781300,2.0,1,2.8,4,1.0,1990,5,5,34.0,30.0,6.471324818714194,1279411.7647058824,0
5131,731790,2.0,2,2.7,4,2.0,2020,2,5,5.0,101.0,11.164696020449489,11980000.0,0
5132,833830,2.0,1,2.7,1,2.0,1988,12,12,60.0,197.0,1.2554045765770465,750000.0,0
5133,670370,2.0,1,2.85,4,2.0,2024,5,12,49.0,327.0,5.547075030903852,612244.8979591837,0
5134,687890,2.0,1,2.7,4,2.0,2017,5,5,45.0,287.0,12.685249314088377,555555.5555555555,0
5135,646960,2.0,1,2.8,3,3.0,1986,4,5,65.0,251.0,8.394910142718762,861538.4615384615,0
5136,300670,9.0,1,2.0,4,3.0,1990,7,9,64.0,8256.0,11.737986237012787,246875.0,0
5137,654020,2.0,1,2.0,3,2.0,2017,3,10,27.0,302.0,7.674653633580829,777777.7777777778,0
5138,632000,2.0,1,2.85,4,2.0,2025,4,6,67.0,219.0,4.698113789500991,895522.3880597015,0
5139,522820,2.0,1,2.8,3,2.0,2010,7,9,90.0,160.0,4.138640934922378,572222.2222222222,0
5140,943830,2.0,1,2.7,4,2.0,2024,13,13,74.0,281.0,1.9852393847310545,797297.2972972973,0
5141,881790,2.0,1,2.0,3,2.0,2023,8,16,62.0,170.0,4.2552300837787325,1177419.3548387096,0
5142,770320,1.0,1,2.0,4,2.0,2022,4,12,82.0,174.0,2.852849760171484,731707.3170731707,0
5143,707900,1.0,1,2.65,3,4.0,2026,7,14,57.0,272.0,4.7862464622017376,412280.70175438595,0
5144,723320,2.0,1,3.25,5,2.0,2026,4,5,81.0,191.0,6.427040077261284,777777.7777777778,0
5145,625780,2.0,1,2.0,4,2.0,2023,5,10,48.0,138.0,5.231917576868021,625000.0,0
5146,638490,1.0,1,2.0,3,1.0,2024,12,12,4.0,179.0,6.674737493341441,8500000.0,0
5147,683910,2.0,1,2.9,3,2.0,2025,8,9,53.0,171.0,11.436422028777665,679245.283018868,0
5148,891050,2.0,1,3.1,4,2.0,2024,1,3,5.0,164.0,5.404991396587566,19200000.0,0
5149,621930,2.0,1,2.6,3,2.0,2023,7,10,76.0,201.0,5.055128322255441,559210.5263157894,0
5150,933840,1.0,2,2.8,4,2.0,2024,11,13,120.0,16.0,2.603033412546272,600000.0,0
5151,689370,2.0,1,2.8,1,3.0,1986,9,9,9.0,132.0,0.9668903356171966,4222222.222222222,0
5152,630330,2.0,1,2.0,3,2.0,2024,3,5,47.0,196.0,6.859346137283466,500000.0,0
5153,804620,1.0,1,2.0,4,2.0,2025,7,12,58.0,328.0,4.0729420893349,655172.4137931034,0
5154,800540,2.0,1,2.7,3,4.0,2023,7,16,50.0,283.0,1.4220998387224428,1170000.0,0
5155,518250,1.0,1,2.7,4,1.0,2015,3,9,53.0,167.0,3.3803069686964857,792452.8301886793,0
5156,634650,1.0,1,2.0,4,2.0,2023,3,14,97.0,177.0,6.685033620102771,422680.41237113404,0
5157,865480,2.0,1,2.0,4,2.0,2025,4,9,8.0,315.0,3.0687249278492086,8500000.0,0
5158,649480,2.0,1,2.7,3,2.0,2023,1,3,3.0,304.0,10.04531633777718,8166666.666666667,0
5159,621350,2.0,1,2.0,4,2.0,2022,7,8,9.0,38.0,8.779934127342136,2611111.111111111,0
5160,635630,1.0,1,2.0,3,2.0,2021,2,9,80.0,49.0,6.886681866288722,662500.0,0
5161,763580,2.0,1,2.0,3,2.0,2025,2,6,5.0,228.0,6.073877689220305,15000000.0,0
5162,841660,2.0,1,2.8,3,2.0,2025,1,6,39.0,263.0,12.415817750606802,871794.8717948718,0
5163,904160,2.0,1,2.0,1,3.0,1987,5,5,66.0,40.0,7.10511191186973,712121.2121212122,0
5164,592190,1.0,1,2.8,3,1.0,2024,7,9,7.0,196.0,8.565535465644748,2500000.0,0
5165,896410,2.0,1,2.0,4,2.0,2025,5,13,46.0,290.0,1.360616646387786,804347.8260869565,0
5166,508220,1.0,1,2.7,2,1.0,2007,2,2,3.0,69.0,6.498728739280032,2500000.0,0
5167,663570,2.0,1,2.7,4,2.0,2025,8,9,46.0,313.0,8.369660711681066,695652.1739130435,0
5168,481560,1.0,1,2.7,4,1.0,2001,7,9,2.0,94.0,4.736562798465115,17500000.0,0
5169,951650,2.0,1,2.0,3,2.0,2026,8,16,54.0,168.0,2.3520357357119326,775925.925925926,0
5170,701350,1.0,1,2.0,3,4.0,2025,6,9,3.0,309.0,3.053356230550174,11800000.0,0
5171,527800,2.0,1,2.8,3,1.0,1983,5,5,5.0,271.0,12.49256246169554,10000000.0,0
5172,621350,2.0,1,2.7,4,2.0,2023,5,9,5.0,179.0,8.182301290659922,5200000.0,0
5173,759070,2.0,1,2.7,1,1.0,1991,1,5,75.0,82.0,2.414922238055789,793333.3333333334,0
5174,927730,1.0,1,2.0,4,2.0,2025,9,12,112.0,3959.0,1.9516790604443601,857142.8571428572,0
5175,461130,13.0,1,2.0,3,2.0,2020,17,17,5.0,13671.0,2.030214724359279,5000000.0,0
5176,904770,2.0,2,2.7,3,2.0,2022,11,16,113.0,197.0,1.5975964563961444,1092920.353982301,0
5177,419430,1.0,1,2.5,1,1.0,1977,3,5,45.0,207.0,6.60143447970462,555555.5555555555,0
5178,733050,1.0,1,2.0,3,4.0,2022,3,9,60.0,27.0,7.204520322017583,645000.0,0
5179,293680,13.0,1,2.0,3,3.0,1980,5,9,44.0,0.0,2.226867710837589,284090.9090909091,0
5180,847510,1.0,1,2.0,4,2.0,2024,9,17,71.0,3498.0,2.7048482189525584,885915.4929577465,0
5181,548690,2.0,1,2.0,2,3.0,1985,4,5,59.0,13.0,9.948469488056125,601694.9152542372,0
5182,899700,2.0,1,2.0,4,1.0,1978,5,5,90.0,228.0,7.491666063765149,1111111.111111111,0
5183,636610,2.0,1,2.0,5,2.0,2026,1,12,76.0,60.0,5.017196969320959,421052.63157894736,0
5184,580190,2.0,1,2.8,3,2.0,2017,2,14,50.0,117.0,5.218803649992546,660000.0,0
5185,618070,2.0,1,2.8,3,2.0,2016,9,9,4.0,219.0,11.19374537159302,7500000.0,0
5186,779860,1.0,1,2.0,3,2.0,2023,6,15,48.0,55.0,2.517538998256424,727083.3333333334,0
5187,683910,2.0,1,2.7,4,2.0,2025,7,9,5.0,181.0,11.471736028188158,7200000.0,0
5188,511220,2.0,2,2.6,3,2.0,2010,8,9,83.0,38.0,4.849581944017405,542168.6746987952,0
5189,576500,1.0,1,2.7,3,2.0,2023,6,9,7.0,121.0,5.427004669227743,3714285.714285714,0
5190,527690,1.0,1,2.7,1,2.0,2015,4,12,52.0,179.0,6.842667184028458,548076.9230769231,0
5191,727810,1.0,1,2.7,3,2.0,2023,3,13,61.0,27.0,2.6702431104830215,622950.8196721311,0
5192,722130,2.0,1,2.7,3,2.0,2022,4,11,4.0,207.0,3.6419709234148017,11250000.0,0
5193,861120,1.0,2,2.0,3,2.0,2026,6,9,90.0,237.0,2.7220230968661774,705555.5555555555,0
5194,883760,2.0,1,2.7,3,2.0,2025,11,14,6.0,269.0,2.795315683215604,9500000.0,0
5195,875210,2.0,1,2.0,4,2.0,2024,1,20,1.0,118.0,0.9769143486472233,54000000.0,0
5196,632000,2.0,1,2.7,3,2.0,2025,1,12,5.0,212.0,5.349428035238836,5900000.0,0
5197,741660,1.0,1,2.0,4,2.0,2025,6,9,6.0,19.0,3.1396608699083886,8750000.0,0
5198,474990,1.0,1,2.7,3,1.0,2005,2,11,6.0,317.0,4.719283712703266,4750000.0,0
5199,783590,1.0,2,2.0,4,4.0,2021,11,12,9.0,26.0,3.006579084878798,6777777.777777778,0
5200,777660,2.0,1,2.0,4,3.0,1989,5,5,6.0,275.0,2.0649499050628113,9333333.333333334,0
5201,687090,2.0,1,2.7,4,2.0,2022,6,10,31.0,234.0,8.37019964014701,725806.4516129033,0
5202,859500,2.0,1,2.8,1,1.0,1984,5,5,33.0,96.0,2.5878616523259232,1333333.3333333333,0
5203,695750,1.0,1,2.0,3,2.0,2020,3,15,40.0,869.0,3.5348389475991207,814500.0,0
5204,703830,2.0,2,2.7,4,2.0,2022,5,10,4.0,121.0,8.752932637523362,12500000.0,0
5205,635920,2.0,1,3.3,4,4.0,2026,6,6,44.0,217.0,5.802907325441839,1125000.0,0
5206,679690,1.0,2,2.0,4,2.0,2017,15,21,77.0,239.0,1.6591649845758896,714285.7142857143,0
5207,485960,2.0,1,2.0,4,2.0,2010,6,6,3.0,216.0,13.285494746625574,10000000.0,0
5208,873490,2.0,1,2.8,4,2.0,2021,8,10,30.0,103.0,1.8398225922564495,900000.0,0
5209,712500,2.0,1,2.8,3,3.0,1990,2,5,43.0,182.0,3.916373119391417,686046.5116279069,0
5210,651480,2.0,1,3.3,4,4.0,2024,4,4,63.0,128.0,6.981167592154956,1182539.6825396826,0
5211,804620,1.0,2,2.0,4,2.0,2025,2,18,70.0,314.0,1.2936631259684925,1071428.5714285714,0
5212,636600,2.0,1,2.8,4,1.0,2017,5,10,74.0,108.0,5.317661852719865,783783.7837837838,0
5213,605430,1.0,1,2.0,3,2.0,2016,10,12,71.0,43.0,4.061863196242094,515492.95774647885,0
5214,637490,1.0,1,2.8,3,2.0,2019,6,22,31.0,107.0,4.0272185581074424,612903.2258064516,0
5215,557160,1.0,1,2.7,1,1.0,2019,2,10,65.0,250.0,5.205496143407812,538461.5384615385,0
5216,773620,2.0,1,2.65,3,1.0,1989,1,5,62.0,47.0,2.9043408255011975,653225.8064516129,0
5217,737640,2.0,1,2.5,3,1.0,1963,2,4,58.0,93.0,2.5050399858675925,663793.1034482758,0
5218,899930,2.0,1,2.0,3,2.0,2021,7,8,127.0,3064.0,4.3884611172637875,1535433.6377952755,0
5219,537200,1.0,1,2.7,3,2.0,2016,9,10,63.0,855.0,3.358073378479322,500000.0,0
5220,397810,16.0,1,2.6,2,3.0,1984,7,9,64.0,34.0,0.7423030728583601,406250.0,0
5221,412930,14.0,1,2.5,1,3.0,1976,3,9,2.0,1310.0,1.5405956531517953,19000000.0,0
5222,804620,1.0,2,2.0,4,2.0,2025,4,17,4.0,762.0,3.022567082922649,20375000.0,0
5223,762040,1.0,1,2.0,3,1.0,2024,6,12,64.0,906.0,3.3879053788770728,835937.5,0
5224,456770,1.0,2,2.7,4,1.0,2011,1,9,68.0,256.0,5.690493821023655,588235.2941176471,0
5225,491730,1.0,1,2.8,3,2.0,2006,11,16,68.0,303.0,5.935244611249304,529411.7647058824,0
5226,656330,1.0,1,2.0,3,2.0,2016,3,18,52.0,92.0,3.3791724822711404,817307.6923076923,0
5227,470000,3.0,1,2.85,1,1.0,2015,6,6,68.0,1223.0,1.9730959003500805,364705.8823529412,0
5228,675730,1.0,1,2.0,4,1.0,2025,6,9,69.0,1915.0,10.282967959548335,905797.1014492754,0
5229,741660,1.0,1,2.0,3,2.0,2025,8,12,50.0,718.0,1.3692551533227137,1039980.0,0
5230,672120,2.0,1,2.0,3,2.0,2026,3,12,85.0,301.0,5.017196969320959,270588.23529411765,0
5231,624340,2.0,1,2.0,4,4.0,2016,1,5,40.0,72.0,7.065592255286865,637500.0,0
5232,675730,1.0,2,2.0,3,1.0,2025,9,9,76.0,68.0,4.89939162693211,353947.36842105264,0
5233,596580,2.0,1,2.8,1,2.0,2007,7,9,7.0,36.0,16.277202114005597,6928571.428571428,0
5234,770320,1.0,2,2.0,4,2.0,2022,6,12,100.0,66.0,1.6485310499909698,1130000.0,0
5235,716190,1.0,1,2.0,3,4.0,2025,2,17,44.0,279.0,3.497339433192051,750000.0,0
5236,634450,1.0,1,2.0,3,1.0,2021,7,9,60.0,159.0,3.3822759017184896,665000.0,0
5237,503140,2.0,1,2.8,4,2.0,2010,2,10,70.0,187.0,4.2041533092989996,557142.8571428572,0
5238,759910,1.0,1,2.0,3,2.0,2021,5,8,45.0,124.0,4.920836626027782,911111.1111111111,0
5239,397810,16.0,1,2.6,2,3.0,1984,7,9,64.0,34.0,0.7423030728583601,406250.0,0
5240,535220,2.0,1,2.8,3,2.0,2012,9,9,88.0,143.0,7.340966719716578,443181.8181818182,0
5241,646680,2.0,1,2.85,4,2.0,2026,2,6,2.0,220.0,4.845415142302199,22900000.0,0
5242,891050,2.0,2,2.0,3,2.0,2024,1,20,2.0,64.0,0.9992119875254819,27750000.0,0
5243,638400,2.0,1,2.8,2,1.0,1989,3,5,33.0,294.0,13.866937057918724,803030.303030303,0
5244,919700,2.0,1,2.7,4,2.0,2014,14,17,7.0,199.0,1.666404710523084,12142857.142857144,0
5245,642330,1.0,1,2.7,5,2.0,2018,7,9,4.0,101.0,2.7419731433605445,12500000.0,0
5246,834890,2.0,1,2.75,1,2.0,2018,6,12,29.0,180.0,4.255616012620732,965517.2413793104,0
5247,602080,1.0,1,2.0,3,1.0,2026,7,9,9.0,30.0,7.778576254631052,2333333.3333333335,0
5248,484670,1.0,1,2.7,3,1.0,2010,7,12,67.0,231.0,5.441133375389655,507462.6865671642,0
5249,683720,2.0,1,2.0,3,4.0,2023,1,9,57.0,76.0,11.685806278088576,596491.2280701754,0
5250,689690,2.0,1,2.0,4,3.0,1986,4,5,67.0,176.0,3.428709391892377,656567.1641791045,0
5251,683460,1.0,1,2.0,3,2.0,2026,5,12,6.0,81.0,5.709359977843119,4083333.3333333335,0
5252,683460,1.0,1,2.0,3,2.0,2026,2,9,71.0,166.0,5.1469509809552445,285915.4929577465,0
5253,649480,2.0,1,2.7,4,2.0,2022,6,10,2.0,140.0,7.986806323599715,22500000.0,0
5254,688930,2.0,2,2.7,4,2.0,2024,2,12,87.0,131.0,7.5295421967706515,770114.9425287356,0
5255,612220,2.0,1,2.8,1,2.0,2006,9,9,4.0,84.0,3.993196078472101,16750000.0,0
5256,656330,1.0,1,2.0,3,2.0,2016,4,8,5.0,301.0,3.531157399305954,9180000.0,0
5257,852790,2.0,1,2.0,3,4.0,2024,2,10,60.0,274.0,3.1025223229295644,1025000.0,0
5258,709400,2.0,1,2.7,3,2.0,2019,5,6,76.0,297.0,7.565970051220574,480263.15789473685,0
5259,867340,2.0,1,2.0,4,2.0,2021,16,21,55.0,92.0,5.4038409685381525,1490909.0909090908,0
5260,641580,1.0,1,2.0,1,1.0,2020,5,12,97.0,142.0,4.1749308336517235,634587.6288659794,0
5261,403700,14.0,1,2.5,3,2.0,1990,5,10,65.0,1.0,0.24405931955805568,400000.0,0
5262,695750,1.0,2,2.0,1,2.0,2020,10,12,73.0,33.0,3.05099914251934,616438.3561643836,0
5263,582700,1.0,1,2.0,4,1.0,2021,9,9,62.0,38.0,6.33032178330907,556451.6129032258,0
5264,658130,2.0,1,2.0,3,1.0,1966,2,2,7.0,98.0,4.173724895226715,3857142.8571428573,0
5265,640650,2.0,1,2.85,3,2.0,2022,6,7,5.0,23.0,14.365264082092699,11600000.0,0
5266,748300,1.0,1,2.0,3,2.0,2026,9,14,45.0,125.0,3.3208501308235028,877777.7777777778,0
5267,562420,1.0,1,2.0,3,2.0,2025,9,16,13.0,188.0,4.916432672501481,2215384.6153846155,0
5268,650160,1.0,1,2.0,3,1.0,2025,3,12,40.0,151.0,5.3045922231767335,874750.0,0
5269,881790,2.0,2,2.0,3,2.0,2023,14,15,88.0,137.0,3.7342650703517886,998863.6363636364,0
5270,603680,1.0,1,2.7,4,3.0,2025,6,14,5.0,10.0,5.272450280902544,5200000.0,0
5271,943300,2.0,1,2.0,3,3.0,1985,1,5,31.0,242.0,6.073799658516063,1451612.9032258065,0
5272,638950,1.0,1,2.9,4,2.0,2022,14,14,5.0,19.0,4.767642517867819,8500000.0,0
5273,689440,1.0,1,2.8,3,2.0,2018,5,18,44.0,69.0,0.6906534695266793,931818.1818181818,0
5274,638950,1.0,1,2.9,4,2.0,2022,14,15,80.0,23.0,6.250120826028183,562499.9875,0
5275,866770,2.0,1,2.8,3,2.0,2025,9,9,8.0,144.0,1.9763017758173294,6625000.0,0
5276,626740,2.0,1,2.7,4,2.0,2022,3,7,3.0,129.0,4.883834219983787,10333333.333333334,0
5277,696410,2.0,1,2.0,3,2.0,2026,5,12,38.0,269.0,8.04814290203791,907894.7368421053,0
5278,590670,2.0,2,2.7,3,2.0,2016,11,12,7.0,39.0,4.967629424189961,5071428.571428572,0
5279,901350,2.0,1,2.7,3,2.0,2023,8,18,1.0,268.0,2.848348379070459,55000000.0,0
5280,901350,2.0,2,2.0,3,2.0,2023,10,21,101.0,286.0,0.9352795535296227,752475.2475247525,0
5281,630330,2.0,1,2.7,4,2.0,2024,8,12,51.0,278.0,5.904387131323835,813725.4901960784,0
5282,943440,2.0,1,2.95,4,2.0,2016,13,16,4.0,107.0,4.294909850769185,15000000.0,0
5283,802920,1.0,2,2.7,4,2.0,2021,3,12,102.0,270.0,4.248365529872005,843137.2549019608,0
5284,663570,2.0,1,2.0,3,2.0,2025,6,12,9.0,95.0,6.260950947813883,3194444.4444444445,0
5285,741660,1.0,1,2.0,4,2.0,2025,17,18,41.0,205.0,1.3723090476686457,1219512.1951219512,0
5286,899930,2.0,2,2.8,4,2.0,2021,11,12,100.0,168.0,1.8167328100756384,990000.0,0
5287,819730,2.0,2,2.0,3,2.0,2022,7,10,84.0,266.0,3.1025223229295644,869047.619047619,0
5288,603090,2.0,1,2.5,2,1.0,1965,2,2,7.0,332.0,9.851917330349771,2857142.8571428573,0
5289,712940,2.0,1,2.0,4,2.0,2025,8,12,5.0,83.0,6.274976869292441,9800000.0,0
5290,891780,2.0,1,2.0,4,2.0,2022,13,20,2.0,236.0,4.2944968271133765,25000000.0,0
5291,874480,2.0,2,2.0,1,4.0,2020,7,32,86.0,319.0,5.984772004618482,1220930.2325581396,0
5292,843810,2.0,1,2.0,3,2.0,2009,12,13,86.0,57.0,3.4000698956445823,860465.1162790698,0
5293,881850,2.0,1,2.8,3,3.0,1984,5,5,5.0,193.0,5.1779274279087,6400000.0,0
5294,865480,2.0,1,2.0,4,2.0,2025,8,13,46.0,28.0,1.3011690464021424,880434.7826086957,0
5295,675730,1.0,2,2.0,4,1.0,2025,3,9,9.0,205.0,2.090900353332843,7000000.0,0
5296,602080,1.0,1,2.0,3,1.0,2026,11,12,61.0,298.0,5.497906968886923,434426.2295081967,0
5297,666630,2.0,1,2.8,4,2.0,2025,3,9,52.0,249.0,5.324424979754927,500000.0,0
5298,803430,1.0,1,2.65,4,2.0,2026,9,9,9.0,150.0,5.945281988537409,3888888.888888889,0
5299,856720,2.0,2,2.0,4,1.0,2022,3,3,300.0,74.0,8.426539916540476,966666.6666666666,0
5300,634650,1.0,1,2.7,4,2.0,2023,4,17,53.0,91.0,7.999720856180858,566037.7358490566,0
5301,404520,9.0,1,2.5,2,1.0,1963,1,5,7.0,0.0,3.7724593066889773,1571428.5714285714,0
5302,659440,2.0,1,2.8,4,3.0,2023,11,13,50.0,845.0,3.9546202525462153,1160000.0,0
5303,802920,1.0,2,2.7,4,2.0,2021,3,12,102.0,270.0,4.248365529872005,843137.2549019608,0
5304,663570,2.0,1,2.0,3,2.0,2025,6,12,9.0,96.0,6.260950947813883,3194444.4444444445,0
5305,741660,1.0,1,2.0,4,2.0,2025,17,18,41.0,205.0,1.3723090476686457,1219512.1951219512,0
5306,899930,2.0,2,2.8,4,2.0,2021,11,12,100.0,168.0,1.8167328100756384,990000.0,0
5307,819730,2.0,2,2.0,3,2.0,2022,7,10,84.0,266.0,3.1025223229295644,869047.619047619,0
5308,603090,2.0,1,2.5,2,1.0,1965,2,2,7.0,333.0,9.851917330349771,2857142.8571428573,0
5309,712940,2.0,1,2.0,4,2.0,2025,8,12,5.0,83.0,6.274976869292441,9800000.0,0
5310,891780,2.0,1,2.0,4,2.0,2022,13,20,2.0,236.0,4.2944968271133765,25000000.0,0
5311,874480,2.0,2,2.0,1,4.0,2020,7,32,86.0,319.0,5.984772004618482,1220930.2325581396,0
5312,843810,2.0,1,2.0,3,2.0,2009,12,13,86.0,57.0,3.4000698956445823,860465.1162790698,0
5313,881850,2.0,1,2.8,3,3.0,1984,5,5,5.0,193.0,5.1779274279087,6400000.0,0
5314,634450,1.0,1,2.7,3,1.0,2021,2,9,39.0,93.0,5.7820037417099925,561538.4615384615,0
5315,610650,2.0,1,2.0,3,1.0,1967,1,2,7.0,137.0,15.34857502361006,4071428.5714285714,0
5316,475410,1.0,2,3.2,4,1.0,2017,20,20,111.0,77.0,4.137841009632381,765765.7657657658,0
5317,875210,2.0,1,2.0,3,2.0,2024,2,3,46.0,904.0,7.252308218895089,956522.5652173914,0
5318,799710,1.0,2,2.0,3,1.0,2022,1,10,5.0,215.0,1.6235514409949232,15000000.0,0
5319,537110,2.0,1,2.0,3,2.0,2015,2,5,78.0,74.0,5.930856607390173,602564.1025641026,0
5320,896410,2.0,1,2.0,2,2.0,2025,9,9,5.0,279.0,3.0454453631565617,6600000.0,0
5321,907820,2.0,1,2.8,1,1.0,1988,1,5,8.0,241.0,2.679500758191701,6875000.0,0
5322,724360,2.0,1,2.0,4,3.0,2022,18,20,56.0,191.0,0.9615638724651412,892857.1428571428,0
5323,677680,1.0,1,2.0,3,2.0,2025,9,12,39.0,64.0,3.516116376061973,679487.1794871795,0
5324,951650,2.0,1,2.0,3,2.0,2026,6,9,8.0,253.0,2.4978099470365054,5250000.0,0
5325,506540,1.0,1,2.5,4,1.0,2016,1,6,6.0,131.0,6.105543955114505,5833333.333333333,0
5326,904340,2.0,1,2.0,3,1.0,2008,3,5,86.0,11.0,8.292021242576316,645348.8372093023,0
5327,881790,2.0,1,2.7,4,2.0,2023,4,16,8.0,73.0,3.015269496267658,6375000.0,0
5328,696410,2.0,1,2.7,3,2.0,2026,6,9,6.0,107.0,7.955613513964321,3800000.0,0
5329,829730,1.0,2,2.0,3,2.0,2023,3,23,96.0,18.0,4.454555385963799,1244791.6666666667,0
5330,896410,2.0,1,2.0,3,2.0,2025,4,9,27.0,252.0,3.0528143389612783,1129629.6296296297,0
5331,649480,2.0,1,2.8,3,2.0,2023,2,3,47.0,82.0,10.080953353229043,615744.6808510638,0
5332,694650,2.0,1,2.7,4,2.0,2025,4,9,5.0,290.0,8.297159076567166,5200000.0,0
5333,631060,2.0,1,2.85,3,2.0,2025,12,12,3.0,233.0,5.653268381984371,13833333.333333334,0
5334,683460,1.0,1,3.3,3,2.0,2026,14,15,47.0,182.0,2.6295278925394703,691489.3617021276,0
5335,649480,2.0,2,2.7,4,2.0,2023,2,10,7.0,275.0,8.265332091468176,7142857.142857143,0
5336,906700,2.0,2,2.0,1,1.0,2010,3,4,5.0,177.0,8.864668241391907,15940000.0,0
5337,735090,2.0,2,2.7,4,2.0,2022,5,13,90.0,22.0,7.70205922530905,766666.6666666666,0
5338,374520,12.0,2,2.7,4,1.0,2014,4,9,126.0,6818.0,1.1551591114578241,380952.38095238095,0
5339,716190,1.0,1,2.0,3,4.0,2025,7,9,2.0,63.0,5.094197572150791,18250000.0,0
5340,804620,1.0,1,2.0,3,2.0,2025,3,6,70.0,210.0,3.290020445378648,698571.4285714285,0
5341,881790,2.0,1,2.0,3,2.0,2023,4,20,47.0,486.0,5.2119595118004876,1244680.8510638298,0
5342,691050,2.0,1,2.8,1,3.0,1982,1,5,5.0,176.0,3.8749673065582915,4900000.0,0
5343,675730,1.0,2,2.7,3,1.0,2025,2,9,79.0,1833.0,3.375589866904859,600000.0,0
5344,940030,2.0,1,2.0,4,2.0,2025,5,9,2.0,71.0,5.07185480613124,28000000.0,0
5345,630330,2.0,1,2.7,4,2.0,2024,8,12,51.0,280.0,5.904387131323835,813725.4901960784,0
5346,544240,2.0,1,2.0,3,1.0,1965,1,3,42.0,290.0,14.536081125317816,642857.1428571428,0
5347,630330,2.0,1,2.0,3,2.0,2024,3,5,47.0,202.0,6.859346137283466,500000.0,0
5348,545600,1.0,1,2.7,3,1.0,2024,9,12,57.0,219.0,6.841659340742876,596491.2280701754,0
5349,829730,1.0,1,2.75,3,2.0,2023,9,10,71.0,53.0,2.7498765899367257,830985.9154929577,0
5350,621350,2.0,1,2.0,4,2.0,2022,5,8,8.0,50.0,8.603736309862212,3050000.0,0
5351,617570,1.0,1,3.15,3,2.0,2025,14,18,8.0,280.0,3.0472176870201477,5437500.0,0
5352,719730,1.0,1,2.7,3,2.0,2021,4,17,5.0,541.0,1.0784840576246488,6100000.0,0
5353,336780,13.0,1,2.0,1,1.0,2017,6,6,6.0,742.0,2.354208922066621,2866666.6666666665,0
5354,677680,1.0,1,2.0,3,2.0,2025,11,16,39.0,20.0,4.551846880820805,653846.1538461539,0
5355,648950,1.0,1,2.7,1,2.0,2020,7,8,45.0,243.0,3.423916832166771,644444.4444444445,0
5356,650160,1.0,1,2.0,3,1.0,2025,7,9,67.0,287.0,3.0344796536282757,641641.7910447761,0
5357,868750,2.0,1,2.0,1,2.0,2022,2,17,4.0,152.0,3.2074358705584376,17750000.0,0
5358,630330,2.0,1,2.0,3,2.0,2024,5,12,42.0,218.0,1.8800062239945563,809523.8095238095,0
5359,711630,1.0,1,2.0,4,2.0,2020,8,14,3.0,3.0,4.631882222185524,11633333.333333334,0
5360,630560,2.0,1,2.8,4,3.0,1967,1,4,2.0,248.0,1.8681380488288575,18250000.0,0
5361,851280,1.0,2,2.0,3,2.0,2025,5,8,7.0,91.0,3.083880540176197,8267142.857142857,0
5362,711630,1.0,1,2.0,3,2.0,2020,15,17,39.0,20.0,3.165173526301892,961538.4615384615,0
5363,866770,2.0,1,2.7,3,2.0,2025,8,16,46.0,23.0,2.786625295539052,782608.695652174,0
5364,625780,2.0,1,3.2,4,2.0,2023,1,9,8.0,44.0,5.231874933811848,3625000.0,0
5365,621350,2.0,1,2.0,4,2.0,2023,4,8,37.0,112.0,8.625310519192565,618918.9189189189,0
5366,555050,1.0,2,3.2,3,2.0,2010,3,10,144.0,244.0,1.4369525940053716,527777.7777777778,0
5367,551600,2.0,1,2.8,3,2.0,2017,7,9,82.0,104.0,5.814514876802696,493902.43902439025,0
5368,632980,2.0,1,2.0,3,3.0,2006,5,5,7.0,55.0,7.8443724123103244,3785714.285714286,0
5369,803970,2.0,1,2.7,1,1.0,1978,4,4,9.0,168.0,3.396928336026602,3333333.3333333335,0
5370,881700,2.0,1,2.7,3,4.0,2023,8,16,8.0,95.0,2.9633406702001426,5337500.0,0
5371,649480,2.0,1,2.7,4,2.0,2023,1,10,9.0,171.0,7.913136231125804,5111111.111111111,0
5372,506540,1.0,2,2.0,4,1.0,2016,8,9,180.0,307.0,4.139032637096185,527777.7777777778,0
5373,795740,1.0,1,2.0,2,2.0,2024,15,17,67.0,114.0,2.7159231873304814,714925.3731343284,0
5374,813690,1.0,2,2.0,4,2.0,2022,10,12,96.0,242.0,2.65950277384234,880208.3333333334,0
5375,376560,6.0,1,2.7,3,1.0,2018,5,9,7.0,0.0,0.3538935662508187,3857142.8571428573,0
5376,735460,2.0,1,2.8,1,2.0,2011,8,20,75.0,0.0,0.13226425491046037,606666.6666666666,0
5377,647440,2.0,1,2.7,4,2.0,2016,7,15,5.0,35.0,0.9801676325900974,10000000.0,0
5378,361540,5.0,1,2.5,3,3.0,1986,4,5,53.0,4.0,6.662169816723722,415094.3396226415,0
5379,950160,2.0,2,2.0,1,2.0,2017,11,18,95.0,43.0,1.7355699763257288,734736.8421052631,0
5380,759910,1.0,1,2.0,1,2.0,2021,5,10,79.0,270.0,4.3588973827874655,645569.6202531646,0
5381,459540,1.0,1,2.7,4,1.0,2011,1,5,55.0,318.0,5.584799306191954,434545.45454545453,0
5382,617080,2.0,1,2.0,4,2.0,2017,4,5,31.0,201.0,8.860496163380406,709677.4193548387,0
5383,665170,2.0,1,2.8,4,3.0,1987,5,5,53.0,146.0,13.178993174381228,660377.358490566,0
5384,839370,2.0,1,2.8,4,3.0,2001,1,5,2.0,12.0,4.053793788716907,20500000.0,0
5385,602080,1.0,1,2.0,3,1.0,2026,8,12,15.0,21.0,5.125661858064457,1633333.3333333333,0
5386,739020,2.0,1,2.8,3,2.0,2012,11,16,6.0,284.0,7.05338712426314,7500000.0,0
5387,791200,2.0,1,2.8,4,3.0,1988,3,9,71.0,270.0,4.974675651151679,1028169.014084507,0
5388,866770,2.0,1,2.0,3,2.0,2025,8,12,9.0,270.0,1.7188324123480168,7277777.777777778,0
5389,879730,2.0,1,2.0,5,4.0,2026,2,6,91.0,256.0,11.880228047768634,423076.92307692306,0
5390,709400,2.0,1,2.7,3,2.0,2019,10,10,86.0,77.0,7.586663268294641,662790.6976744186,0
5391,884420,2.0,2,2.7,5,4.0,2025,13,14,7.0,76.0,2.622470640083376,11428571.42857143,0
5392,834890,2.0,1,2.85,3,2.0,2018,10,13,42.0,139.0,1.615693483073379,904761.9047619047,0
5393,695750,1.0,1,2.7,3,2.0,2020,7,13,45.0,273.0,2.6702431104830215,615555.5555555555,0
5394,711630,1.0,1,2.0,4,2.0,2020,8,14,3.0,3.0,4.631882222185524,11633333.333333334,0
5395,992170,2.0,2,2.8,4,2.0,2019,12,16,80.0,296.0,3.7620160500839797,1112500.0,0
5396,679300,2.0,1,2.0,3,2.0,2020,4,9,27.0,24.0,10.677254652058597,740740.7407407408,0
5397,802230,2.0,1,2.7,4,1.0,1984,5,5,56.0,56.0,6.859059555725507,991071.4285714285,0
5398,607750,2.0,1,2.64,3,2.0,2017,11,12,8.0,72.0,4.606888552632006,4750000.0,0
5399,872270,2.0,1,2.7,4,1.0,1970,4,4,8.0,189.0,2.443505072949673,8562500.0,0
5400,720790,1.0,2,2.7,3,2.0,2019,16,18,67.0,102.0,3.4399534524452977,626865.671641791,0
5401,590070,1.0,1,2.0,3,1.0,2023,6,9,2.0,144.0,1.9705683089297314,12000000.0,0
5402,742470,1.0,1,2.85,3,2.0,2025,4,9,5.0,35.0,7.157049242884482,4800000.0,0
5403,592690,2.0,1,2.75,3,2.0,2019,3,5,63.0,276.0,9.19364673561372,539682.5396825396,0
5404,770320,1.0,1,2.0,3,2.0,2022,16,18,64.0,77.0,3.162229110689771,695312.5,0
5405,623230,1.0,1,2.7,1,2.0,2014,10,12,75.0,308.0,1.0950017777799825,606666.6666666666,0
5406,559580,2.0,1,2.8,3,4.0,2014,1,5,60.0,184.0,5.922659409672607,516666.6666666667,0
5407,658210,1.0,1,2.0,3,2.0,2024,6,16,69.0,88.0,3.589596477861319,913043.3333333334,0
5408,649480,2.0,1,2.7,4,2.0,2023,1,3,47.0,95.0,9.994604111650196,680851.0638297872,0
5409,891050,2.0,1,3.3,3,2.0,2024,2,3,6.0,102.0,8.517608239738811,13333333.333333334,0
5410,812770,1.0,2,2.0,3,2.0,2026,7,9,5.0,124.0,2.5656107858254056,12400000.0,0
